i:ID,i:DID,s:AutoQuest Type,s:AutoQuest Title,s:AutoQuest Description,i:Num Dialogs,s:Intro Dialog 1,s:Outro Dialog 1,s:Intro Dialog 2,s:Outro Dialog 2,s:Intro Dialog 3,s:Outro Dialog 3,s:Intro Dialog 4,s:Outro Dialog 4,s:Intro Dialog 5,s:Outro Dialog 5,s:Intro Dialog 6,s:Outro Dialog 6,s:Intro Dialog 7,s:Outro Dialog 7,s:Intro Dialog 8,s:Outro Dialog 8,s:Intro Dialog 9,s:Outro Dialog 9,s:Intro Dialog 10,s:Outro Dialog 10,s:Intro Dialog 11,s:Outro Dialog 11,s:Intro Dialog 12,s:Outro Dialog 12,s:Intro Dialog 13,s:Outro Dialog 13,s:Intro Dialog 14,s:Outro Dialog 14,s:Intro Dialog 15,s:Outro Dialog 15,s:Intro Dialog 16,s:Outro Dialog 16,s:Intro Dialog 17,s:Outro Dialog 17,s:Intro Dialog 18,s:Outro Dialog 18,s:Intro Dialog 19,s:Outro Dialog 19,s:Intro Dialog 20,s:Outro Dialog 20,s:Intro Dialog 21,s:Outro Dialog 21,s:Intro Dialog 22,s:Outro Dialog 22,s:Intro Dialog 23,s:Outro Dialog 23,s:Intro Dialog 24,s:Outro Dialog 24,s:Intro Dialog 25,s:Outro Dialog 25,s:Intro Dialog 26,s:Outro Dialog 26,s:Intro Dialog 27,s:Outro Dialog 27,s:Intro Dialog 28,s:Outro Dialog 28,s:Intro Dialog 29,s:Outro Dialog 29,s:Intro Dialog 30,s:Outro Dialog 30
,,,,,,MRKRABS_INTRO,MRKRABS_OUTRO,SPONGEBOB_INTRO,SPONGEBOB_OUTRO,DAVE_INTRO,DAVE_OUTRO,BILL_INTRO,BILL_OUTRO,JUDY_INTRO,JUDY_OUTRO,POLICEFISH_INTRO,POLICEFISH_OUTRO,SQUIDWARD_INTRO,SQUIDWARD_OUTRO,GENE_INTRO,GENE_OUTRO,PEARLKRABS_INTRO,PEARLKRABS_OUTRO,FRANK_INTRO,FRANK_OUTRO,MARTHA_INTRO,MARTHA_OUTRO,MRSPUFF_INTRO,MRSPUFF_OUTRO,TOMMY_INTRO,TOMMY_OUTRO,JOHN_INTRO,JOHN_OUTRO,SANDY_INTRO,SANDY_OUTRO,BARNACLEBOY_INTRO,BARNACLEBOY_OUTRO,LARRY_INTRO,LARRY_OUTRO,HARRY_INTRO,HARRY_OUTRO,SUSIE_INTRO,SUSIE_OUTRO,MANRAY_INTRO,MANRAY_OUTRO,TYLER_INTRO,TYLER_OUTRO,SQUILLIAM_INTRO,SQUILLIAM_OUTRO,REG_INTRO,REG_OUTRO,SOPHIE_INTRO,SOPHIE_OUTRO,PATRICK_INTRO,PATRICK_OUTRO,LENNY_INTRO,LENNY_OUTRO,MERMAN_INTRO,MERMAN_OUTRO,KEVIN_INTRO,KEVIN_OUTRO,NEPTUNE_INTRO,NEPTUNE_OUTRO,BOB_INTRO,BOB_OUTRO
1,1,Heart Attack,!!AUTOQUEST_HEARTATTACK_TITLE,!!AUTOQUEST_HEARTATTACK_DESC,30,!!AUTOQUEST_HEARTATTACK_MRKRABS_INTRO,!!AUTOQUEST_HEARTATTACK_MRKRABS_OUTRO,!!AUTOQUEST_HEARTATTACK_SPONGEBOB_INTRO,!!AUTOQUEST_HEARTATTACK_SPONGEBOB_OUTRO,!!AUTOQUEST_HEARTATTACK_DAVE_INTRO,!!AUTOQUEST_HEARTATTACK_DAVE_OUTRO,!!AUTOQUEST_HEARTATTACK_BILL_INTRO,!!AUTOQUEST_HEARTATTACK_BILL_OUTRO,!!AUTOQUEST_HEARTATTACK_JUDY_INTRO,!!AUTOQUEST_HEARTATTACK_JUDY_OUTRO,!!AUTOQUEST_HEARTATTACK_POLICEFISH_INTRO,!!AUTOQUEST_HEARTATTACK_POLICEFISH_OUTRO,!!AUTOQUEST_HEARTATTACK_SQUIDWARD_INTRO,!!AUTOQUEST_HEARTATTACK_SQUIDWARD_OUTRO,!!AUTOQUEST_HEARTATTACK_GENE_INTRO,!!AUTOQUEST_HEARTATTACK_GENE_OUTRO,!!AUTOQUEST_HEARTATTACK_PEARLKRABS_INTRO,!!AUTOQUEST_HEARTATTACK_PEARLKRABS_OUTRO,!!AUTOQUEST_HEARTATTACK_FRANK_INTRO,!!AUTOQUEST_HEARTATTACK_FRANK_OUTRO,!!AUTOQUEST_HEARTATTACK_MARTHA_INTRO,!!AUTOQUEST_HEARTATTACK_MARTHA_OUTRO,!!AUTOQUEST_HEARTATTACK_MRSPUFF_INTRO,!!AUTOQUEST_HEARTATTACK_MRSPUFF_OUTRO,!!AUTOQUEST_HEARTATTACK_TOMMY_INTRO,!!AUTOQUEST_HEARTATTACK_TOMMY_OUTRO,!!AUTOQUEST_HEARTATTACK_JOHN_INTRO,!!AUTOQUEST_HEARTATTACK_JOHN_OUTRO,!!AUTOQUEST_HEARTATTACK_SANDY_INTRO,!!AUTOQUEST_HEARTATTACK_SANDY_OUTRO,!!AUTOQUEST_HEARTATTACK_BARNACLEBOY_INTRO,!!AUTOQUEST_HEARTATTACK_BARNACLEBOY_OUTRO,!!AUTOQUEST_HEARTATTACK_LARRY_INTRO,!!AUTOQUEST_HEARTATTACK_LARRY_OUTRO,!!AUTOQUEST_HEARTATTACK_HARRY_INTRO,!!AUTOQUEST_HEARTATTACK_HARRY_OUTRO,!!AUTOQUEST_HEARTATTACK_SUSIE_INTRO,!!AUTOQUEST_HEARTATTACK_SUSIE_OUTRO,!!AUTOQUEST_HEARTATTACK_MANRAY_INTRO,!!AUTOQUEST_HEARTATTACK_MANRAY_OUTRO,!!AUTOQUEST_HEARTATTACK_TYLER_INTRO,!!AUTOQUEST_HEARTATTACK_TYLER_OUTRO,!!AUTOQUEST_HEARTATTACK_SQUILLIAM_INTRO,!!AUTOQUEST_HEARTATTACK_SQUILLIAM_OUTRO,!!AUTOQUEST_HEARTATTACK_REG_INTRO,!!AUTOQUEST_HEARTATTACK_REG_OUTRO,!!AUTOQUEST_HEARTATTACK_SOPHIE_INTRO,!!AUTOQUEST_HEARTATTACK_SOPHIE_OUTRO,!!AUTOQUEST_HEARTATTACK_PATRICK_INTRO,!!AUTOQUEST_HEARTATTACK_PATRICK_OUTRO,!!AUTOQUEST_HEARTATTACK_LENNY_INTRO,!!AUTOQUEST_HEARTATTACK_LENNY_OUTRO,!!AUTOQUEST_HEARTATTACK_MERMAN_INTRO,!!AUTOQUEST_HEARTATTACK_MERMAN_OUTRO,!!AUTOQUEST_HEARTATTACK_KEVIN_INTRO,!!AUTOQUEST_HEARTATTACK_KEVIN_OUTRO,!!AUTOQUEST_HEARTATTACK_NEPTUNE_INTRO,!!AUTOQUEST_HEARTATTACK_NEPTUNE_OUTRO,!!AUTOQUEST_HEARTATTACK_BOB_INTRO,!!AUTOQUEST_HEARTATTACK_BOB_OUTRO
2,2,7 A Day,!!AUTOQUEST_7ADAY_TITLE,!!AUTOQUEST_7ADAY_DESC,-1,!!AUTOQUEST_7ADAY_MRKRABS_INTRO,!!AUTOQUEST_7ADAY_MRKRABS_OUTRO,!!AUTOQUEST_7ADAY_SPONGEBOB_INTRO,!!AUTOQUEST_7ADAY_SPONGEBOB_OUTRO,!!AUTOQUEST_7ADAY_DAVE_INTRO,!!AUTOQUEST_7ADAY_DAVE_OUTRO,!!AUTOQUEST_7ADAY_BILL_INTRO,!!AUTOQUEST_7ADAY_BILL_OUTRO,!!AUTOQUEST_7ADAY_JUDY_INTRO,!!AUTOQUEST_7ADAY_JUDY_OUTRO,!!AUTOQUEST_7ADAY_POLICEFISH_INTRO,!!AUTOQUEST_7ADAY_POLICEFISH_OUTRO,!!AUTOQUEST_7ADAY_SQUIDWARD_INTRO,!!AUTOQUEST_7ADAY_SQUIDWARD_OUTRO,!!AUTOQUEST_7ADAY_GENE_INTRO,!!AUTOQUEST_7ADAY_GENE_OUTRO,!!AUTOQUEST_7ADAY_PEARLKRABS_INTRO,!!AUTOQUEST_7ADAY_PEARLKRABS_OUTRO,!!AUTOQUEST_7ADAY_FRANK_INTRO,!!AUTOQUEST_7ADAY_FRANK_OUTRO,!!AUTOQUEST_7ADAY_MARTHA_INTRO,!!AUTOQUEST_7ADAY_MARTHA_OUTRO,!!AUTOQUEST_7ADAY_MRSPUFF_INTRO,!!AUTOQUEST_7ADAY_MRSPUFF_OUTRO,!!AUTOQUEST_7ADAY_TOMMY_INTRO,!!AUTOQUEST_7ADAY_TOMMY_OUTRO,!!AUTOQUEST_7ADAY_JOHN_INTRO,!!AUTOQUEST_7ADAY_JOHN_OUTRO,!!AUTOQUEST_7ADAY_SANDY_INTRO,!!AUTOQUEST_7ADAY_SANDY_OUTRO,!!AUTOQUEST_7ADAY_BARNACLEBOY_INTRO,!!AUTOQUEST_7ADAY_BARNACLEBOY_OUTRO,!!AUTOQUEST_7ADAY_LARRY_INTRO,!!AUTOQUEST_7ADAY_LARRY_OUTRO,!!AUTOQUEST_7ADAY_HARRY_INTRO,!!AUTOQUEST_7ADAY_HARRY_OUTRO,!!AUTOQUEST_7ADAY_SUSIE_INTRO,!!AUTOQUEST_7ADAY_SUSIE_OUTRO,!!AUTOQUEST_7ADAY_MANRAY_INTRO,!!AUTOQUEST_7ADAY_MANRAY_OUTRO,!!AUTOQUEST_7ADAY_TYLER_INTRO,!!AUTOQUEST_7ADAY_TYLER_OUTRO,!!AUTOQUEST_7ADAY_SQUILLIAM_INTRO,!!AUTOQUEST_7ADAY_SQUILLIAM_OUTRO,!!AUTOQUEST_7ADAY_REG_INTRO,!!AUTOQUEST_7ADAY_REG_OUTRO,!!AUTOQUEST_7ADAY_SOPHIE_INTRO,!!AUTOQUEST_7ADAY_SOPHIE_OUTRO,!!AUTOQUEST_7ADAY_PATRICK_INTRO,!!AUTOQUEST_7ADAY_PATRICK_OUTRO,!!AUTOQUEST_7ADAY_LENNY_INTRO,!!AUTOQUEST_7ADAY_LENNY_OUTRO,!!AUTOQUEST_7ADAY_MERMAN_INTRO,!!AUTOQUEST_7ADAY_MERMAN_OUTRO,!!AUTOQUEST_7ADAY_KEVIN_INTRO,!!AUTOQUEST_7ADAY_KEVIN_OUTRO,!!AUTOQUEST_7ADAY_NEPTUNE_INTRO,!!AUTOQUEST_7ADAY_NEPTUNE_OUTRO,!!AUTOQUEST_7ADAY_BOB_INTRO,!!AUTOQUEST_7ADAY_BOB_OUTRO
3,3,Shopping List,!!AUTOQUEST_SHOPPINGLIST_TITLE,!!AUTOQUEST_SHOPPINGLIST_DESC,-1,!!AUTOQUEST_SHOPPINGLIST_MRKRABS_INTRO,!!AUTOQUEST_SHOPPINGLIST_MRKRABS_OUTRO,!!AUTOQUEST_SHOPPINGLIST_SPONGEBOB_INTRO,!!AUTOQUEST_SHOPPINGLIST_SPONGEBOB_OUTRO,!!AUTOQUEST_SHOPPINGLIST_DAVE_INTRO,!!AUTOQUEST_SHOPPINGLIST_DAVE_OUTRO,!!AUTOQUEST_SHOPPINGLIST_BILL_INTRO,!!AUTOQUEST_SHOPPINGLIST_BILL_OUTRO,!!AUTOQUEST_SHOPPINGLIST_JUDY_INTRO,!!AUTOQUEST_SHOPPINGLIST_JUDY_OUTRO,!!AUTOQUEST_SHOPPINGLIST_POLICEFISH_INTRO,!!AUTOQUEST_SHOPPINGLIST_POLICEFISH_OUTRO,!!AUTOQUEST_SHOPPINGLIST_SQUIDWARD_INTRO,!!AUTOQUEST_SHOPPINGLIST_SQUIDWARD_OUTRO,!!AUTOQUEST_SHOPPINGLIST_GENE_INTRO,!!AUTOQUEST_SHOPPINGLIST_GENE_OUTRO,!!AUTOQUEST_SHOPPINGLIST_PEARLKRABS_INTRO,!!AUTOQUEST_SHOPPINGLIST_PEARLKRABS_OUTRO,!!AUTOQUEST_SHOPPINGLIST_FRANK_INTRO,!!AUTOQUEST_SHOPPINGLIST_FRANK_OUTRO,!!AUTOQUEST_SHOPPINGLIST_MARTHA_INTRO,!!AUTOQUEST_SHOPPINGLIST_MARTHA_OUTRO,!!AUTOQUEST_SHOPPINGLIST_MRSPUFF_INTRO,!!AUTOQUEST_SHOPPINGLIST_MRSPUFF_OUTRO,!!AUTOQUEST_SHOPPINGLIST_TOMMY_INTRO,!!AUTOQUEST_SHOPPINGLIST_TOMMY_OUTRO,!!AUTOQUEST_SHOPPINGLIST_JOHN_INTRO,!!AUTOQUEST_SHOPPINGLIST_JOHN_OUTRO,!!AUTOQUEST_SHOPPINGLIST_SANDY_INTRO,!!AUTOQUEST_SHOPPINGLIST_SANDY_OUTRO,!!AUTOQUEST_SHOPPINGLIST_BARNACLEBOY_INTRO,!!AUTOQUEST_SHOPPINGLIST_BARNACLEBOY_OUTRO,!!AUTOQUEST_SHOPPINGLIST_LARRY_INTRO,!!AUTOQUEST_SHOPPINGLIST_LARRY_OUTRO,!!AUTOQUEST_SHOPPINGLIST_HARRY_INTRO,!!AUTOQUEST_SHOPPINGLIST_HARRY_OUTRO,!!AUTOQUEST_SHOPPINGLIST_SUSIE_INTRO,!!AUTOQUEST_SHOPPINGLIST_SUSIE_OUTRO,!!AUTOQUEST_SHOPPINGLIST_MANRAY_INTRO,!!AUTOQUEST_SHOPPINGLIST_MANRAY_OUTRO,!!AUTOQUEST_SHOPPINGLIST_TYLER_INTRO,!!AUTOQUEST_SHOPPINGLIST_TYLER_OUTRO,!!AUTOQUEST_SHOPPINGLIST_SQUILLIAM_INTRO,!!AUTOQUEST_SHOPPINGLIST_SQUILLIAM_OUTRO,!!AUTOQUEST_SHOPPINGLIST_REG_INTRO,!!AUTOQUEST_SHOPPINGLIST_REG_OUTRO,!!AUTOQUEST_SHOPPINGLIST_SOPHIE_INTRO,!!AUTOQUEST_SHOPPINGLIST_SOPHIE_OUTRO,!!AUTOQUEST_SHOPPINGLIST_PATRICK_INTRO,!!AUTOQUEST_SHOPPINGLIST_PATRICK_OUTRO,!!AUTOQUEST_SHOPPINGLIST_LENNY_INTRO,!!AUTOQUEST_SHOPPINGLIST_LENNY_OUTRO,!!AUTOQUEST_SHOPPINGLIST_MERMAN_INTRO,!!AUTOQUEST_SHOPPINGLIST_MERMAN_OUTRO,!!AUTOQUEST_SHOPPINGLIST_KEVIN_INTRO,!!AUTOQUEST_SHOPPINGLIST_KEVIN_OUTRO,!!AUTOQUEST_SHOPPINGLIST_NEPTUNE_INTRO,!!AUTOQUEST_SHOPPINGLIST_NEPTUNE_OUTRO,!!AUTOQUEST_SHOPPINGLIST_BOB_INTRO,!!AUTOQUEST_SHOPPINGLIST_BOB_OUTRO
4,4,Fixing Fixin's,!!AUTOQUEST_FIXINGFIXINS_TITLE,!!AUTOQUEST_FIXINGFIXINS_DESC,-1,!!AUTOQUEST_FIXINGFIXINS_MRKRABS_INTRO,!!AUTOQUEST_FIXINGFIXINS_MRKRABS_OUTRO,!!AUTOQUEST_FIXINGFIXINS_SPONGEBOB_INTRO,!!AUTOQUEST_FIXINGFIXINS_SPONGEBOB_OUTRO,!!AUTOQUEST_FIXINGFIXINS_DAVE_INTRO,!!AUTOQUEST_FIXINGFIXINS_DAVE_OUTRO,!!AUTOQUEST_FIXINGFIXINS_BILL_INTRO,!!AUTOQUEST_FIXINGFIXINS_BILL_OUTRO,!!AUTOQUEST_FIXINGFIXINS_JUDY_INTRO,!!AUTOQUEST_FIXINGFIXINS_JUDY_OUTRO,!!AUTOQUEST_FIXINGFIXINS_POLICEFISH_INTRO,!!AUTOQUEST_FIXINGFIXINS_POLICEFISH_OUTRO,!!AUTOQUEST_FIXINGFIXINS_SQUIDWARD_INTRO,!!AUTOQUEST_FIXINGFIXINS_SQUIDWARD_OUTRO,!!AUTOQUEST_FIXINGFIXINS_GENE_INTRO,!!AUTOQUEST_FIXINGFIXINS_GENE_OUTRO,!!AUTOQUEST_FIXINGFIXINS_PEARLKRABS_INTRO,!!AUTOQUEST_FIXINGFIXINS_PEARLKRABS_OUTRO,!!AUTOQUEST_FIXINGFIXINS_FRANK_INTRO,!!AUTOQUEST_FIXINGFIXINS_FRANK_OUTRO,!!AUTOQUEST_FIXINGFIXINS_MARTHA_INTRO,!!AUTOQUEST_FIXINGFIXINS_MARTHA_OUTRO,!!AUTOQUEST_FIXINGFIXINS_MRSPUFF_INTRO,!!AUTOQUEST_FIXINGFIXINS_MRSPUFF_OUTRO,!!AUTOQUEST_FIXINGFIXINS_TOMMY_INTRO,!!AUTOQUEST_FIXINGFIXINS_TOMMY_OUTRO,!!AUTOQUEST_FIXINGFIXINS_JOHN_INTRO,!!AUTOQUEST_FIXINGFIXINS_JOHN_OUTRO,!!AUTOQUEST_FIXINGFIXINS_SANDY_INTRO,!!AUTOQUEST_FIXINGFIXINS_SANDY_OUTRO,!!AUTOQUEST_FIXINGFIXINS_BARNACLEBOY_INTRO,!!AUTOQUEST_FIXINGFIXINS_BARNACLEBOY_OUTRO,!!AUTOQUEST_FIXINGFIXINS_LARRY_INTRO,!!AUTOQUEST_FIXINGFIXINS_LARRY_OUTRO,!!AUTOQUEST_FIXINGFIXINS_HARRY_INTRO,!!AUTOQUEST_FIXINGFIXINS_HARRY_OUTRO,!!AUTOQUEST_FIXINGFIXINS_SUSIE_INTRO,!!AUTOQUEST_FIXINGFIXINS_SUSIE_OUTRO,!!AUTOQUEST_FIXINGFIXINS_MANRAY_INTRO,!!AUTOQUEST_FIXINGFIXINS_MANRAY_OUTRO,!!AUTOQUEST_FIXINGFIXINS_TYLER_INTRO,!!AUTOQUEST_FIXINGFIXINS_TYLER_OUTRO,!!AUTOQUEST_FIXINGFIXINS_SQUILLIAM_INTRO,!!AUTOQUEST_FIXINGFIXINS_SQUILLIAM_OUTRO,!!AUTOQUEST_FIXINGFIXINS_REG_INTRO,!!AUTOQUEST_FIXINGFIXINS_REG_OUTRO,!!AUTOQUEST_FIXINGFIXINS_SOPHIE_INTRO,!!AUTOQUEST_FIXINGFIXINS_SOPHIE_OUTRO,!!AUTOQUEST_FIXINGFIXINS_PATRICK_INTRO,!!AUTOQUEST_FIXINGFIXINS_PATRICK_OUTRO,!!AUTOQUEST_FIXINGFIXINS_LENNY_INTRO,!!AUTOQUEST_FIXINGFIXINS_LENNY_OUTRO,!!AUTOQUEST_FIXINGFIXINS_MERMAN_INTRO,!!AUTOQUEST_FIXINGFIXINS_MERMAN_OUTRO,!!AUTOQUEST_FIXINGFIXINS_KEVIN_INTRO,!!AUTOQUEST_FIXINGFIXINS_KEVIN_OUTRO,!!AUTOQUEST_FIXINGFIXINS_NEPTUNE_INTRO,!!AUTOQUEST_FIXINGFIXINS_NEPTUNE_OUTRO,!!AUTOQUEST_FIXINGFIXINS_BOB_INTRO,!!AUTOQUEST_FIXINGFIXINS_BOB_OUTRO
5,5,Drinking Lunch,!!AUTOQUEST_DRINKINGLUNCH_TITLE,!!AUTOQUEST_DRINKINGLUNCH_DESC,-1,!!AUTOQUEST_DRINKINGLUNCH_MRKRABS_INTRO,!!AUTOQUEST_DRINKINGLUNCH_MRKRABS_OUTRO,!!AUTOQUEST_DRINKINGLUNCH_SPONGEBOB_INTRO,!!AUTOQUEST_DRINKINGLUNCH_SPONGEBOB_OUTRO,!!AUTOQUEST_DRINKINGLUNCH_DAVE_INTRO,!!AUTOQUEST_DRINKINGLUNCH_DAVE_OUTRO,!!AUTOQUEST_DRINKINGLUNCH_BILL_INTRO,!!AUTOQUEST_DRINKINGLUNCH_BILL_OUTRO,!!AUTOQUEST_DRINKINGLUNCH_JUDY_INTRO,!!AUTOQUEST_DRINKINGLUNCH_JUDY_OUTRO,!!AUTOQUEST_DRINKINGLUNCH_POLICEFISH_INTRO,!!AUTOQUEST_DRINKINGLUNCH_POLICEFISH_OUTRO,!!AUTOQUEST_DRINKINGLUNCH_SQUIDWARD_INTRO,!!AUTOQUEST_DRINKINGLUNCH_SQUIDWARD_OUTRO,!!AUTOQUEST_DRINKINGLUNCH_GENE_INTRO,!!AUTOQUEST_DRINKINGLUNCH_GENE_OUTRO,!!AUTOQUEST_DRINKINGLUNCH_PEARLKRABS_INTRO,!!AUTOQUEST_DRINKINGLUNCH_PEARLKRABS_OUTRO,!!AUTOQUEST_DRINKINGLUNCH_FRANK_INTRO,!!AUTOQUEST_DRINKINGLUNCH_FRANK_OUTRO,!!AUTOQUEST_DRINKINGLUNCH_MARTHA_INTRO,!!AUTOQUEST_DRINKINGLUNCH_MARTHA_OUTRO,!!AUTOQUEST_DRINKINGLUNCH_MRSPUFF_INTRO,!!AUTOQUEST_DRINKINGLUNCH_MRSPUFF_OUTRO,!!AUTOQUEST_DRINKINGLUNCH_TOMMY_INTRO,!!AUTOQUEST_DRINKINGLUNCH_TOMMY_OUTRO,!!AUTOQUEST_DRINKINGLUNCH_JOHN_INTRO,!!AUTOQUEST_DRINKINGLUNCH_JOHN_OUTRO,!!AUTOQUEST_DRINKINGLUNCH_SANDY_INTRO,!!AUTOQUEST_DRINKINGLUNCH_SANDY_OUTRO,!!AUTOQUEST_DRINKINGLUNCH_BARNACLEBOY_INTRO,!!AUTOQUEST_DRINKINGLUNCH_BARNACLEBOY_OUTRO,!!AUTOQUEST_DRINKINGLUNCH_LARRY_INTRO,!!AUTOQUEST_DRINKINGLUNCH_LARRY_OUTRO,!!AUTOQUEST_DRINKINGLUNCH_HARRY_INTRO,!!AUTOQUEST_DRINKINGLUNCH_HARRY_OUTRO,!!AUTOQUEST_DRINKINGLUNCH_SUSIE_INTRO,!!AUTOQUEST_DRINKINGLUNCH_SUSIE_OUTRO,!!AUTOQUEST_DRINKINGLUNCH_MANRAY_INTRO,!!AUTOQUEST_DRINKINGLUNCH_MANRAY_OUTRO,!!AUTOQUEST_DRINKINGLUNCH_TYLER_INTRO,!!AUTOQUEST_DRINKINGLUNCH_TYLER_OUTRO,!!AUTOQUEST_DRINKINGLUNCH_SQUILLIAM_INTRO,!!AUTOQUEST_DRINKINGLUNCH_SQUILLIAM_OUTRO,!!AUTOQUEST_DRINKINGLUNCH_REG_INTRO,!!AUTOQUEST_DRINKINGLUNCH_REG_OUTRO,!!AUTOQUEST_DRINKINGLUNCH_SOPHIE_INTRO,!!AUTOQUEST_DRINKINGLUNCH_SOPHIE_OUTRO,!!AUTOQUEST_DRINKINGLUNCH_PATRICK_INTRO,!!AUTOQUEST_DRINKINGLUNCH_PATRICK_OUTRO,!!AUTOQUEST_DRINKINGLUNCH_LENNY_INTRO,!!AUTOQUEST_DRINKINGLUNCH_LENNY_OUTRO,!!AUTOQUEST_DRINKINGLUNCH_MERMAN_INTRO,!!AUTOQUEST_DRINKINGLUNCH_MERMAN_OUTRO,!!AUTOQUEST_DRINKINGLUNCH_KEVIN_INTRO,!!AUTOQUEST_DRINKINGLUNCH_KEVIN_OUTRO,!!AUTOQUEST_DRINKINGLUNCH_NEPTUNE_INTRO,!!AUTOQUEST_DRINKINGLUNCH_NEPTUNE_OUTRO,!!AUTOQUEST_DRINKINGLUNCH_BOB_INTRO,!!AUTOQUEST_DRINKINGLUNCH_BOB_OUTRO
6,6,Bake Sale,!!AUTOQUEST_BAKESALE_TITLE,!!AUTOQUEST_BAKESALE_DESC,-1,!!AUTOQUEST_BAKESALE_MRKRABS_INTRO,!!AUTOQUEST_BAKESALE_MRKRABS_OUTRO,!!AUTOQUEST_BAKESALE_SPONGEBOB_INTRO,!!AUTOQUEST_BAKESALE_SPONGEBOB_OUTRO,!!AUTOQUEST_BAKESALE_DAVE_INTRO,!!AUTOQUEST_BAKESALE_DAVE_OUTRO,!!AUTOQUEST_BAKESALE_BILL_INTRO,!!AUTOQUEST_BAKESALE_BILL_OUTRO,!!AUTOQUEST_BAKESALE_JUDY_INTRO,!!AUTOQUEST_BAKESALE_JUDY_OUTRO,!!AUTOQUEST_BAKESALE_POLICEFISH_INTRO,!!AUTOQUEST_BAKESALE_POLICEFISH_OUTRO,!!AUTOQUEST_BAKESALE_SQUIDWARD_INTRO,!!AUTOQUEST_BAKESALE_SQUIDWARD_OUTRO,!!AUTOQUEST_BAKESALE_GENE_INTRO,!!AUTOQUEST_BAKESALE_GENE_OUTRO,!!AUTOQUEST_BAKESALE_PEARLKRABS_INTRO,!!AUTOQUEST_BAKESALE_PEARLKRABS_OUTRO,!!AUTOQUEST_BAKESALE_FRANK_INTRO,!!AUTOQUEST_BAKESALE_FRANK_OUTRO,!!AUTOQUEST_BAKESALE_MARTHA_INTRO,!!AUTOQUEST_BAKESALE_MARTHA_OUTRO,!!AUTOQUEST_BAKESALE_MRSPUFF_INTRO,!!AUTOQUEST_BAKESALE_MRSPUFF_OUTRO,!!AUTOQUEST_BAKESALE_TOMMY_INTRO,!!AUTOQUEST_BAKESALE_TOMMY_OUTRO,!!AUTOQUEST_BAKESALE_JOHN_INTRO,!!AUTOQUEST_BAKESALE_JOHN_OUTRO,!!AUTOQUEST_BAKESALE_SANDY_INTRO,!!AUTOQUEST_BAKESALE_SANDY_OUTRO,!!AUTOQUEST_BAKESALE_BARNACLEBOY_INTRO,!!AUTOQUEST_BAKESALE_BARNACLEBOY_OUTRO,!!AUTOQUEST_BAKESALE_LARRY_INTRO,!!AUTOQUEST_BAKESALE_LARRY_OUTRO,!!AUTOQUEST_BAKESALE_HARRY_INTRO,!!AUTOQUEST_BAKESALE_HARRY_OUTRO,!!AUTOQUEST_BAKESALE_SUSIE_INTRO,!!AUTOQUEST_BAKESALE_SUSIE_OUTRO,!!AUTOQUEST_BAKESALE_MANRAY_INTRO,!!AUTOQUEST_BAKESALE_MANRAY_OUTRO,!!AUTOQUEST_BAKESALE_TYLER_INTRO,!!AUTOQUEST_BAKESALE_TYLER_OUTRO,!!AUTOQUEST_BAKESALE_SQUILLIAM_INTRO,!!AUTOQUEST_BAKESALE_SQUILLIAM_OUTRO,!!AUTOQUEST_BAKESALE_REG_INTRO,!!AUTOQUEST_BAKESALE_REG_OUTRO,!!AUTOQUEST_BAKESALE_SOPHIE_INTRO,!!AUTOQUEST_BAKESALE_SOPHIE_OUTRO,!!AUTOQUEST_BAKESALE_PATRICK_INTRO,!!AUTOQUEST_BAKESALE_PATRICK_OUTRO,!!AUTOQUEST_BAKESALE_LENNY_INTRO,!!AUTOQUEST_BAKESALE_LENNY_OUTRO,!!AUTOQUEST_BAKESALE_MERMAN_INTRO,!!AUTOQUEST_BAKESALE_MERMAN_OUTRO,!!AUTOQUEST_BAKESALE_KEVIN_INTRO,!!AUTOQUEST_BAKESALE_KEVIN_OUTRO,!!AUTOQUEST_BAKESALE_NEPTUNE_INTRO,!!AUTOQUEST_BAKESALE_NEPTUNE_OUTRO,!!AUTOQUEST_BAKESALE_BOB_INTRO,!!AUTOQUEST_BAKESALE_BOB_OUTRO
7,7,Carnival,!!AUTOQUEST_CARNIVAL_TITLE,!!AUTOQUEST_CARNIVAL_DESC,-1,!!AUTOQUEST_CARNIVAL_MRKRABS_INTRO,!!AUTOQUEST_CARNIVAL_MRKRABS_OUTRO,!!AUTOQUEST_CARNIVAL_SPONGEBOB_INTRO,!!AUTOQUEST_CARNIVAL_SPONGEBOB_OUTRO,!!AUTOQUEST_CARNIVAL_DAVE_INTRO,!!AUTOQUEST_CARNIVAL_DAVE_OUTRO,!!AUTOQUEST_CARNIVAL_BILL_INTRO,!!AUTOQUEST_CARNIVAL_BILL_OUTRO,!!AUTOQUEST_CARNIVAL_JUDY_INTRO,!!AUTOQUEST_CARNIVAL_JUDY_OUTRO,!!AUTOQUEST_CARNIVAL_POLICEFISH_INTRO,!!AUTOQUEST_CARNIVAL_POLICEFISH_OUTRO,!!AUTOQUEST_CARNIVAL_SQUIDWARD_INTRO,!!AUTOQUEST_CARNIVAL_SQUIDWARD_OUTRO,!!AUTOQUEST_CARNIVAL_GENE_INTRO,!!AUTOQUEST_CARNIVAL_GENE_OUTRO,!!AUTOQUEST_CARNIVAL_PEARLKRABS_INTRO,!!AUTOQUEST_CARNIVAL_PEARLKRABS_OUTRO,!!AUTOQUEST_CARNIVAL_FRANK_INTRO,!!AUTOQUEST_CARNIVAL_FRANK_OUTRO,!!AUTOQUEST_CARNIVAL_MARTHA_INTRO,!!AUTOQUEST_CARNIVAL_MARTHA_OUTRO,!!AUTOQUEST_CARNIVAL_MRSPUFF_INTRO,!!AUTOQUEST_CARNIVAL_MRSPUFF_OUTRO,!!AUTOQUEST_CARNIVAL_TOMMY_INTRO,!!AUTOQUEST_CARNIVAL_TOMMY_OUTRO,!!AUTOQUEST_CARNIVAL_JOHN_INTRO,!!AUTOQUEST_CARNIVAL_JOHN_OUTRO,!!AUTOQUEST_CARNIVAL_SANDY_INTRO,!!AUTOQUEST_CARNIVAL_SANDY_OUTRO,!!AUTOQUEST_CARNIVAL_BARNACLEBOY_INTRO,!!AUTOQUEST_CARNIVAL_BARNACLEBOY_OUTRO,!!AUTOQUEST_CARNIVAL_LARRY_INTRO,!!AUTOQUEST_CARNIVAL_LARRY_OUTRO,!!AUTOQUEST_CARNIVAL_HARRY_INTRO,!!AUTOQUEST_CARNIVAL_HARRY_OUTRO,!!AUTOQUEST_CARNIVAL_SUSIE_INTRO,!!AUTOQUEST_CARNIVAL_SUSIE_OUTRO,!!AUTOQUEST_CARNIVAL_MANRAY_INTRO,!!AUTOQUEST_CARNIVAL_MANRAY_OUTRO,!!AUTOQUEST_CARNIVAL_TYLER_INTRO,!!AUTOQUEST_CARNIVAL_TYLER_OUTRO,!!AUTOQUEST_CARNIVAL_SQUILLIAM_INTRO,!!AUTOQUEST_CARNIVAL_SQUILLIAM_OUTRO,!!AUTOQUEST_CARNIVAL_REG_INTRO,!!AUTOQUEST_CARNIVAL_REG_OUTRO,!!AUTOQUEST_CARNIVAL_SOPHIE_INTRO,!!AUTOQUEST_CARNIVAL_SOPHIE_OUTRO,!!AUTOQUEST_CARNIVAL_PATRICK_INTRO,!!AUTOQUEST_CARNIVAL_PATRICK_OUTRO,!!AUTOQUEST_CARNIVAL_LENNY_INTRO,!!AUTOQUEST_CARNIVAL_LENNY_OUTRO,!!AUTOQUEST_CARNIVAL_MERMAN_INTRO,!!AUTOQUEST_CARNIVAL_MERMAN_OUTRO,!!AUTOQUEST_CARNIVAL_KEVIN_INTRO,!!AUTOQUEST_CARNIVAL_KEVIN_OUTRO,!!AUTOQUEST_CARNIVAL_NEPTUNE_INTRO,!!AUTOQUEST_CARNIVAL_NEPTUNE_OUTRO,!!AUTOQUEST_CARNIVAL_BOB_INTRO,!!AUTOQUEST_CARNIVAL_BOB_OUTRO
8,8,Fast Food,!!AUTOQUEST_FASTFOOD_TITLE,!!AUTOQUEST_FASTFOOD_DESC,-1,!!AUTOQUEST_FASTFOOD_MRKRABS_INTRO,!!AUTOQUEST_FASTFOOD_MRKRABS_OUTRO,!!AUTOQUEST_FASTFOOD_SPONGEBOB_INTRO,!!AUTOQUEST_FASTFOOD_SPONGEBOB_OUTRO,!!AUTOQUEST_FASTFOOD_DAVE_INTRO,!!AUTOQUEST_FASTFOOD_DAVE_OUTRO,!!AUTOQUEST_FASTFOOD_BILL_INTRO,!!AUTOQUEST_FASTFOOD_BILL_OUTRO,!!AUTOQUEST_FASTFOOD_JUDY_INTRO,!!AUTOQUEST_FASTFOOD_JUDY_OUTRO,!!AUTOQUEST_FASTFOOD_POLICEFISH_INTRO,!!AUTOQUEST_FASTFOOD_POLICEFISH_OUTRO,!!AUTOQUEST_FASTFOOD_SQUIDWARD_INTRO,!!AUTOQUEST_FASTFOOD_SQUIDWARD_OUTRO,!!AUTOQUEST_FASTFOOD_GENE_INTRO,!!AUTOQUEST_FASTFOOD_GENE_OUTRO,!!AUTOQUEST_FASTFOOD_PEARLKRABS_INTRO,!!AUTOQUEST_FASTFOOD_PEARLKRABS_OUTRO,!!AUTOQUEST_FASTFOOD_FRANK_INTRO,!!AUTOQUEST_FASTFOOD_FRANK_OUTRO,!!AUTOQUEST_FASTFOOD_MARTHA_INTRO,!!AUTOQUEST_FASTFOOD_MARTHA_OUTRO,!!AUTOQUEST_FASTFOOD_MRSPUFF_INTRO,!!AUTOQUEST_FASTFOOD_MRSPUFF_OUTRO,!!AUTOQUEST_FASTFOOD_TOMMY_INTRO,!!AUTOQUEST_FASTFOOD_TOMMY_OUTRO,!!AUTOQUEST_FASTFOOD_JOHN_INTRO,!!AUTOQUEST_FASTFOOD_JOHN_OUTRO,!!AUTOQUEST_FASTFOOD_SANDY_INTRO,!!AUTOQUEST_FASTFOOD_SANDY_OUTRO,!!AUTOQUEST_FASTFOOD_BARNACLEBOY_INTRO,!!AUTOQUEST_FASTFOOD_BARNACLEBOY_OUTRO,!!AUTOQUEST_FASTFOOD_LARRY_INTRO,!!AUTOQUEST_FASTFOOD_LARRY_OUTRO,!!AUTOQUEST_FASTFOOD_HARRY_INTRO,!!AUTOQUEST_FASTFOOD_HARRY_OUTRO,!!AUTOQUEST_FASTFOOD_SUSIE_INTRO,!!AUTOQUEST_FASTFOOD_SUSIE_OUTRO,!!AUTOQUEST_FASTFOOD_MANRAY_INTRO,!!AUTOQUEST_FASTFOOD_MANRAY_OUTRO,!!AUTOQUEST_FASTFOOD_TYLER_INTRO,!!AUTOQUEST_FASTFOOD_TYLER_OUTRO,!!AUTOQUEST_FASTFOOD_SQUILLIAM_INTRO,!!AUTOQUEST_FASTFOOD_SQUILLIAM_OUTRO,!!AUTOQUEST_FASTFOOD_REG_INTRO,!!AUTOQUEST_FASTFOOD_REG_OUTRO,!!AUTOQUEST_FASTFOOD_SOPHIE_INTRO,!!AUTOQUEST_FASTFOOD_SOPHIE_OUTRO,!!AUTOQUEST_FASTFOOD_PATRICK_INTRO,!!AUTOQUEST_FASTFOOD_PATRICK_OUTRO,!!AUTOQUEST_FASTFOOD_LENNY_INTRO,!!AUTOQUEST_FASTFOOD_LENNY_OUTRO,!!AUTOQUEST_FASTFOOD_MERMAN_INTRO,!!AUTOQUEST_FASTFOOD_MERMAN_OUTRO,!!AUTOQUEST_FASTFOOD_KEVIN_INTRO,!!AUTOQUEST_FASTFOOD_KEVIN_OUTRO,!!AUTOQUEST_FASTFOOD_NEPTUNE_INTRO,!!AUTOQUEST_FASTFOOD_NEPTUNE_OUTRO,!!AUTOQUEST_FASTFOOD_BOB_INTRO,!!AUTOQUEST_FASTFOOD_BOB_OUTRO
9,9,Health Food,!!AUTOQUEST_HEALTHFOOD_TITLE,!!AUTOQUEST_HEALTHFOOD_DESC,-1,!!AUTOQUEST_HEALTHFOOD_MRKRABS_INTRO,!!AUTOQUEST_HEALTHFOOD_MRKRABS_OUTRO,!!AUTOQUEST_HEALTHFOOD_SPONGEBOB_INTRO,!!AUTOQUEST_HEALTHFOOD_SPONGEBOB_OUTRO,!!AUTOQUEST_HEALTHFOOD_DAVE_INTRO,!!AUTOQUEST_HEALTHFOOD_DAVE_OUTRO,!!AUTOQUEST_HEALTHFOOD_BILL_INTRO,!!AUTOQUEST_HEALTHFOOD_BILL_OUTRO,!!AUTOQUEST_HEALTHFOOD_JUDY_INTRO,!!AUTOQUEST_HEALTHFOOD_JUDY_OUTRO,!!AUTOQUEST_HEALTHFOOD_POLICEFISH_INTRO,!!AUTOQUEST_HEALTHFOOD_POLICEFISH_OUTRO,!!AUTOQUEST_HEALTHFOOD_SQUIDWARD_INTRO,!!AUTOQUEST_HEALTHFOOD_SQUIDWARD_OUTRO,!!AUTOQUEST_HEALTHFOOD_GENE_INTRO,!!AUTOQUEST_HEALTHFOOD_GENE_OUTRO,!!AUTOQUEST_HEALTHFOOD_PEARLKRABS_INTRO,!!AUTOQUEST_HEALTHFOOD_PEARLKRABS_OUTRO,!!AUTOQUEST_HEALTHFOOD_FRANK_INTRO,!!AUTOQUEST_HEALTHFOOD_FRANK_OUTRO,!!AUTOQUEST_HEALTHFOOD_MARTHA_INTRO,!!AUTOQUEST_HEALTHFOOD_MARTHA_OUTRO,!!AUTOQUEST_HEALTHFOOD_MRSPUFF_INTRO,!!AUTOQUEST_HEALTHFOOD_MRSPUFF_OUTRO,!!AUTOQUEST_HEALTHFOOD_TOMMY_INTRO,!!AUTOQUEST_HEALTHFOOD_TOMMY_OUTRO,!!AUTOQUEST_HEALTHFOOD_JOHN_INTRO,!!AUTOQUEST_HEALTHFOOD_JOHN_OUTRO,!!AUTOQUEST_HEALTHFOOD_SANDY_INTRO,!!AUTOQUEST_HEALTHFOOD_SANDY_OUTRO,!!AUTOQUEST_HEALTHFOOD_BARNACLEBOY_INTRO,!!AUTOQUEST_HEALTHFOOD_BARNACLEBOY_OUTRO,!!AUTOQUEST_HEALTHFOOD_LARRY_INTRO,!!AUTOQUEST_HEALTHFOOD_LARRY_OUTRO,!!AUTOQUEST_HEALTHFOOD_HARRY_INTRO,!!AUTOQUEST_HEALTHFOOD_HARRY_OUTRO,!!AUTOQUEST_HEALTHFOOD_SUSIE_INTRO,!!AUTOQUEST_HEALTHFOOD_SUSIE_OUTRO,!!AUTOQUEST_HEALTHFOOD_MANRAY_INTRO,!!AUTOQUEST_HEALTHFOOD_MANRAY_OUTRO,!!AUTOQUEST_HEALTHFOOD_TYLER_INTRO,!!AUTOQUEST_HEALTHFOOD_TYLER_OUTRO,!!AUTOQUEST_HEALTHFOOD_SQUILLIAM_INTRO,!!AUTOQUEST_HEALTHFOOD_SQUILLIAM_OUTRO,!!AUTOQUEST_HEALTHFOOD_REG_INTRO,!!AUTOQUEST_HEALTHFOOD_REG_OUTRO,!!AUTOQUEST_HEALTHFOOD_SOPHIE_INTRO,!!AUTOQUEST_HEALTHFOOD_SOPHIE_OUTRO,!!AUTOQUEST_HEALTHFOOD_PATRICK_INTRO,!!AUTOQUEST_HEALTHFOOD_PATRICK_OUTRO,!!AUTOQUEST_HEALTHFOOD_LENNY_INTRO,!!AUTOQUEST_HEALTHFOOD_LENNY_OUTRO,!!AUTOQUEST_HEALTHFOOD_MERMAN_INTRO,!!AUTOQUEST_HEALTHFOOD_MERMAN_OUTRO,!!AUTOQUEST_HEALTHFOOD_KEVIN_INTRO,!!AUTOQUEST_HEALTHFOOD_KEVIN_OUTRO,!!AUTOQUEST_HEALTHFOOD_NEPTUNE_INTRO,!!AUTOQUEST_HEALTHFOOD_NEPTUNE_OUTRO,!!AUTOQUEST_HEALTHFOOD_BOB_INTRO,!!AUTOQUEST_HEALTHFOOD_BOB_OUTRO
10,10,A La Mode,!!AUTOQUEST_ALAMODE_TITLE,!!AUTOQUEST_ALAMODE_DESC,-1,!!AUTOQUEST_ALAMODE_MRKRABS_INTRO,!!AUTOQUEST_ALAMODE_MRKRABS_OUTRO,!!AUTOQUEST_ALAMODE_SPONGEBOB_INTRO,!!AUTOQUEST_ALAMODE_SPONGEBOB_OUTRO,!!AUTOQUEST_ALAMODE_DAVE_INTRO,!!AUTOQUEST_ALAMODE_DAVE_OUTRO,!!AUTOQUEST_ALAMODE_BILL_INTRO,!!AUTOQUEST_ALAMODE_BILL_OUTRO,!!AUTOQUEST_ALAMODE_JUDY_INTRO,!!AUTOQUEST_ALAMODE_JUDY_OUTRO,!!AUTOQUEST_ALAMODE_POLICEFISH_INTRO,!!AUTOQUEST_ALAMODE_POLICEFISH_OUTRO,!!AUTOQUEST_ALAMODE_SQUIDWARD_INTRO,!!AUTOQUEST_ALAMODE_SQUIDWARD_OUTRO,!!AUTOQUEST_ALAMODE_GENE_INTRO,!!AUTOQUEST_ALAMODE_GENE_OUTRO,!!AUTOQUEST_ALAMODE_PEARLKRABS_INTRO,!!AUTOQUEST_ALAMODE_PEARLKRABS_OUTRO,!!AUTOQUEST_ALAMODE_FRANK_INTRO,!!AUTOQUEST_ALAMODE_FRANK_OUTRO,!!AUTOQUEST_ALAMODE_MARTHA_INTRO,!!AUTOQUEST_ALAMODE_MARTHA_OUTRO,!!AUTOQUEST_ALAMODE_MRSPUFF_INTRO,!!AUTOQUEST_ALAMODE_MRSPUFF_OUTRO,!!AUTOQUEST_ALAMODE_TOMMY_INTRO,!!AUTOQUEST_ALAMODE_TOMMY_OUTRO,!!AUTOQUEST_ALAMODE_JOHN_INTRO,!!AUTOQUEST_ALAMODE_JOHN_OUTRO,!!AUTOQUEST_ALAMODE_SANDY_INTRO,!!AUTOQUEST_ALAMODE_SANDY_OUTRO,!!AUTOQUEST_ALAMODE_BARNACLEBOY_INTRO,!!AUTOQUEST_ALAMODE_BARNACLEBOY_OUTRO,!!AUTOQUEST_ALAMODE_LARRY_INTRO,!!AUTOQUEST_ALAMODE_LARRY_OUTRO,!!AUTOQUEST_ALAMODE_HARRY_INTRO,!!AUTOQUEST_ALAMODE_HARRY_OUTRO,!!AUTOQUEST_ALAMODE_SUSIE_INTRO,!!AUTOQUEST_ALAMODE_SUSIE_OUTRO,!!AUTOQUEST_ALAMODE_MANRAY_INTRO,!!AUTOQUEST_ALAMODE_MANRAY_OUTRO,!!AUTOQUEST_ALAMODE_TYLER_INTRO,!!AUTOQUEST_ALAMODE_TYLER_OUTRO,!!AUTOQUEST_ALAMODE_SQUILLIAM_INTRO,!!AUTOQUEST_ALAMODE_SQUILLIAM_OUTRO,!!AUTOQUEST_ALAMODE_REG_INTRO,!!AUTOQUEST_ALAMODE_REG_OUTRO,!!AUTOQUEST_ALAMODE_SOPHIE_INTRO,!!AUTOQUEST_ALAMODE_SOPHIE_OUTRO,!!AUTOQUEST_ALAMODE_PATRICK_INTRO,!!AUTOQUEST_ALAMODE_PATRICK_OUTRO,!!AUTOQUEST_ALAMODE_LENNY_INTRO,!!AUTOQUEST_ALAMODE_LENNY_OUTRO,!!AUTOQUEST_ALAMODE_MERMAN_INTRO,!!AUTOQUEST_ALAMODE_MERMAN_OUTRO,!!AUTOQUEST_ALAMODE_KEVIN_INTRO,!!AUTOQUEST_ALAMODE_KEVIN_OUTRO,!!AUTOQUEST_ALAMODE_NEPTUNE_INTRO,!!AUTOQUEST_ALAMODE_NEPTUNE_OUTRO,!!AUTOQUEST_ALAMODE_BOB_INTRO,!!AUTOQUEST_ALAMODE_BOB_OUTRO
11,11,Rainy Day,!!AUTOQUEST_RAINYDAY_TITLE,!!AUTOQUEST_RAINYDAY_DESC,-1,!!AUTOQUEST_RAINYDAY_MRKRABS_INTRO,!!AUTOQUEST_RAINYDAY_MRKRABS_OUTRO,!!AUTOQUEST_RAINYDAY_SPONGEBOB_INTRO,!!AUTOQUEST_RAINYDAY_SPONGEBOB_OUTRO,!!AUTOQUEST_RAINYDAY_DAVE_INTRO,!!AUTOQUEST_RAINYDAY_DAVE_OUTRO,!!AUTOQUEST_RAINYDAY_BILL_INTRO,!!AUTOQUEST_RAINYDAY_BILL_OUTRO,!!AUTOQUEST_RAINYDAY_JUDY_INTRO,!!AUTOQUEST_RAINYDAY_JUDY_OUTRO,!!AUTOQUEST_RAINYDAY_POLICEFISH_INTRO,!!AUTOQUEST_RAINYDAY_POLICEFISH_OUTRO,!!AUTOQUEST_RAINYDAY_SQUIDWARD_INTRO,!!AUTOQUEST_RAINYDAY_SQUIDWARD_OUTRO,!!AUTOQUEST_RAINYDAY_GENE_INTRO,!!AUTOQUEST_RAINYDAY_GENE_OUTRO,!!AUTOQUEST_RAINYDAY_PEARLKRABS_INTRO,!!AUTOQUEST_RAINYDAY_PEARLKRABS_OUTRO,!!AUTOQUEST_RAINYDAY_FRANK_INTRO,!!AUTOQUEST_RAINYDAY_FRANK_OUTRO,!!AUTOQUEST_RAINYDAY_MARTHA_INTRO,!!AUTOQUEST_RAINYDAY_MARTHA_OUTRO,!!AUTOQUEST_RAINYDAY_MRSPUFF_INTRO,!!AUTOQUEST_RAINYDAY_MRSPUFF_OUTRO,!!AUTOQUEST_RAINYDAY_TOMMY_INTRO,!!AUTOQUEST_RAINYDAY_TOMMY_OUTRO,!!AUTOQUEST_RAINYDAY_JOHN_INTRO,!!AUTOQUEST_RAINYDAY_JOHN_OUTRO,!!AUTOQUEST_RAINYDAY_SANDY_INTRO,!!AUTOQUEST_RAINYDAY_SANDY_OUTRO,!!AUTOQUEST_RAINYDAY_BARNACLEBOY_INTRO,!!AUTOQUEST_RAINYDAY_BARNACLEBOY_OUTRO,!!AUTOQUEST_RAINYDAY_LARRY_INTRO,!!AUTOQUEST_RAINYDAY_LARRY_OUTRO,!!AUTOQUEST_RAINYDAY_HARRY_INTRO,!!AUTOQUEST_RAINYDAY_HARRY_OUTRO,!!AUTOQUEST_RAINYDAY_SUSIE_INTRO,!!AUTOQUEST_RAINYDAY_SUSIE_OUTRO,!!AUTOQUEST_RAINYDAY_MANRAY_INTRO,!!AUTOQUEST_RAINYDAY_MANRAY_OUTRO,!!AUTOQUEST_RAINYDAY_TYLER_INTRO,!!AUTOQUEST_RAINYDAY_TYLER_OUTRO,!!AUTOQUEST_RAINYDAY_SQUILLIAM_INTRO,!!AUTOQUEST_RAINYDAY_SQUILLIAM_OUTRO,!!AUTOQUEST_RAINYDAY_REG_INTRO,!!AUTOQUEST_RAINYDAY_REG_OUTRO,!!AUTOQUEST_RAINYDAY_SOPHIE_INTRO,!!AUTOQUEST_RAINYDAY_SOPHIE_OUTRO,!!AUTOQUEST_RAINYDAY_PATRICK_INTRO,!!AUTOQUEST_RAINYDAY_PATRICK_OUTRO,!!AUTOQUEST_RAINYDAY_LENNY_INTRO,!!AUTOQUEST_RAINYDAY_LENNY_OUTRO,!!AUTOQUEST_RAINYDAY_MERMAN_INTRO,!!AUTOQUEST_RAINYDAY_MERMAN_OUTRO,!!AUTOQUEST_RAINYDAY_KEVIN_INTRO,!!AUTOQUEST_RAINYDAY_KEVIN_OUTRO,!!AUTOQUEST_RAINYDAY_NEPTUNE_INTRO,!!AUTOQUEST_RAINYDAY_NEPTUNE_OUTRO,!!AUTOQUEST_RAINYDAY_BOB_INTRO,!!AUTOQUEST_RAINYDAY_BOB_OUTRO
12,12,His Big Date,!!AUTOQUEST_HISBIGDATE_TITLE,!!AUTOQUEST_HISBIGDATE_DESC,-1,!!AUTOQUEST_HISBIGDATE_MRKRABS_INTRO,!!AUTOQUEST_HISBIGDATE_MRKRABS_OUTRO,!!AUTOQUEST_HISBIGDATE_SPONGEBOB_INTRO,!!AUTOQUEST_HISBIGDATE_SPONGEBOB_OUTRO,!!AUTOQUEST_HISBIGDATE_DAVE_INTRO,!!AUTOQUEST_HISBIGDATE_DAVE_OUTRO,!!AUTOQUEST_HISBIGDATE_BILL_INTRO,!!AUTOQUEST_HISBIGDATE_BILL_OUTRO,!!AUTOQUEST_HISBIGDATE_JUDY_INTRO,!!AUTOQUEST_HISBIGDATE_JUDY_OUTRO,!!AUTOQUEST_HISBIGDATE_POLICEFISH_INTRO,!!AUTOQUEST_HISBIGDATE_POLICEFISH_OUTRO,!!AUTOQUEST_HISBIGDATE_SQUIDWARD_INTRO,!!AUTOQUEST_HISBIGDATE_SQUIDWARD_OUTRO,!!AUTOQUEST_HISBIGDATE_GENE_INTRO,!!AUTOQUEST_HISBIGDATE_GENE_OUTRO,!!AUTOQUEST_HISBIGDATE_PEARLKRABS_INTRO,!!AUTOQUEST_HISBIGDATE_PEARLKRABS_OUTRO,!!AUTOQUEST_HISBIGDATE_FRANK_INTRO,!!AUTOQUEST_HISBIGDATE_FRANK_OUTRO,!!AUTOQUEST_HISBIGDATE_MARTHA_INTRO,!!AUTOQUEST_HISBIGDATE_MARTHA_OUTRO,!!AUTOQUEST_HISBIGDATE_MRSPUFF_INTRO,!!AUTOQUEST_HISBIGDATE_MRSPUFF_OUTRO,!!AUTOQUEST_HISBIGDATE_TOMMY_INTRO,!!AUTOQUEST_HISBIGDATE_TOMMY_OUTRO,!!AUTOQUEST_HISBIGDATE_JOHN_INTRO,!!AUTOQUEST_HISBIGDATE_JOHN_OUTRO,!!AUTOQUEST_HISBIGDATE_SANDY_INTRO,!!AUTOQUEST_HISBIGDATE_SANDY_OUTRO,!!AUTOQUEST_HISBIGDATE_BARNACLEBOY_INTRO,!!AUTOQUEST_HISBIGDATE_BARNACLEBOY_OUTRO,!!AUTOQUEST_HISBIGDATE_LARRY_INTRO,!!AUTOQUEST_HISBIGDATE_LARRY_OUTRO,!!AUTOQUEST_HISBIGDATE_HARRY_INTRO,!!AUTOQUEST_HISBIGDATE_HARRY_OUTRO,!!AUTOQUEST_HISBIGDATE_SUSIE_INTRO,!!AUTOQUEST_HISBIGDATE_SUSIE_OUTRO,!!AUTOQUEST_HISBIGDATE_MANRAY_INTRO,!!AUTOQUEST_HISBIGDATE_MANRAY_OUTRO,!!AUTOQUEST_HISBIGDATE_TYLER_INTRO,!!AUTOQUEST_HISBIGDATE_TYLER_OUTRO,!!AUTOQUEST_HISBIGDATE_SQUILLIAM_INTRO,!!AUTOQUEST_HISBIGDATE_SQUILLIAM_OUTRO,!!AUTOQUEST_HISBIGDATE_REG_INTRO,!!AUTOQUEST_HISBIGDATE_REG_OUTRO,!!AUTOQUEST_HISBIGDATE_SOPHIE_INTRO,!!AUTOQUEST_HISBIGDATE_SOPHIE_OUTRO,!!AUTOQUEST_HISBIGDATE_PATRICK_INTRO,!!AUTOQUEST_HISBIGDATE_PATRICK_OUTRO,!!AUTOQUEST_HISBIGDATE_LENNY_INTRO,!!AUTOQUEST_HISBIGDATE_LENNY_OUTRO,!!AUTOQUEST_HISBIGDATE_MERMAN_INTRO,!!AUTOQUEST_HISBIGDATE_MERMAN_OUTRO,!!AUTOQUEST_HISBIGDATE_KEVIN_INTRO,!!AUTOQUEST_HISBIGDATE_KEVIN_OUTRO,!!AUTOQUEST_HISBIGDATE_NEPTUNE_INTRO,!!AUTOQUEST_HISBIGDATE_NEPTUNE_OUTRO,!!AUTOQUEST_HISBIGDATE_BOB_INTRO,!!AUTOQUEST_HISBIGDATE_BOB_OUTRO
13,13,Her Big Date,!!AUTOQUEST_HERBIGDATE_TITLE,!!AUTOQUEST_HERBIGDATE_DESC,-1,!!AUTOQUEST_HERBIGDATE_MRKRABS_INTRO,!!AUTOQUEST_HERBIGDATE_MRKRABS_OUTRO,!!AUTOQUEST_HERBIGDATE_SPONGEBOB_INTRO,!!AUTOQUEST_HERBIGDATE_SPONGEBOB_OUTRO,!!AUTOQUEST_HERBIGDATE_DAVE_INTRO,!!AUTOQUEST_HERBIGDATE_DAVE_OUTRO,!!AUTOQUEST_HERBIGDATE_BILL_INTRO,!!AUTOQUEST_HERBIGDATE_BILL_OUTRO,!!AUTOQUEST_HERBIGDATE_JUDY_INTRO,!!AUTOQUEST_HERBIGDATE_JUDY_OUTRO,!!AUTOQUEST_HERBIGDATE_POLICEFISH_INTRO,!!AUTOQUEST_HERBIGDATE_POLICEFISH_OUTRO,!!AUTOQUEST_HERBIGDATE_SQUIDWARD_INTRO,!!AUTOQUEST_HERBIGDATE_SQUIDWARD_OUTRO,!!AUTOQUEST_HERBIGDATE_GENE_INTRO,!!AUTOQUEST_HERBIGDATE_GENE_OUTRO,!!AUTOQUEST_HERBIGDATE_PEARLKRABS_INTRO,!!AUTOQUEST_HERBIGDATE_PEARLKRABS_OUTRO,!!AUTOQUEST_HERBIGDATE_FRANK_INTRO,!!AUTOQUEST_HERBIGDATE_FRANK_OUTRO,!!AUTOQUEST_HERBIGDATE_MARTHA_INTRO,!!AUTOQUEST_HERBIGDATE_MARTHA_OUTRO,!!AUTOQUEST_HERBIGDATE_MRSPUFF_INTRO,!!AUTOQUEST_HERBIGDATE_MRSPUFF_OUTRO,!!AUTOQUEST_HERBIGDATE_TOMMY_INTRO,!!AUTOQUEST_HERBIGDATE_TOMMY_OUTRO,!!AUTOQUEST_HERBIGDATE_JOHN_INTRO,!!AUTOQUEST_HERBIGDATE_JOHN_OUTRO,!!AUTOQUEST_HERBIGDATE_SANDY_INTRO,!!AUTOQUEST_HERBIGDATE_SANDY_OUTRO,!!AUTOQUEST_HERBIGDATE_BARNACLEBOY_INTRO,!!AUTOQUEST_HERBIGDATE_BARNACLEBOY_OUTRO,!!AUTOQUEST_HERBIGDATE_LARRY_INTRO,!!AUTOQUEST_HERBIGDATE_LARRY_OUTRO,!!AUTOQUEST_HERBIGDATE_HARRY_INTRO,!!AUTOQUEST_HERBIGDATE_HARRY_OUTRO,!!AUTOQUEST_HERBIGDATE_SUSIE_INTRO,!!AUTOQUEST_HERBIGDATE_SUSIE_OUTRO,!!AUTOQUEST_HERBIGDATE_MANRAY_INTRO,!!AUTOQUEST_HERBIGDATE_MANRAY_OUTRO,!!AUTOQUEST_HERBIGDATE_TYLER_INTRO,!!AUTOQUEST_HERBIGDATE_TYLER_OUTRO,!!AUTOQUEST_HERBIGDATE_SQUILLIAM_INTRO,!!AUTOQUEST_HERBIGDATE_SQUILLIAM_OUTRO,!!AUTOQUEST_HERBIGDATE_REG_INTRO,!!AUTOQUEST_HERBIGDATE_REG_OUTRO,!!AUTOQUEST_HERBIGDATE_SOPHIE_INTRO,!!AUTOQUEST_HERBIGDATE_SOPHIE_OUTRO,!!AUTOQUEST_HERBIGDATE_PATRICK_INTRO,!!AUTOQUEST_HERBIGDATE_PATRICK_OUTRO,!!AUTOQUEST_HERBIGDATE_LENNY_INTRO,!!AUTOQUEST_HERBIGDATE_LENNY_OUTRO,!!AUTOQUEST_HERBIGDATE_MERMAN_INTRO,!!AUTOQUEST_HERBIGDATE_MERMAN_OUTRO,!!AUTOQUEST_HERBIGDATE_KEVIN_INTRO,!!AUTOQUEST_HERBIGDATE_KEVIN_OUTRO,!!AUTOQUEST_HERBIGDATE_NEPTUNE_INTRO,!!AUTOQUEST_HERBIGDATE_NEPTUNE_OUTRO,!!AUTOQUEST_HERBIGDATE_BOB_INTRO,!!AUTOQUEST_HERBIGDATE_BOB_OUTRO
14,14,Group Lunch,!!AUTOQUEST_GROUPLUNCH_TITLE,!!AUTOQUEST_GROUPLUNCH_DESC,-1,!!AUTOQUEST_GROUPLUNCH_MRKRABS_INTRO,!!AUTOQUEST_GROUPLUNCH_MRKRABS_OUTRO,!!AUTOQUEST_GROUPLUNCH_SPONGEBOB_INTRO,!!AUTOQUEST_GROUPLUNCH_SPONGEBOB_OUTRO,!!AUTOQUEST_GROUPLUNCH_DAVE_INTRO,!!AUTOQUEST_GROUPLUNCH_DAVE_OUTRO,!!AUTOQUEST_GROUPLUNCH_BILL_INTRO,!!AUTOQUEST_GROUPLUNCH_BILL_OUTRO,!!AUTOQUEST_GROUPLUNCH_JUDY_INTRO,!!AUTOQUEST_GROUPLUNCH_JUDY_OUTRO,!!AUTOQUEST_GROUPLUNCH_POLICEFISH_INTRO,!!AUTOQUEST_GROUPLUNCH_POLICEFISH_OUTRO,!!AUTOQUEST_GROUPLUNCH_SQUIDWARD_INTRO,!!AUTOQUEST_GROUPLUNCH_SQUIDWARD_OUTRO,!!AUTOQUEST_GROUPLUNCH_GENE_INTRO,!!AUTOQUEST_GROUPLUNCH_GENE_OUTRO,!!AUTOQUEST_GROUPLUNCH_PEARLKRABS_INTRO,!!AUTOQUEST_GROUPLUNCH_PEARLKRABS_OUTRO,!!AUTOQUEST_GROUPLUNCH_FRANK_INTRO,!!AUTOQUEST_GROUPLUNCH_FRANK_OUTRO,!!AUTOQUEST_GROUPLUNCH_MARTHA_INTRO,!!AUTOQUEST_GROUPLUNCH_MARTHA_OUTRO,!!AUTOQUEST_GROUPLUNCH_MRSPUFF_INTRO,!!AUTOQUEST_GROUPLUNCH_MRSPUFF_OUTRO,!!AUTOQUEST_GROUPLUNCH_TOMMY_INTRO,!!AUTOQUEST_GROUPLUNCH_TOMMY_OUTRO,!!AUTOQUEST_GROUPLUNCH_JOHN_INTRO,!!AUTOQUEST_GROUPLUNCH_JOHN_OUTRO,!!AUTOQUEST_GROUPLUNCH_SANDY_INTRO,!!AUTOQUEST_GROUPLUNCH_SANDY_OUTRO,!!AUTOQUEST_GROUPLUNCH_BARNACLEBOY_INTRO,!!AUTOQUEST_GROUPLUNCH_BARNACLEBOY_OUTRO,!!AUTOQUEST_GROUPLUNCH_LARRY_INTRO,!!AUTOQUEST_GROUPLUNCH_LARRY_OUTRO,!!AUTOQUEST_GROUPLUNCH_HARRY_INTRO,!!AUTOQUEST_GROUPLUNCH_HARRY_OUTRO,!!AUTOQUEST_GROUPLUNCH_SUSIE_INTRO,!!AUTOQUEST_GROUPLUNCH_SUSIE_OUTRO,!!AUTOQUEST_GROUPLUNCH_MANRAY_INTRO,!!AUTOQUEST_GROUPLUNCH_MANRAY_OUTRO,!!AUTOQUEST_GROUPLUNCH_TYLER_INTRO,!!AUTOQUEST_GROUPLUNCH_TYLER_OUTRO,!!AUTOQUEST_GROUPLUNCH_SQUILLIAM_INTRO,!!AUTOQUEST_GROUPLUNCH_SQUILLIAM_OUTRO,!!AUTOQUEST_GROUPLUNCH_REG_INTRO,!!AUTOQUEST_GROUPLUNCH_REG_OUTRO,!!AUTOQUEST_GROUPLUNCH_SOPHIE_INTRO,!!AUTOQUEST_GROUPLUNCH_SOPHIE_OUTRO,!!AUTOQUEST_GROUPLUNCH_PATRICK_INTRO,!!AUTOQUEST_GROUPLUNCH_PATRICK_OUTRO,!!AUTOQUEST_GROUPLUNCH_LENNY_INTRO,!!AUTOQUEST_GROUPLUNCH_LENNY_OUTRO,!!AUTOQUEST_GROUPLUNCH_MERMAN_INTRO,!!AUTOQUEST_GROUPLUNCH_MERMAN_OUTRO,!!AUTOQUEST_GROUPLUNCH_KEVIN_INTRO,!!AUTOQUEST_GROUPLUNCH_KEVIN_OUTRO,!!AUTOQUEST_GROUPLUNCH_NEPTUNE_INTRO,!!AUTOQUEST_GROUPLUNCH_NEPTUNE_OUTRO,!!AUTOQUEST_GROUPLUNCH_BOB_INTRO,!!AUTOQUEST_GROUPLUNCH_BOB_OUTRO
15,15,Happy Birthday,!!AUTOQUEST_HAPPYBIRTHDAY_TITLE,!!AUTOQUEST_HAPPYBIRTHDAY_DESC,-1,!!AUTOQUEST_HAPPYBIRTHDAY_MRKRABS_INTRO,!!AUTOQUEST_HAPPYBIRTHDAY_MRKRABS_OUTRO,!!AUTOQUEST_HAPPYBIRTHDAY_SPONGEBOB_INTRO,!!AUTOQUEST_HAPPYBIRTHDAY_SPONGEBOB_OUTRO,!!AUTOQUEST_HAPPYBIRTHDAY_DAVE_INTRO,!!AUTOQUEST_HAPPYBIRTHDAY_DAVE_OUTRO,!!AUTOQUEST_HAPPYBIRTHDAY_BILL_INTRO,!!AUTOQUEST_HAPPYBIRTHDAY_BILL_OUTRO,!!AUTOQUEST_HAPPYBIRTHDAY_JUDY_INTRO,!!AUTOQUEST_HAPPYBIRTHDAY_JUDY_OUTRO,!!AUTOQUEST_HAPPYBIRTHDAY_POLICEFISH_INTRO,!!AUTOQUEST_HAPPYBIRTHDAY_POLICEFISH_OUTRO,!!AUTOQUEST_HAPPYBIRTHDAY_SQUIDWARD_INTRO,!!AUTOQUEST_HAPPYBIRTHDAY_SQUIDWARD_OUTRO,!!AUTOQUEST_HAPPYBIRTHDAY_GENE_INTRO,!!AUTOQUEST_HAPPYBIRTHDAY_GENE_OUTRO,!!AUTOQUEST_HAPPYBIRTHDAY_PEARLKRABS_INTRO,!!AUTOQUEST_HAPPYBIRTHDAY_PEARLKRABS_OUTRO,!!AUTOQUEST_HAPPYBIRTHDAY_FRANK_INTRO,!!AUTOQUEST_HAPPYBIRTHDAY_FRANK_OUTRO,!!AUTOQUEST_HAPPYBIRTHDAY_MARTHA_INTRO,!!AUTOQUEST_HAPPYBIRTHDAY_MARTHA_OUTRO,!!AUTOQUEST_HAPPYBIRTHDAY_MRSPUFF_INTRO,!!AUTOQUEST_HAPPYBIRTHDAY_MRSPUFF_OUTRO,!!AUTOQUEST_HAPPYBIRTHDAY_TOMMY_INTRO,!!AUTOQUEST_HAPPYBIRTHDAY_TOMMY_OUTRO,!!AUTOQUEST_HAPPYBIRTHDAY_JOHN_INTRO,!!AUTOQUEST_HAPPYBIRTHDAY_JOHN_OUTRO,!!AUTOQUEST_HAPPYBIRTHDAY_SANDY_INTRO,!!AUTOQUEST_HAPPYBIRTHDAY_SANDY_OUTRO,!!AUTOQUEST_HAPPYBIRTHDAY_BARNACLEBOY_INTRO,!!AUTOQUEST_HAPPYBIRTHDAY_BARNACLEBOY_OUTRO,!!AUTOQUEST_HAPPYBIRTHDAY_LARRY_INTRO,!!AUTOQUEST_HAPPYBIRTHDAY_LARRY_OUTRO,!!AUTOQUEST_HAPPYBIRTHDAY_HARRY_INTRO,!!AUTOQUEST_HAPPYBIRTHDAY_HARRY_OUTRO,!!AUTOQUEST_HAPPYBIRTHDAY_SUSIE_INTRO,!!AUTOQUEST_HAPPYBIRTHDAY_SUSIE_OUTRO,!!AUTOQUEST_HAPPYBIRTHDAY_MANRAY_INTRO,!!AUTOQUEST_HAPPYBIRTHDAY_MANRAY_OUTRO,!!AUTOQUEST_HAPPYBIRTHDAY_TYLER_INTRO,!!AUTOQUEST_HAPPYBIRTHDAY_TYLER_OUTRO,!!AUTOQUEST_HAPPYBIRTHDAY_SQUILLIAM_INTRO,!!AUTOQUEST_HAPPYBIRTHDAY_SQUILLIAM_OUTRO,!!AUTOQUEST_HAPPYBIRTHDAY_REG_INTRO,!!AUTOQUEST_HAPPYBIRTHDAY_REG_OUTRO,!!AUTOQUEST_HAPPYBIRTHDAY_SOPHIE_INTRO,!!AUTOQUEST_HAPPYBIRTHDAY_SOPHIE_OUTRO,!!AUTOQUEST_HAPPYBIRTHDAY_PATRICK_INTRO,!!AUTOQUEST_HAPPYBIRTHDAY_PATRICK_OUTRO,!!AUTOQUEST_HAPPYBIRTHDAY_LENNY_INTRO,!!AUTOQUEST_HAPPYBIRTHDAY_LENNY_OUTRO,!!AUTOQUEST_HAPPYBIRTHDAY_MERMAN_INTRO,!!AUTOQUEST_HAPPYBIRTHDAY_MERMAN_OUTRO,!!AUTOQUEST_HAPPYBIRTHDAY_KEVIN_INTRO,!!AUTOQUEST_HAPPYBIRTHDAY_KEVIN_OUTRO,!!AUTOQUEST_HAPPYBIRTHDAY_NEPTUNE_INTRO,!!AUTOQUEST_HAPPYBIRTHDAY_NEPTUNE_OUTRO,!!AUTOQUEST_HAPPYBIRTHDAY_BOB_INTRO,!!AUTOQUEST_HAPPYBIRTHDAY_BOB_OUTRO
16,16,Soccer Practice,!!AUTOQUEST_SOCCERPRACTICE_TITLE,!!AUTOQUEST_SOCCERPRACTICE_DESC,-1,!!AUTOQUEST_SOCCERPRACTICE_MRKRABS_INTRO,!!AUTOQUEST_SOCCERPRACTICE_MRKRABS_OUTRO,!!AUTOQUEST_SOCCERPRACTICE_SPONGEBOB_INTRO,!!AUTOQUEST_SOCCERPRACTICE_SPONGEBOB_OUTRO,!!AUTOQUEST_SOCCERPRACTICE_DAVE_INTRO,!!AUTOQUEST_SOCCERPRACTICE_DAVE_OUTRO,!!AUTOQUEST_SOCCERPRACTICE_BILL_INTRO,!!AUTOQUEST_SOCCERPRACTICE_BILL_OUTRO,!!AUTOQUEST_SOCCERPRACTICE_JUDY_INTRO,!!AUTOQUEST_SOCCERPRACTICE_JUDY_OUTRO,!!AUTOQUEST_SOCCERPRACTICE_POLICEFISH_INTRO,!!AUTOQUEST_SOCCERPRACTICE_POLICEFISH_OUTRO,!!AUTOQUEST_SOCCERPRACTICE_SQUIDWARD_INTRO,!!AUTOQUEST_SOCCERPRACTICE_SQUIDWARD_OUTRO,!!AUTOQUEST_SOCCERPRACTICE_GENE_INTRO,!!AUTOQUEST_SOCCERPRACTICE_GENE_OUTRO,!!AUTOQUEST_SOCCERPRACTICE_PEARLKRABS_INTRO,!!AUTOQUEST_SOCCERPRACTICE_PEARLKRABS_OUTRO,!!AUTOQUEST_SOCCERPRACTICE_FRANK_INTRO,!!AUTOQUEST_SOCCERPRACTICE_FRANK_OUTRO,!!AUTOQUEST_SOCCERPRACTICE_MARTHA_INTRO,!!AUTOQUEST_SOCCERPRACTICE_MARTHA_OUTRO,!!AUTOQUEST_SOCCERPRACTICE_MRSPUFF_INTRO,!!AUTOQUEST_SOCCERPRACTICE_MRSPUFF_OUTRO,!!AUTOQUEST_SOCCERPRACTICE_TOMMY_INTRO,!!AUTOQUEST_SOCCERPRACTICE_TOMMY_OUTRO,!!AUTOQUEST_SOCCERPRACTICE_JOHN_INTRO,!!AUTOQUEST_SOCCERPRACTICE_JOHN_OUTRO,!!AUTOQUEST_SOCCERPRACTICE_SANDY_INTRO,!!AUTOQUEST_SOCCERPRACTICE_SANDY_OUTRO,!!AUTOQUEST_SOCCERPRACTICE_BARNACLEBOY_INTRO,!!AUTOQUEST_SOCCERPRACTICE_BARNACLEBOY_OUTRO,!!AUTOQUEST_SOCCERPRACTICE_LARRY_INTRO,!!AUTOQUEST_SOCCERPRACTICE_LARRY_OUTRO,!!AUTOQUEST_SOCCERPRACTICE_HARRY_INTRO,!!AUTOQUEST_SOCCERPRACTICE_HARRY_OUTRO,!!AUTOQUEST_SOCCERPRACTICE_SUSIE_INTRO,!!AUTOQUEST_SOCCERPRACTICE_SUSIE_OUTRO,!!AUTOQUEST_SOCCERPRACTICE_MANRAY_INTRO,!!AUTOQUEST_SOCCERPRACTICE_MANRAY_OUTRO,!!AUTOQUEST_SOCCERPRACTICE_TYLER_INTRO,!!AUTOQUEST_SOCCERPRACTICE_TYLER_OUTRO,!!AUTOQUEST_SOCCERPRACTICE_SQUILLIAM_INTRO,!!AUTOQUEST_SOCCERPRACTICE_SQUILLIAM_OUTRO,!!AUTOQUEST_SOCCERPRACTICE_REG_INTRO,!!AUTOQUEST_SOCCERPRACTICE_REG_OUTRO,!!AUTOQUEST_SOCCERPRACTICE_SOPHIE_INTRO,!!AUTOQUEST_SOCCERPRACTICE_SOPHIE_OUTRO,!!AUTOQUEST_SOCCERPRACTICE_PATRICK_INTRO,!!AUTOQUEST_SOCCERPRACTICE_PATRICK_OUTRO,!!AUTOQUEST_SOCCERPRACTICE_LENNY_INTRO,!!AUTOQUEST_SOCCERPRACTICE_LENNY_OUTRO,!!AUTOQUEST_SOCCERPRACTICE_MERMAN_INTRO,!!AUTOQUEST_SOCCERPRACTICE_MERMAN_OUTRO,!!AUTOQUEST_SOCCERPRACTICE_KEVIN_INTRO,!!AUTOQUEST_SOCCERPRACTICE_KEVIN_OUTRO,!!AUTOQUEST_SOCCERPRACTICE_NEPTUNE_INTRO,!!AUTOQUEST_SOCCERPRACTICE_NEPTUNE_OUTRO,!!AUTOQUEST_SOCCERPRACTICE_BOB_INTRO,!!AUTOQUEST_SOCCERPRACTICE_BOB_OUTRO
