i:ID,i:Slot DID,i:Debris DID,s:Label,i:Position X,i:Position Y
dfg,,,,,
1,2,4002,96f439b2-3dcd-0201-4002-4ec4bed146d2,1000,860
2,2,4002,96f439b2-3dcd-0202-4002-4ec4bed146d2,1040,856
3,2,4002,96f439b2-3dcd-0203-4002-4ec4bed146d2,981,919
4,2,4005,96f439b2-3dcd-0201-4005-4ec4bed146d2,999,918
5,2,4005,96f439b2-3dcd-0202-4005-4ec4bed146d2,1041,903
6,2,4005,96f439b2-3dcd-0203-4005-4ec4bed146d2,1026,882
7,2,4045,96f439b2-3dcd-0201-4045-4ec4bed146d2,977,862
8,2,4045,96f439b2-3dcd-0202-4045-4ec4bed146d2,987,891
9,2,4008,96f439b2-3dcd-0201-4008-4ec4bed146d2,1052,884
10,2,4008,96f439b2-3dcd-0202-4008-4ec4bed146d2,1038,864
11,2,4007,96f439b2-3dcd-0201-4007-4ec4bed146d2,996,880
12,2,4007,96f439b2-3dcd-0202-4007-4ec4bed146d2,1035,908
13,2,4004,96f439b2-3dcd-0201-4004-4ec4bed146d2,965,896
14,2,4004,96f439b2-3dcd-0202-4004-4ec4bed146d2,1056,887
15,2,4009,96f439b2-3dcd-0201-4009-4ec4bed146d2,980,924
16,2,4009,96f439b2-3dcd-0202-4009-4ec4bed146d2,1045,906
17,2,4044,96f439b2-3dcd-0201-4044-4ec4bed146d2,1045,863
18,2,4044,96f439b2-3dcd-0202-4044-4ec4bed146d2,974,874
19,2,4011,96f439b2-3dcd-0201-4011-4ec4bed146d2,990,891
20,2,4013,96f439b2-3dcd-0201-4013-4ec4bed146d2,1044,916
21,3,4002,96f439b2-3dcd-0301-4002-4ec4bed146d2,895,865
22,3,4002,96f439b2-3dcd-0302-4002-4ec4bed146d2,919,930
23,3,4002,96f439b2-3dcd-0303-4002-4ec4bed146d2,874,877
24,3,4005,96f439b2-3dcd-0301-4005-4ec4bed146d2,884,946
25,3,4005,96f439b2-3dcd-0302-4005-4ec4bed146d2,850,914
26,3,4005,96f439b2-3dcd-0303-4005-4ec4bed146d2,852,876
27,3,4045,96f439b2-3dcd-0301-4045-4ec4bed146d2,916,876
28,3,4045,96f439b2-3dcd-0302-4045-4ec4bed146d2,853,868
29,3,4008,96f439b2-3dcd-0301-4008-4ec4bed146d2,863,885
30,3,4008,96f439b2-3dcd-0302-4008-4ec4bed146d2,845,877
31,3,4007,96f439b2-3dcd-0301-4007-4ec4bed146d2,911,889
32,3,4007,96f439b2-3dcd-0302-4007-4ec4bed146d2,921,866
33,3,4004,96f439b2-3dcd-0301-4004-4ec4bed146d2,852,927
34,3,4004,96f439b2-3dcd-0302-4004-4ec4bed146d2,924,880
35,3,4009,96f439b2-3dcd-0301-4009-4ec4bed146d2,874,865
36,3,4009,96f439b2-3dcd-0302-4009-4ec4bed146d2,930,905
37,3,4044,96f439b2-3dcd-0301-4044-4ec4bed146d2,848,921
38,3,4044,96f439b2-3dcd-0302-4044-4ec4bed146d2,922,940
39,3,4011,96f439b2-3dcd-0301-4011-4ec4bed146d2,845,881
40,3,4013,96f439b2-3dcd-0301-4013-4ec4bed146d2,882,878
41,4,4002,96f439b2-3dcd-0401-4002-4ec4bed146d2,800,860
42,4,4002,96f439b2-3dcd-0402-4002-4ec4bed146d2,800,860
43,4,4002,96f439b2-3dcd-0403-4002-4ec4bed146d2,745,907
44,4,4005,96f439b2-3dcd-0401-4005-4ec4bed146d2,777,854
45,4,4005,96f439b2-3dcd-0402-4005-4ec4bed146d2,799,903
46,4,4005,96f439b2-3dcd-0403-4005-4ec4bed146d2,735,905
47,4,4045,96f439b2-3dcd-0401-4045-4ec4bed146d2,737,849
48,4,4045,96f439b2-3dcd-0402-4045-4ec4bed146d2,811,937
49,4,4008,96f439b2-3dcd-0401-4008-4ec4bed146d2,821,867
50,4,4008,96f439b2-3dcd-0402-4008-4ec4bed146d2,728,924
51,4,4007,96f439b2-3dcd-0401-4007-4ec4bed146d2,758,867
52,4,4007,96f439b2-3dcd-0402-4007-4ec4bed146d2,783,922
53,4,4004,96f439b2-3dcd-0401-4004-4ec4bed146d2,730,853
54,4,4004,96f439b2-3dcd-0402-4004-4ec4bed146d2,735,922
55,4,4009,96f439b2-3dcd-0401-4009-4ec4bed146d2,729,929
56,4,4009,96f439b2-3dcd-0402-4009-4ec4bed146d2,755,910
57,4,4044,96f439b2-3dcd-0401-4044-4ec4bed146d2,756,883
58,4,4044,96f439b2-3dcd-0402-4044-4ec4bed146d2,813,899
59,4,4011,96f439b2-3dcd-0401-4011-4ec4bed146d2,793,905
60,4,4013,96f439b2-3dcd-0401-4013-4ec4bed146d2,759,923
61,5,4002,96f439b2-3dcd-0501-4002-4ec4bed146d2,808,824
62,5,4002,96f439b2-3dcd-0502-4002-4ec4bed146d2,778,736
63,5,4002,96f439b2-3dcd-0503-4002-4ec4bed146d2,755,743
64,5,4005,96f439b2-3dcd-0501-4005-4ec4bed146d2,800,760
65,5,4005,96f439b2-3dcd-0502-4005-4ec4bed146d2,785,732
66,5,4005,96f439b2-3dcd-0503-4005-4ec4bed146d2,773,768
67,5,4045,96f439b2-3dcd-0501-4045-4ec4bed146d2,736,765
68,5,4045,96f439b2-3dcd-0502-4045-4ec4bed146d2,726,768
69,5,4008,96f439b2-3dcd-0501-4008-4ec4bed146d2,824,729
70,5,4008,96f439b2-3dcd-0502-4008-4ec4bed146d2,809,777
71,5,4007,96f439b2-3dcd-0501-4007-4ec4bed146d2,740,738
72,5,4007,96f439b2-3dcd-0502-4007-4ec4bed146d2,779,765
73,5,4004,96f439b2-3dcd-0501-4004-4ec4bed146d2,787,790
74,5,4004,96f439b2-3dcd-0502-4004-4ec4bed146d2,769,803
75,5,4009,96f439b2-3dcd-0501-4009-4ec4bed146d2,730,771
76,5,4009,96f439b2-3dcd-0502-4009-4ec4bed146d2,770,815
77,5,4044,96f439b2-3dcd-0501-4044-4ec4bed146d2,736,805
78,5,4044,96f439b2-3dcd-0502-4044-4ec4bed146d2,788,763
79,5,4011,96f439b2-3dcd-0501-4011-4ec4bed146d2,725,807
80,5,4013,96f439b2-3dcd-0501-4013-4ec4bed146d2,725,747
81,6,4002,96f439b2-3dcd-0601-4002-4ec4bed146d2,730,657
82,6,4002,96f439b2-3dcd-0602-4002-4ec4bed146d2,819,643
83,6,4002,96f439b2-3dcd-0603-4002-4ec4bed146d2,764,679
84,6,4005,96f439b2-3dcd-0601-4005-4ec4bed146d2,771,607
85,6,4005,96f439b2-3dcd-0602-4005-4ec4bed146d2,738,626
86,6,4005,96f439b2-3dcd-0603-4005-4ec4bed146d2,759,628
87,6,4045,96f439b2-3dcd-0601-4045-4ec4bed146d2,803,615
88,6,4045,96f439b2-3dcd-0602-4045-4ec4bed146d2,813,611
89,6,4008,96f439b2-3dcd-0601-4008-4ec4bed146d2,784,680
90,6,4008,96f439b2-3dcd-0602-4008-4ec4bed146d2,730,649
91,6,4007,96f439b2-3dcd-0601-4007-4ec4bed146d2,727,677
92,6,4007,96f439b2-3dcd-0602-4007-4ec4bed146d2,809,677
93,6,4004,96f439b2-3dcd-0601-4004-4ec4bed146d2,806,615
94,6,4004,96f439b2-3dcd-0602-4004-4ec4bed146d2,731,628
95,6,4009,96f439b2-3dcd-0601-4009-4ec4bed146d2,769,634
96,6,4009,96f439b2-3dcd-0602-4009-4ec4bed146d2,730,685
97,6,4044,96f439b2-3dcd-0601-4044-4ec4bed146d2,734,675
98,6,4044,96f439b2-3dcd-0602-4044-4ec4bed146d2,786,693
99,6,4011,96f439b2-3dcd-0601-4011-4ec4bed146d2,750,610
100,6,4013,96f439b2-3dcd-0601-4013-4ec4bed146d2,731,678
101,6,4014,96f439b2-3dcd-0601-4014-4ec4bed146d2,809,610
102,7,4002,96f439b2-3dcd-0701-4002-4ec4bed146d2,800,560
103,7,4002,96f439b2-3dcd-0702-4002-4ec4bed146d2,764,517
104,7,4002,96f439b2-3dcd-0703-4002-4ec4bed146d2,769,579
105,7,4005,96f439b2-3dcd-0701-4005-4ec4bed146d2,804,495
106,7,4005,96f439b2-3dcd-0702-4005-4ec4bed146d2,743,494
107,7,4005,96f439b2-3dcd-0703-4005-4ec4bed146d2,775,549
108,7,4045,96f439b2-3dcd-0701-4045-4ec4bed146d2,820,581
109,7,4045,96f439b2-3dcd-0702-4045-4ec4bed146d2,784,561
110,7,4008,96f439b2-3dcd-0701-4008-4ec4bed146d2,731,578
111,7,4008,96f439b2-3dcd-0702-4008-4ec4bed146d2,727,494
112,7,4007,96f439b2-3dcd-0701-4007-4ec4bed146d2,769,518
113,7,4007,96f439b2-3dcd-0702-4007-4ec4bed146d2,744,572
114,7,4004,96f439b2-3dcd-0701-4004-4ec4bed146d2,801,574
115,7,4004,96f439b2-3dcd-0702-4004-4ec4bed146d2,806,539
116,7,4009,96f439b2-3dcd-0701-4009-4ec4bed146d2,731,550
117,7,4009,96f439b2-3dcd-0702-4009-4ec4bed146d2,728,499
118,7,4044,96f439b2-3dcd-0701-4044-4ec4bed146d2,795,537
119,7,4044,96f439b2-3dcd-0702-4044-4ec4bed146d2,813,508
120,7,4011,96f439b2-3dcd-0701-4011-4ec4bed146d2,726,516
121,7,4013,96f439b2-3dcd-0701-4013-4ec4bed146d2,762,487
122,8,4005,96f439b2-3dcd-0801-4005-4ec4bed146d2,845,495
123,8,4005,96f439b2-3dcd-0802-4005-4ec4bed146d2,843,544
124,8,4005,96f439b2-3dcd-0803-4005-4ec4bed146d2,944,485
125,8,4095,96f439b2-3dcd-0801-4095-4ec4bed146d2,865,560
126,8,4008,96f439b2-3dcd-0801-4008-4ec4bed146d2,864,485
127,8,4008,96f439b2-3dcd-0802-4008-4ec4bed146d2,921,504
128,8,4008,96f439b2-3dcd-0803-4008-4ec4bed146d2,892,485
129,11,4002,96f439b2-3dcd-1101-4002-4ec4bed146d2,699,1017
130,11,4002,96f439b2-3dcd-1102-4002-4ec4bed146d2,612,976
131,11,4005,96f439b2-3dcd-1101-4005-4ec4bed146d2,609,972
132,11,4005,96f439b2-3dcd-1102-4005-4ec4bed146d2,617,991
133,11,4045,96f439b2-3dcd-1101-4045-4ec4bed146d2,625,1046
134,11,4008,96f439b2-3dcd-1101-4008-4ec4bed146d2,610,1030
135,11,4007,96f439b2-3dcd-1101-4007-4ec4bed146d2,639,977
136,11,4004,96f439b2-3dcd-1101-4004-4ec4bed146d2,679,1045
137,11,4004,96f439b2-3dcd-1102-4004-4ec4bed146d2,660,979
138,11,4004,96f439b2-3dcd-1103-4004-4ec4bed146d2,632,1045
139,11,4009,96f439b2-3dcd-1101-4009-4ec4bed146d2,647,1051
140,11,4009,96f439b2-3dcd-1102-4009-4ec4bed146d2,614,991
141,11,4009,96f439b2-3dcd-1103-4009-4ec4bed146d2,647,976
142,11,4044,96f439b2-3dcd-1101-4044-4ec4bed146d2,700,978
143,11,4044,96f439b2-3dcd-1102-4044-4ec4bed146d2,683,1058
144,11,4044,96f439b2-3dcd-1103-4044-4ec4bed146d2,614,1059
145,11,4011,96f439b2-3dcd-1101-4011-4ec4bed146d2,622,974
146,11,4011,96f439b2-3dcd-1102-4011-4ec4bed146d2,664,1023
147,11,4013,96f439b2-3dcd-1101-4013-4ec4bed146d2,618,1004
148,11,4013,96f439b2-3dcd-1102-4013-4ec4bed146d2,667,982
149,12,4002,96f439b2-3dcd-1201-4002-4ec4bed146d2,685,895
150,12,4002,96f439b2-3dcd-1202-4002-4ec4bed146d2,605,887
151,12,4005,96f439b2-3dcd-1201-4005-4ec4bed146d2,645,849
152,12,4005,96f439b2-3dcd-1202-4005-4ec4bed146d2,606,925
153,12,4045,96f439b2-3dcd-1201-4045-4ec4bed146d2,678,862
154,12,4008,96f439b2-3dcd-1201-4008-4ec4bed146d2,652,845
155,12,4007,96f439b2-3dcd-1201-4007-4ec4bed146d2,694,853
156,12,4004,96f439b2-3dcd-1201-4004-4ec4bed146d2,648,848
157,12,4004,96f439b2-3dcd-1202-4004-4ec4bed146d2,674,866
158,12,4004,96f439b2-3dcd-1203-4004-4ec4bed146d2,631,874
159,12,4009,96f439b2-3dcd-1201-4009-4ec4bed146d2,611,928
160,12,4009,96f439b2-3dcd-1202-4009-4ec4bed146d2,633,935
161,12,4009,96f439b2-3dcd-1203-4009-4ec4bed146d2,687,868
162,12,4044,96f439b2-3dcd-1201-4044-4ec4bed146d2,691,883
163,12,4044,96f439b2-3dcd-1202-4044-4ec4bed146d2,618,924
164,12,4044,96f439b2-3dcd-1203-4044-4ec4bed146d2,695,936
165,12,4011,96f439b2-3dcd-1201-4011-4ec4bed146d2,610,864
166,12,4011,96f439b2-3dcd-1202-4011-4ec4bed146d2,620,845
167,12,4013,96f439b2-3dcd-1201-4013-4ec4bed146d2,610,889
168,12,4013,96f439b2-3dcd-1202-4013-4ec4bed146d2,656,911
169,13,4002,96f439b2-3dcd-1301-4002-4ec4bed146d2,699,820
170,13,4002,96f439b2-3dcd-1302-4002-4ec4bed146d2,688,721
171,13,4005,96f439b2-3dcd-1301-4005-4ec4bed146d2,608,807
172,13,4005,96f439b2-3dcd-1302-4005-4ec4bed146d2,671,726
173,13,4045,96f439b2-3dcd-1301-4045-4ec4bed146d2,677,762
174,13,4008,96f439b2-3dcd-1301-4008-4ec4bed146d2,613,746
175,13,4007,96f439b2-3dcd-1301-4007-4ec4bed146d2,673,798
176,13,4004,96f439b2-3dcd-1301-4004-4ec4bed146d2,6010,728
177,13,4004,96f439b2-3dcd-1302-4004-4ec4bed146d2,677,764
178,13,4004,96f439b2-3dcd-1303-4004-4ec4bed146d2,625,798
179,13,4009,96f439b2-3dcd-1301-4009-4ec4bed146d2,695,784
180,13,4009,96f439b2-3dcd-1302-4009-4ec4bed146d2,606,811
181,13,4009,96f439b2-3dcd-1303-4009-4ec4bed146d2,622,752
182,13,4044,96f439b2-3dcd-1301-4044-4ec4bed146d2,611,756
183,13,4044,96f439b2-3dcd-1302-4044-4ec4bed146d2,617,814
184,13,4044,96f439b2-3dcd-1303-4044-4ec4bed146d2,689,734
185,13,4011,96f439b2-3dcd-1301-4011-4ec4bed146d2,656,729
186,13,4011,96f439b2-3dcd-1302-4011-4ec4bed146d2,633,771
187,13,4013,96f439b2-3dcd-1301-4013-4ec4bed146d2,627,733
188,13,4013,96f439b2-3dcd-1302-4013-4ec4bed146d2,614,763
189,14,4002,96f439b2-3dcd-1401-4002-4ec4bed146d2,700,620
190,14,4002,96f439b2-3dcd-1402-4002-4ec4bed146d2,683,618
191,14,4005,96f439b2-3dcd-1401-4005-4ec4bed146d2,634,648
192,14,4005,96f439b2-3dcd-1402-4005-4ec4bed146d2,607,655
193,14,4045,96f439b2-3dcd-1401-4045-4ec4bed146d2,654,609
194,14,4008,96f439b2-3dcd-1401-4008-4ec4bed146d2,642,685
195,14,4007,96f439b2-3dcd-1401-4007-4ec4bed146d2,615,687
196,14,4004,96f439b2-3dcd-1401-4004-4ec4bed146d2,607,658
197,14,4004,96f439b2-3dcd-1402-4004-4ec4bed146d2,628,699
198,14,4004,96f439b2-3dcd-1403-4004-4ec4bed146d2,630,688
199,14,4009,96f439b2-3dcd-1401-4009-4ec4bed146d2,691,682
200,14,4009,96f439b2-3dcd-1402-4009-4ec4bed146d2,641,692
201,14,4009,96f439b2-3dcd-1403-4009-4ec4bed146d2,690,637
202,14,4044,96f439b2-3dcd-1401-4044-4ec4bed146d2,695,652
203,14,4044,96f439b2-3dcd-1402-4044-4ec4bed146d2,656,617
204,14,4044,96f439b2-3dcd-1403-4044-4ec4bed146d2,679,626
205,14,4011,96f439b2-3dcd-1401-4011-4ec4bed146d2,647,655
206,14,4011,96f439b2-3dcd-1402-4011-4ec4bed146d2,609,624
207,14,4013,96f439b2-3dcd-1401-4013-4ec4bed146d2,629,605
208,14,4013,96f439b2-3dcd-1402-4013-4ec4bed146d2,608,605
209,15,4002,96f439b2-3dcd-1501-4002-4ec4bed146d2,701,520
210,15,4002,96f439b2-3dcd-1502-4002-4ec4bed146d2,685,485
211,15,4005,96f439b2-3dcd-1501-4005-4ec4bed146d2,686,569
212,15,4005,96f439b2-3dcd-1502-4005-4ec4bed146d2,659,576
213,15,4045,96f439b2-3dcd-1501-4045-4ec4bed146d2,614,497
214,15,4008,96f439b2-3dcd-1501-4008-4ec4bed146d2,611,505
215,15,4007,96f439b2-3dcd-1501-4007-4ec4bed146d2,680,492
216,15,4004,96f439b2-3dcd-1501-4004-4ec4bed146d2,692,488
217,15,4004,96f439b2-3dcd-1502-4004-4ec4bed146d2,616,505
218,15,4004,96f439b2-3dcd-1503-4004-4ec4bed146d2,606,567
219,15,4009,96f439b2-3dcd-1501-4009-4ec4bed146d2,657,487
220,15,4009,96f439b2-3dcd-1502-4009-4ec4bed146d2,623,574
221,15,4009,96f439b2-3dcd-1503-4009-4ec4bed146d2,608,519
222,15,4044,96f439b2-3dcd-1501-4044-4ec4bed146d2,696,577
223,15,4044,96f439b2-3dcd-1502-4044-4ec4bed146d2,639,551
224,15,4044,96f439b2-3dcd-1503-4044-4ec4bed146d2,698,552
225,15,4011,96f439b2-3dcd-1501-4011-4ec4bed146d2,617,489
226,15,4011,96f439b2-3dcd-1502-4011-4ec4bed146d2,607,530
227,15,4013,96f439b2-3dcd-1501-4013-4ec4bed146d2,623,526
228,15,4013,96f439b2-3dcd-1502-4013-4ec4bed146d2,639,488
229,16,4002,96f439b2-3dcd-1601-4002-4ec4bed146d2,700,460
230,16,4002,96f439b2-3dcd-1602-4002-4ec4bed146d2,608,370
231,16,4005,96f439b2-3dcd-1601-4005-4ec4bed146d2,679,366
232,16,4005,96f439b2-3dcd-1602-4005-4ec4bed146d2,667,381
233,16,4045,96f439b2-3dcd-1601-4045-4ec4bed146d2,692,468
234,16,4008,96f439b2-3dcd-1601-4008-4ec4bed146d2,617,368
235,16,4007,96f439b2-3dcd-1601-4007-4ec4bed146d2,613,437
236,16,4004,96f439b2-3dcd-1601-4004-4ec4bed146d2,607,430
237,16,4004,96f439b2-3dcd-1602-4004-4ec4bed146d2,632,366
238,16,4004,96f439b2-3dcd-1603-4004-4ec4bed146d2,615,365
239,16,4009,96f439b2-3dcd-1601-4009-4ec4bed146d2,676,387
240,16,4009,96f439b2-3dcd-1602-4009-4ec4bed146d2,675,426
241,16,4009,96f439b2-3dcd-1603-4009-4ec4bed146d2,631,387
242,16,4044,96f439b2-3dcd-1601-4044-4ec4bed146d2,608,451
243,16,4044,96f439b2-3dcd-1602-4044-4ec4bed146d2,634,452
244,16,4044,96f439b2-3dcd-1603-4044-4ec4bed146d2,692,370
245,16,4011,96f439b2-3dcd-1601-4011-4ec4bed146d2,609,379
246,16,4011,96f439b2-3dcd-1602-4011-4ec4bed146d2,664,365
247,16,4013,96f439b2-3dcd-1601-4013-4ec4bed146d2,640,373
248,16,4013,96f439b2-3dcd-1602-4013-4ec4bed146d2,606,396
249,17,4002,96f439b2-3dcd-1701-4002-4ec4bed146d2,775,376
250,17,4002,96f439b2-3dcd-1702-4002-4ec4bed146d2,823,436
251,17,4005,96f439b2-3dcd-1701-4005-4ec4bed146d2,777,366
252,17,4005,96f439b2-3dcd-1702-4005-4ec4bed146d2,748,390
253,17,4045,96f439b2-3dcd-1701-4045-4ec4bed146d2,812,451
254,17,4008,96f439b2-3dcd-1701-4008-4ec4bed146d2,768,371
255,17,4007,96f439b2-3dcd-1701-4007-4ec4bed146d2,733,370
256,17,4004,96f439b2-3dcd-1701-4004-4ec4bed146d2,815,366
257,17,4004,96f439b2-3dcd-1702-4004-4ec4bed146d2,805,373
258,17,4004,96f439b2-3dcd-1703-4004-4ec4bed146d2,731,441
259,17,4009,96f439b2-3dcd-1701-4009-4ec4bed146d2,802,401
260,17,4009,96f439b2-3dcd-1702-4009-4ec4bed146d2,755,459
261,17,4009,96f439b2-3dcd-1703-4009-4ec4bed146d2,813,453
262,17,4044,96f439b2-3dcd-1701-4044-4ec4bed146d2,737,458
263,17,4044,96f439b2-3dcd-1702-4044-4ec4bed146d2,758,401
264,17,4044,96f439b2-3dcd-1703-4044-4ec4bed146d2,819,383
265,17,4011,96f439b2-3dcd-1701-4011-4ec4bed146d2,753,374
266,17,4011,96f439b2-3dcd-1702-4011-4ec4bed146d2,726,384
267,17,4013,96f439b2-3dcd-1701-4013-4ec4bed146d2,780,368
268,17,4013,96f439b2-3dcd-1702-4013-4ec4bed146d2,728,400
269,18,4002,96f439b2-3dcd-1801-4002-4ec4bed146d2,900,460
270,18,4002,96f439b2-3dcd-1802-4002-4ec4bed146d2,944,375
271,18,4005,96f439b2-3dcd-1801-4005-4ec4bed146d2,856,426
272,18,4005,96f439b2-3dcd-1802-4005-4ec4bed146d2,875,389
273,18,4045,96f439b2-3dcd-1801-4045-4ec4bed146d2,858,416
274,18,4008,96f439b2-3dcd-1801-4008-4ec4bed146d2,870,447
275,18,4007,96f439b2-3dcd-1801-4007-4ec4bed146d2,872,450
276,18,4004,96f439b2-3dcd-1801-4004-4ec4bed146d2,864,425
277,18,4004,96f439b2-3dcd-1802-4004-4ec4bed146d2,873,393
278,18,4004,96f439b2-3dcd-1803-4004-4ec4bed146d2,847,384
279,18,4009,96f439b2-3dcd-1801-4009-4ec4bed146d2,924,384
280,18,4009,96f439b2-3dcd-1802-4009-4ec4bed146d2,845,366
281,18,4009,96f439b2-3dcd-1803-4009-4ec4bed146d2,848,438
282,18,4044,96f439b2-3dcd-1801-4044-4ec4bed146d2,848,453
283,18,4044,96f439b2-3dcd-1802-4044-4ec4bed146d2,923,373
284,18,4044,96f439b2-3dcd-1803-4044-4ec4bed146d2,932,456
285,18,4011,96f439b2-3dcd-1801-4011-4ec4bed146d2,896,403
286,18,4011,96f439b2-3dcd-1802-4011-4ec4bed146d2,885,369
287,18,4013,96f439b2-3dcd-1801-4013-4ec4bed146d2,874,370
288,18,4013,96f439b2-3dcd-1802-4013-4ec4bed146d2,846,387
289,19,4002,96f439b2-3dcd-1901-4002-4ec4bed146d2,1000,460
290,19,4002,96f439b2-3dcd-1902-4002-4ec4bed146d2,1007,393
291,19,4005,96f439b2-3dcd-1901-4005-4ec4bed146d2,997,371
292,19,4005,96f439b2-3dcd-1902-4005-4ec4bed146d2,1007,405
293,19,4045,96f439b2-3dcd-1901-4045-4ec4bed146d2,1061,375
294,19,4008,96f439b2-3dcd-1901-4008-4ec4bed146d2,1020,401
295,19,4007,96f439b2-3dcd-1901-4007-4ec4bed146d2,975,377
296,19,4004,96f439b2-3dcd-1901-4004-4ec4bed146d2,981,390
297,19,4004,96f439b2-3dcd-1902-4004-4ec4bed146d2,966,439
298,19,4004,96f439b2-3dcd-1903-4004-4ec4bed146d2,1021,399
299,19,4009,96f439b2-3dcd-1901-4009-4ec4bed146d2,968,394
300,19,4009,96f439b2-3dcd-1902-4009-4ec4bed146d2,1012,431
301,19,4009,96f439b2-3dcd-1903-4009-4ec4bed146d2,969,446
302,19,4044,96f439b2-3dcd-1901-4044-4ec4bed146d2,1043,430
303,19,4044,96f439b2-3dcd-1902-4044-4ec4bed146d2,1046,385
304,19,4044,96f439b2-3dcd-1903-4044-4ec4bed146d2,1031,454
305,19,4011,96f439b2-3dcd-1901-4011-4ec4bed146d2,1051,385
306,19,4011,96f439b2-3dcd-1902-4011-4ec4bed146d2,965,406
307,19,4013,96f439b2-3dcd-1901-4013-4ec4bed146d2,1043,435
308,19,4013,96f439b2-3dcd-1902-4013-4ec4bed146d2,1015,374
309,21,4002,96f439b2-3dcd-2101-4002-4ec4bed146d2,700,1120
310,21,4005,96f439b2-3dcd-2101-4005-4ec4bed146d2,636,1128
311,21,4007,96f439b2-3dcd-2101-4007-4ec4bed146d2,662,1083
312,21,4004,96f439b2-3dcd-2101-4004-4ec4bed146d2,634,1129
313,21,4004,96f439b2-3dcd-2102-4004-4ec4bed146d2,684,1139
314,21,4004,96f439b2-3dcd-2103-4004-4ec4bed146d2,626,1175
315,21,4009,96f439b2-3dcd-2101-4009-4ec4bed146d2,648,1143
316,21,4009,96f439b2-3dcd-2102-4009-4ec4bed146d2,634,1077
317,21,4009,96f439b2-3dcd-2103-4009-4ec4bed146d2,678,1087
318,21,4044,96f439b2-3dcd-2101-4044-4ec4bed146d2,701,1097
319,21,4044,96f439b2-3dcd-2102-4044-4ec4bed146d2,616,1175
320,21,4044,96f439b2-3dcd-2103-4044-4ec4bed146d2,621,1163
321,21,4011,96f439b2-3dcd-2101-4011-4ec4bed146d2,628,1092
322,21,4011,96f439b2-3dcd-2102-4011-4ec4bed146d2,680,1160
323,21,4011,96f439b2-3dcd-2103-4011-4ec4bed146d2,597,1111
324,21,4013,96f439b2-3dcd-2101-4013-4ec4bed146d2,606,1139
325,21,4013,96f439b2-3dcd-2102-4013-4ec4bed146d2,644,1083
326,21,4013,96f439b2-3dcd-2103-4013-4ec4bed146d2,659,1165
327,22,4002,96f439b2-3dcd-2201-4002-4ec4bed146d2,580,1120
328,22,4005,96f439b2-3dcd-2201-4005-4ec4bed146d2,493,1098
329,22,4007,96f439b2-3dcd-2201-4007-4ec4bed146d2,499,1111
330,22,4004,96f439b2-3dcd-2201-4004-4ec4bed146d2,481,1131
331,22,4004,96f439b2-3dcd-2202-4004-4ec4bed146d2,561,1087
332,22,4004,96f439b2-3dcd-2203-4004-4ec4bed146d2,575,1094
333,22,4009,96f439b2-3dcd-2201-4009-4ec4bed146d2,518,1096
334,22,4009,96f439b2-3dcd-2202-4009-4ec4bed146d2,486,1143
335,22,4009,96f439b2-3dcd-2203-4009-4ec4bed146d2,560,1155
336,22,4044,96f439b2-3dcd-2201-4044-4ec4bed146d2,576,1179
337,22,4044,96f439b2-3dcd-2202-4044-4ec4bed146d2,512,1088
338,22,4044,96f439b2-3dcd-2203-4044-4ec4bed146d2,574,1088
339,22,4011,96f439b2-3dcd-2201-4011-4ec4bed146d2,539,1157
340,22,4011,96f439b2-3dcd-2202-4011-4ec4bed146d2,483,1165
341,22,4011,96f439b2-3dcd-2203-4011-4ec4bed146d2,536,1115
342,22,4013,96f439b2-3dcd-2201-4013-4ec4bed146d2,499,1151
343,22,4013,96f439b2-3dcd-2202-4013-4ec4bed146d2,480,1114
344,22,4013,96f439b2-3dcd-2203-4013-4ec4bed146d2,519,1082
345,23,4002,96f439b2-3dcd-2301-4002-4ec4bed146d2,580,1020
346,23,4005,96f439b2-3dcd-2301-4005-4ec4bed146d2,508,970
347,23,4007,96f439b2-3dcd-2301-4007-4ec4bed146d2,490,1050
348,23,4004,96f439b2-3dcd-2301-4004-4ec4bed146d2,507,1050
349,23,4004,96f439b2-3dcd-2302-4004-4ec4bed146d2,494,978
350,23,4004,96f439b2-3dcd-2303-4004-4ec4bed146d2,540,976
351,23,4009,96f439b2-3dcd-2301-4009-4ec4bed146d2,575,1045
352,23,4009,96f439b2-3dcd-2302-4009-4ec4bed146d2,544,986
353,23,4009,96f439b2-3dcd-2303-4009-4ec4bed146d2,510,986
354,23,4044,96f439b2-3dcd-2301-4044-4ec4bed146d2,576,998
355,23,4044,96f439b2-3dcd-2302-4044-4ec4bed146d2,544,970
356,23,4044,96f439b2-3dcd-2303-4044-4ec4bed146d2,491,1042
357,23,4011,96f439b2-3dcd-2301-4011-4ec4bed146d2,532,1024
358,23,4011,96f439b2-3dcd-2302-4011-4ec4bed146d2,489,1000
359,23,4011,96f439b2-3dcd-2303-4011-4ec4bed146d2,553,971
360,23,4013,96f439b2-3dcd-2301-4013-4ec4bed146d2,515,999
361,23,4013,96f439b2-3dcd-2302-4013-4ec4bed146d2,491,988
362,23,4013,96f439b2-3dcd-2303-4013-4ec4bed146d2,505,974
363,24,4002,96f439b2-3dcd-2401-4002-4ec4bed146d2,536,946
364,24,4005,96f439b2-3dcd-2401-4005-4ec4bed146d2,494,946
365,24,4007,96f439b2-3dcd-2401-4007-4ec4bed146d2,492,861
366,24,4004,96f439b2-3dcd-2401-4004-4ec4bed146d2,559,868
367,24,4004,96f439b2-3dcd-2402-4004-4ec4bed146d2,569,932
368,24,4004,96f439b2-3dcd-2403-4004-4ec4bed146d2,493,905
369,24,4009,96f439b2-3dcd-2401-4009-4ec4bed146d2,492,866
370,24,4009,96f439b2-3dcd-2402-4009-4ec4bed146d2,509,876
371,24,4009,96f439b2-3dcd-2403-4009-4ec4bed146d2,496,916
372,24,4044,96f439b2-3dcd-2401-4044-4ec4bed146d2,509,940
373,24,4044,96f439b2-3dcd-2402-4044-4ec4bed146d2,558,926
374,24,4044,96f439b2-3dcd-2403-4044-4ec4bed146d2,494,927
375,24,4011,96f439b2-3dcd-2401-4011-4ec4bed146d2,524,851
376,24,4011,96f439b2-3dcd-2402-4011-4ec4bed146d2,492,867
377,24,4011,96f439b2-3dcd-2403-4011-4ec4bed146d2,533,868
378,24,4013,96f439b2-3dcd-2401-4013-4ec4bed146d2,496,874
379,24,4013,96f439b2-3dcd-2402-4013-4ec4bed146d2,546,852
380,24,4013,96f439b2-3dcd-2403-4013-4ec4bed146d2,518,902
381,25,4002,96f439b2-3dcd-2501-4002-4ec4bed146d2,496,809
382,25,4005,96f439b2-3dcd-2501-4005-4ec4bed146d2,584,781
383,25,4007,96f439b2-3dcd-2501-4007-4ec4bed146d2,491,736
384,25,4004,96f439b2-3dcd-2501-4004-4ec4bed146d2,491,774
385,25,4004,96f439b2-3dcd-2502-4004-4ec4bed146d2,497,743
386,25,4004,96f439b2-3dcd-2503-4004-4ec4bed146d2,507,735
387,25,4009,96f439b2-3dcd-2501-4009-4ec4bed146d2,573,804
388,25,4009,96f439b2-3dcd-2502-4009-4ec4bed146d2,576,731
389,25,4009,96f439b2-3dcd-2503-4009-4ec4bed146d2,511,746
390,25,4044,96f439b2-3dcd-2501-4044-4ec4bed146d2,524,768
391,25,4044,96f439b2-3dcd-2502-4044-4ec4bed146d2,526,816
392,25,4044,96f439b2-3dcd-2503-4044-4ec4bed146d2,493,817
393,25,4011,96f439b2-3dcd-2501-4011-4ec4bed146d2,490,784
394,25,4011,96f439b2-3dcd-2502-4011-4ec4bed146d2,548,788
395,25,4011,96f439b2-3dcd-2503-4011-4ec4bed146d2,519,777
396,25,4013,96f439b2-3dcd-2501-4013-4ec4bed146d2,515,770
397,25,4013,96f439b2-3dcd-2502-4013-4ec4bed146d2,520,735
398,25,4013,96f439b2-3dcd-2503-4013-4ec4bed146d2,493,749
399,26,4002,96f439b2-3dcd-2601-4002-4ec4bed146d2,494,630
400,26,4005,96f439b2-3dcd-2601-4005-4ec4bed146d2,511,638
401,26,4007,96f439b2-3dcd-2601-4007-4ec4bed146d2,497,637
402,26,4004,96f439b2-3dcd-2601-4004-4ec4bed146d2,572,619
403,26,4004,96f439b2-3dcd-2602-4004-4ec4bed146d2,496,610
404,26,4004,96f439b2-3dcd-2603-4004-4ec4bed146d2,493,692
405,26,4009,96f439b2-3dcd-2601-4009-4ec4bed146d2,507,612
406,26,4009,96f439b2-3dcd-2602-4009-4ec4bed146d2,497,680
407,26,4009,96f439b2-3dcd-2603-4009-4ec4bed146d2,573,692
408,26,4044,96f439b2-3dcd-2601-4044-4ec4bed146d2,574,686
409,26,4044,96f439b2-3dcd-2602-4044-4ec4bed146d2,550,641
410,26,4044,96f439b2-3dcd-2603-4044-4ec4bed146d2,544,699
411,26,4011,96f439b2-3dcd-2601-4011-4ec4bed146d2,515,615
412,26,4011,96f439b2-3dcd-2602-4011-4ec4bed146d2,556,656
413,26,4011,96f439b2-3dcd-2603-4011-4ec4bed146d2,533,630
414,26,4013,96f439b2-3dcd-2601-4013-4ec4bed146d2,511,643
415,26,4013,96f439b2-3dcd-2602-4013-4ec4bed146d2,491,644
416,26,4013,96f439b2-3dcd-2603-4013-4ec4bed146d2,496,672
417,27,4002,96f439b2-3dcd-2701-4002-4ec4bed146d2,491,493
418,27,4005,96f439b2-3dcd-2701-4005-4ec4bed146d2,580,560
419,27,4007,96f439b2-3dcd-2701-4007-4ec4bed146d2,495,556
420,27,4004,96f439b2-3dcd-2701-4004-4ec4bed146d2,508,574
421,27,4004,96f439b2-3dcd-2702-4004-4ec4bed146d2,551,522
422,27,4004,96f439b2-3dcd-2703-4004-4ec4bed146d2,490,500
423,27,4009,96f439b2-3dcd-2701-4009-4ec4bed146d2,521,497
424,27,4009,96f439b2-3dcd-2702-4009-4ec4bed146d2,569,511
425,27,4009,96f439b2-3dcd-2703-4009-4ec4bed146d2,561,494
426,27,4044,96f439b2-3dcd-2701-4044-4ec4bed146d2,573,579
427,27,4044,96f439b2-3dcd-2702-4044-4ec4bed146d2,504,573
428,27,4044,96f439b2-3dcd-2703-4044-4ec4bed146d2,566,508
429,27,4011,96f439b2-3dcd-2701-4011-4ec4bed146d2,530,520
430,27,4011,96f439b2-3dcd-2702-4011-4ec4bed146d2,492,508
431,27,4011,96f439b2-3dcd-2703-4011-4ec4bed146d2,494,492
432,27,4013,96f439b2-3dcd-2701-4013-4ec4bed146d2,520,497
433,27,4013,96f439b2-3dcd-2702-4013-4ec4bed146d2,498,525
434,27,4013,96f439b2-3dcd-2703-4013-4ec4bed146d2,508,527
435,28,4002,96f439b2-3dcd-2801-4002-4ec4bed146d2,580,460
436,28,4005,96f439b2-3dcd-2801-4005-4ec4bed146d2,493,404
437,28,4007,96f439b2-3dcd-2801-4007-4ec4bed146d2,562,442
438,28,4004,96f439b2-3dcd-2801-4004-4ec4bed146d2,493,438
439,28,4004,96f439b2-3dcd-2802-4004-4ec4bed146d2,572,419
440,28,4004,96f439b2-3dcd-2803-4004-4ec4bed146d2,544,380
441,28,4009,96f439b2-3dcd-2801-4009-4ec4bed146d2,487,374
442,28,4009,96f439b2-3dcd-2802-4009-4ec4bed146d2,497,445
443,28,4009,96f439b2-3dcd-2803-4009-4ec4bed146d2,554,383
444,28,4044,96f439b2-3dcd-2801-4044-4ec4bed146d2,562,400
445,28,4044,96f439b2-3dcd-2802-4044-4ec4bed146d2,572,376
446,28,4044,96f439b2-3dcd-2803-4044-4ec4bed146d2,493,449
447,28,4011,96f439b2-3dcd-2801-4011-4ec4bed146d2,524,382
448,28,4011,96f439b2-3dcd-2802-4011-4ec4bed146d2,505,408
449,28,4011,96f439b2-3dcd-2803-4011-4ec4bed146d2,490,406
450,28,4013,96f439b2-3dcd-2801-4013-4ec4bed146d2,551,371
451,28,4013,96f439b2-3dcd-2802-4013-4ec4bed146d2,501,383
452,28,4013,96f439b2-3dcd-2803-4013-4ec4bed146d2,491,375
453,29,4002,96f439b2-3dcd-2901-4002-4ec4bed146d2,580,330
454,29,4005,96f439b2-3dcd-2901-4005-4ec4bed146d2,500,256
455,29,4007,96f439b2-3dcd-2901-4007-4ec4bed146d2,579,251
456,29,4004,96f439b2-3dcd-2901-4004-4ec4bed146d2,558,281
457,29,4004,96f439b2-3dcd-2902-4004-4ec4bed146d2,504,252
458,29,4004,96f439b2-3dcd-2903-4004-4ec4bed146d2,569,335
459,29,4009,96f439b2-3dcd-2901-4009-4ec4bed146d2,567,248
460,29,4009,96f439b2-3dcd-2902-4009-4ec4bed146d2,522,337
461,29,4009,96f439b2-3dcd-2903-4009-4ec4bed146d2,490,329
462,29,4044,96f439b2-3dcd-2901-4044-4ec4bed146d2,514,269
463,29,4044,96f439b2-3dcd-2902-4044-4ec4bed146d2,580,295
464,29,4044,96f439b2-3dcd-2903-4044-4ec4bed146d2,490,321
465,29,4011,96f439b2-3dcd-2901-4011-4ec4bed146d2,497,267
466,29,4011,96f439b2-3dcd-2902-4011-4ec4bed146d2,512,259
467,29,4011,96f439b2-3dcd-2903-4011-4ec4bed146d2,529,276
468,29,4013,96f439b2-3dcd-2901-4013-4ec4bed146d2,490,287
469,29,4013,96f439b2-3dcd-2902-4013-4ec4bed146d2,540,270
470,29,4013,96f439b2-3dcd-2903-4013-4ec4bed146d2,535,267
471,30,4002,96f439b2-3dcd-3001-4002-4ec4bed146d2,706,330
472,30,4005,96f439b2-3dcd-3001-4005-4ec4bed146d2,691,249
473,30,4007,96f439b2-3dcd-3001-4007-4ec4bed146d2,697,253
474,30,4004,96f439b2-3dcd-3001-4004-4ec4bed146d2,610,323
475,30,4004,96f439b2-3dcd-3002-4004-4ec4bed146d2,693,275
476,30,4004,96f439b2-3dcd-3003-4004-4ec4bed146d2,610,262
477,30,4009,96f439b2-3dcd-3001-4009-4ec4bed146d2,614,333
478,30,4009,96f439b2-3dcd-3002-4009-4ec4bed146d2,611,260
479,30,4009,96f439b2-3dcd-3003-4009-4ec4bed146d2,694,332
480,30,4044,96f439b2-3dcd-3001-4044-4ec4bed146d2,644,291
481,30,4044,96f439b2-3dcd-3002-4044-4ec4bed146d2,614,257
482,30,4044,96f439b2-3dcd-3003-4044-4ec4bed146d2,677,304
483,30,4011,96f439b2-3dcd-3001-4011-4ec4bed146d2,619,250
484,30,4011,96f439b2-3dcd-3002-4011-4ec4bed146d2,617,268
485,30,4011,96f439b2-3dcd-3003-4011-4ec4bed146d2,655,261
486,30,4013,96f439b2-3dcd-3001-4013-4ec4bed146d2,665,255
487,30,4013,96f439b2-3dcd-3002-4013-4ec4bed146d2,652,265
488,30,4013,96f439b2-3dcd-3003-4013-4ec4bed146d2,625,283
489,31,4002,96f439b2-3dcd-3101-4002-4ec4bed146d2,823,341
490,31,4005,96f439b2-3dcd-3101-4005-4ec4bed146d2,810,258
491,31,4007,96f439b2-3dcd-3101-4007-4ec4bed146d2,730,250
492,31,4004,96f439b2-3dcd-3101-4004-4ec4bed146d2,740,309
493,31,4004,96f439b2-3dcd-3102-4004-4ec4bed146d2,744,262
494,31,4004,96f439b2-3dcd-3103-4004-4ec4bed146d2,758,334
495,31,4009,96f439b2-3dcd-3101-4009-4ec4bed146d2,740,331
496,31,4009,96f439b2-3dcd-3102-4009-4ec4bed146d2,748,239
497,31,4009,96f439b2-3dcd-3103-4009-4ec4bed146d2,810,252
498,31,4044,96f439b2-3dcd-3101-4044-4ec4bed146d2,817,286
499,31,4044,96f439b2-3dcd-3102-4044-4ec4bed146d2,741,327
500,31,4044,96f439b2-3dcd-3103-4044-4ec4bed146d2,808,322
501,31,4011,96f439b2-3dcd-3101-4011-4ec4bed146d2,731,250
502,31,4011,96f439b2-3dcd-3102-4011-4ec4bed146d2,782,251
503,31,4011,96f439b2-3dcd-3103-4011-4ec4bed146d2,719,261
504,31,4013,96f439b2-3dcd-3101-4013-4ec4bed146d2,772,268
505,31,4013,96f439b2-3dcd-3102-4013-4ec4bed146d2,768,256
506,31,4013,96f439b2-3dcd-3103-4013-4ec4bed146d2,744,281
507,32,4002,96f439b2-3dcd-3201-4002-4ec4bed146d2,857,255
508,32,4005,96f439b2-3dcd-3201-4005-4ec4bed146d2,851,319
509,32,4007,96f439b2-3dcd-3201-4007-4ec4bed146d2,880,284
510,32,4004,96f439b2-3dcd-3201-4004-4ec4bed146d2,888,328
511,32,4004,96f439b2-3dcd-3202-4004-4ec4bed146d2,875,254
512,32,4004,96f439b2-3dcd-3203-4004-4ec4bed146d2,851,329
513,32,4009,96f439b2-3dcd-3201-4009-4ec4bed146d2,870,281
514,32,4009,96f439b2-3dcd-3202-4009-4ec4bed146d2,922,280
515,32,4009,96f439b2-3dcd-3203-4009-4ec4bed146d2,862,334
516,32,4044,96f439b2-3dcd-3201-4044-4ec4bed146d2,939,252
517,32,4044,96f439b2-3dcd-3202-4044-4ec4bed146d2,861,290
518,32,4044,96f439b2-3dcd-3203-4044-4ec4bed146d2,933,330
519,32,4011,96f439b2-3dcd-3201-4011-4ec4bed146d2,889,292
520,32,4011,96f439b2-3dcd-3202-4011-4ec4bed146d2,910,250
521,32,4011,96f439b2-3dcd-3203-4011-4ec4bed146d2,858,260
522,32,4013,96f439b2-3dcd-3201-4013-4ec4bed146d2,884,255
523,32,4013,96f439b2-3dcd-3202-4013-4ec4bed146d2,897,279
524,32,4013,96f439b2-3dcd-3203-4013-4ec4bed146d2,850,269
525,33,4002,96f439b2-3dcd-3301-4002-4ec4bed146d2,1011,340
526,33,4005,96f439b2-3dcd-3301-4005-4ec4bed146d2,1029,294
527,33,4007,96f439b2-3dcd-3301-4007-4ec4bed146d2,973,306
528,33,4004,96f439b2-3dcd-3301-4004-4ec4bed146d2,970,252
529,33,4004,96f439b2-3dcd-3302-4004-4ec4bed146d2,1033,298
530,33,4004,96f439b2-3dcd-3303-4004-4ec4bed146d2,979,318
531,33,4009,96f439b2-3dcd-3301-4009-4ec4bed146d2,994,268
532,33,4009,96f439b2-3dcd-3302-4009-4ec4bed146d2,971,331
533,33,4009,96f439b2-3dcd-3303-4009-4ec4bed146d2,1035,273
534,33,4044,96f439b2-3dcd-3301-4044-4ec4bed146d2,1032,264
535,33,4044,96f439b2-3dcd-3302-4044-4ec4bed146d2,992,340
536,33,4044,96f439b2-3dcd-3303-4044-4ec4bed146d2,987,258
537,33,4011,96f439b2-3dcd-3301-4011-4ec4bed146d2,1058,252
538,33,4011,96f439b2-3dcd-3302-4011-4ec4bed146d2,1033,331
539,33,4011,96f439b2-3dcd-3303-4011-4ec4bed146d2,1036,242
540,33,4013,96f439b2-3dcd-3301-4013-4ec4bed146d2,1059,288
541,33,4013,96f439b2-3dcd-3302-4013-4ec4bed146d2,1041,317
542,33,4013,96f439b2-3dcd-3303-4013-4ec4bed146d2,983,291
543,34,4002,96f439b2-3dcd-3401-4002-4ec4bed146d2,1160,392
544,34,4002,96f439b2-3dcd-3402-4002-4ec4bed146d2,1117,416
545,34,4005,96f439b2-3dcd-3401-4005-4ec4bed146d2,1081,366
546,34,4005,96f439b2-3dcd-3402-4005-4ec4bed146d2,1089,437
547,34,4045,96f439b2-3dcd-3401-4045-4ec4bed146d2,1088,399
548,34,4008,96f439b2-3dcd-3401-4008-4ec4bed146d2,1126,418
549,34,4007,96f439b2-3dcd-3401-4007-4ec4bed146d2,1093,411
550,34,4004,96f439b2-3dcd-3401-4004-4ec4bed146d2,1082,374
551,34,4004,96f439b2-3dcd-3402-4004-4ec4bed146d2,1143,451
552,34,4004,96f439b2-3dcd-3403-4004-4ec4bed146d2,1085,454
553,34,4009,96f439b2-3dcd-3401-4009-4ec4bed146d2,1160,380
554,34,4009,96f439b2-3dcd-3402-4009-4ec4bed146d2,1097,377
555,34,4009,96f439b2-3dcd-3403-4009-4ec4bed146d2,1094,443
556,34,4044,96f439b2-3dcd-3401-4044-4ec4bed146d2,1170,451
557,34,4044,96f439b2-3dcd-3402-4044-4ec4bed146d2,1114,422
558,34,4044,96f439b2-3dcd-3403-4044-4ec4bed146d2,1131,378
559,34,4011,96f439b2-3dcd-3401-4011-4ec4bed146d2,1166,416
560,34,4011,96f439b2-3dcd-3402-4011-4ec4bed146d2,1107,429
561,34,4013,96f439b2-3dcd-3401-4013-4ec4bed146d2,1135,428
562,34,4013,96f439b2-3dcd-3402-4013-4ec4bed146d2,1131,398
563,35,4002,96f439b2-3dcd-3501-4002-4ec4bed146d2,1143,538
564,35,4002,96f439b2-3dcd-3502-4002-4ec4bed146d2,1105,538
565,35,4002,96f439b2-3dcd-3503-4002-4ec4bed146d2,1120,510
566,35,4005,96f439b2-3dcd-3501-4005-4ec4bed146d2,1117,553
567,35,4005,96f439b2-3dcd-3502-4005-4ec4bed146d2,1178,563
568,35,4005,96f439b2-3dcd-3503-4005-4ec4bed146d2,1141,520
569,35,4045,96f439b2-3dcd-3501-4045-4ec4bed146d2,1083,530
570,35,4045,96f439b2-3dcd-3502-4045-4ec4bed146d2,1135,580
571,35,4008,96f439b2-3dcd-3501-4008-4ec4bed146d2,1091,571
572,35,4008,96f439b2-3dcd-3502-4008-4ec4bed146d2,1112,484
573,35,4007,96f439b2-3dcd-3501-4007-4ec4bed146d2,1082,545
574,35,4007,96f439b2-3dcd-3502-4007-4ec4bed146d2,1129,491
575,35,4004,96f439b2-3dcd-3501-4004-4ec4bed146d2,1171,568
576,35,4004,96f439b2-3dcd-3502-4004-4ec4bed146d2,1171,523
577,35,4009,96f439b2-3dcd-3501-4009-4ec4bed146d2,1138,502
578,35,4009,96f439b2-3dcd-3502-4009-4ec4bed146d2,1098,555
579,35,4044,96f439b2-3dcd-3501-4044-4ec4bed146d2,1155,496
580,35,4044,96f439b2-3dcd-3502-4044-4ec4bed146d2,1133,561
581,35,4011,96f439b2-3dcd-3501-4011-4ec4bed146d2,1150,521
582,35,4013,96f439b2-3dcd-3501-4013-4ec4bed146d2,1088,503
583,36,4002,96f439b2-3dcd-3601-4002-4ec4bed146d2,1132,644
584,36,4002,96f439b2-3dcd-3602-4002-4ec4bed146d2,1179,683
585,36,4002,96f439b2-3dcd-3603-4002-4ec4bed146d2,1166,685
586,36,4005,96f439b2-3dcd-3601-4005-4ec4bed146d2,1136,695
587,36,4005,96f439b2-3dcd-3602-4005-4ec4bed146d2,1165,650
588,36,4005,96f439b2-3dcd-3603-4005-4ec4bed146d2,1127,668
589,36,4045,96f439b2-3dcd-3601-4045-4ec4bed146d2,1146,626
590,36,4045,96f439b2-3dcd-3602-4045-4ec4bed146d2,1172,696
591,36,4008,96f439b2-3dcd-3601-4008-4ec4bed146d2,1131,658
592,36,4008,96f439b2-3dcd-3602-4008-4ec4bed146d2,1097,660
593,36,4007,96f439b2-3dcd-3601-4007-4ec4bed146d2,1089,689
594,36,4007,96f439b2-3dcd-3602-4007-4ec4bed146d2,1177,654
595,36,4004,96f439b2-3dcd-3601-4004-4ec4bed146d2,1107,664
596,36,4004,96f439b2-3dcd-3602-4004-4ec4bed146d2,1119,615
597,36,4009,96f439b2-3dcd-3601-4009-4ec4bed146d2,1183,693
598,36,4009,96f439b2-3dcd-3602-4009-4ec4bed146d2,1092,610
599,36,4044,96f439b2-3dcd-3601-4044-4ec4bed146d2,1096,629
600,36,4044,96f439b2-3dcd-3602-4044-4ec4bed146d2,1109,692
601,36,4011,96f439b2-3dcd-3601-4011-4ec4bed146d2,1158,613
602,36,4013,96f439b2-3dcd-3601-4013-4ec4bed146d2,1134,672
603,37,4002,96f439b2-3dcd-3701-4002-4ec4bed146d2,1129,757
604,37,4002,96f439b2-3dcd-3702-4002-4ec4bed146d2,1176,811
605,37,4002,96f439b2-3dcd-3703-4002-4ec4bed146d2,1106,748
606,37,4005,96f439b2-3dcd-3701-4005-4ec4bed146d2,1083,779
607,37,4005,96f439b2-3dcd-3702-4005-4ec4bed146d2,1165,805
608,37,4005,96f439b2-3dcd-3703-4005-4ec4bed146d2,1171,783
609,37,4045,96f439b2-3dcd-3701-4045-4ec4bed146d2,1088,771
610,37,4045,96f439b2-3dcd-3702-4045-4ec4bed146d2,1087,748
611,37,4008,96f439b2-3dcd-3701-4008-4ec4bed146d2,1109,791
612,37,4008,96f439b2-3dcd-3702-4008-4ec4bed146d2,1113,725
613,37,4007,96f439b2-3dcd-3701-4007-4ec4bed146d2,1169,764
614,37,4007,96f439b2-3dcd-3702-4007-4ec4bed146d2,1090,786
615,37,4004,96f439b2-3dcd-3701-4004-4ec4bed146d2,1105,802
616,37,4004,96f439b2-3dcd-3702-4004-4ec4bed146d2,1167,737
617,37,4009,96f439b2-3dcd-3701-4009-4ec4bed146d2,1119,727
618,37,4009,96f439b2-3dcd-3702-4009-4ec4bed146d2,1140,806
619,37,4044,96f439b2-3dcd-3701-4044-4ec4bed146d2,1109,730
620,37,4044,96f439b2-3dcd-3702-4044-4ec4bed146d2,1133,787
621,37,4011,96f439b2-3dcd-3701-4011-4ec4bed146d2,1093,808
622,37,4013,96f439b2-3dcd-3701-4013-4ec4bed146d2,1140,726
623,38,4002,96f439b2-3dcd-3801-4002-4ec4bed146d2,1125,892
624,38,4002,96f439b2-3dcd-3802-4002-4ec4bed146d2,1092,931
625,38,4002,96f439b2-3dcd-3803-4002-4ec4bed146d2,1091,845
626,38,4005,96f439b2-3dcd-3801-4005-4ec4bed146d2,1177,933
627,38,4005,96f439b2-3dcd-3802-4005-4ec4bed146d2,1152,917
628,38,4005,96f439b2-3dcd-3803-4005-4ec4bed146d2,1096,929
629,38,4045,96f439b2-3dcd-3801-4045-4ec4bed146d2,1105,920
630,38,4045,96f439b2-3dcd-3802-4045-4ec4bed146d2,1084,873
631,38,4008,96f439b2-3dcd-3801-4008-4ec4bed146d2,1157,884
632,38,4008,96f439b2-3dcd-3802-4008-4ec4bed146d2,1093,902
633,38,4007,96f439b2-3dcd-3801-4007-4ec4bed146d2,1157,928
634,38,4007,96f439b2-3dcd-3802-4007-4ec4bed146d2,1160,855
635,38,4004,96f439b2-3dcd-3801-4004-4ec4bed146d2,1084,858
636,38,4004,96f439b2-3dcd-3802-4004-4ec4bed146d2,1109,933
637,38,4009,96f439b2-3dcd-3801-4009-4ec4bed146d2,1099,848
638,38,4009,96f439b2-3dcd-3802-4009-4ec4bed146d2,1169,872
639,38,4044,96f439b2-3dcd-3801-4044-4ec4bed146d2,1140,849
640,38,4044,96f439b2-3dcd-3802-4044-4ec4bed146d2,1129,903
641,38,4011,96f439b2-3dcd-3801-4011-4ec4bed146d2,1165,904
642,38,4013,96f439b2-3dcd-3801-4013-4ec4bed146d2,1125,923
643,39,4002,96f439b2-3dcd-3901-4002-4ec4bed146d2,1140,1016
644,39,4002,96f439b2-3dcd-3902-4002-4ec4bed146d2,1099,969
645,39,4005,96f439b2-3dcd-3901-4005-4ec4bed146d2,1137,1001
646,39,4005,96f439b2-3dcd-3902-4005-4ec4bed146d2,1187,1043
647,39,4045,96f439b2-3dcd-3901-4045-4ec4bed146d2,1097,1046
648,39,4008,96f439b2-3dcd-3901-4008-4ec4bed146d2,1091,1014
649,39,4007,96f439b2-3dcd-3901-4007-4ec4bed146d2,1126,981
650,39,4004,96f439b2-3dcd-3901-4004-4ec4bed146d2,1141,1034
651,39,4004,96f439b2-3dcd-3902-4004-4ec4bed146d2,1116,1055
652,39,4004,96f439b2-3dcd-3903-4004-4ec4bed146d2,1093,1023
653,39,4009,96f439b2-3dcd-3901-4009-4ec4bed146d2,1156,1044
654,39,4009,96f439b2-3dcd-3902-4009-4ec4bed146d2,1159,979
655,39,4009,96f439b2-3dcd-3903-4009-4ec4bed146d2,1113,1030
656,39,4044,96f439b2-3dcd-3901-4044-4ec4bed146d2,1089,1054
657,39,4044,96f439b2-3dcd-3902-4044-4ec4bed146d2,1097,1000
658,39,4044,96f439b2-3dcd-3903-4044-4ec4bed146d2,1141,969
659,39,4011,96f439b2-3dcd-3901-4011-4ec4bed146d2,1163,996
660,39,4011,96f439b2-3dcd-3902-4011-4ec4bed146d2,1134,1042
661,39,4013,96f439b2-3dcd-3901-4013-4ec4bed146d2,1163,1038
662,39,4013,96f439b2-3dcd-3902-4013-4ec4bed146d2,1116,976
663,40,4002,96f439b2-3dcd-4001-4002-4ec4bed146d2,1140,1137
664,40,4005,96f439b2-3dcd-4001-4005-4ec4bed146d2,1171,1151
665,40,4007,96f439b2-3dcd-4001-4007-4ec4bed146d2,1130,1085
666,40,4004,96f439b2-3dcd-4001-4004-4ec4bed146d2,1139,1103
667,40,4004,96f439b2-3dcd-4002-4004-4ec4bed146d2,1113,1144
668,40,4004,96f439b2-3dcd-4003-4004-4ec4bed146d2,1087,1090
669,40,4009,96f439b2-3dcd-4001-4009-4ec4bed146d2,1146,1085
670,40,4009,96f439b2-3dcd-4002-4009-4ec4bed146d2,1174,1137
671,40,4009,96f439b2-3dcd-4003-4009-4ec4bed146d2,1089,1091
672,40,4044,96f439b2-3dcd-4001-4044-4ec4bed146d2,1131,1171
673,40,4044,96f439b2-3dcd-4002-4044-4ec4bed146d2,1086,1147
674,40,4044,96f439b2-3dcd-4003-4044-4ec4bed146d2,1100,1170
675,40,4011,96f439b2-3dcd-4001-4011-4ec4bed146d2,1163,1106
676,40,4011,96f439b2-3dcd-4002-4011-4ec4bed146d2,1136,1159
677,40,4011,96f439b2-3dcd-4003-4011-4ec4bed146d2,1096,1113
678,40,4013,96f439b2-3dcd-4001-4013-4ec4bed146d2,1101,1159
679,40,4013,96f439b2-3dcd-4002-4013-4ec4bed146d2,1176,1101
680,40,4013,96f439b2-3dcd-4003-4013-4ec4bed146d2,1164,1167
681,41,4002,96f439b2-3dcd-1000-4002-4ecq4bqed1q46d2,1090,260
682,41,4002,96f439b2-3dcd-1100-4002-4eqwc4bed1q46d2,1135,280
683,41,4002,96f439b2-3dcd-1200-4002-4eceq4bed1q46d2,1178,300
684,41,4002,96f439b2-3dcd-1300-4002-4erc4rbed14q6d2,1103,320
685,41,4005,96f439b2-3dcd-1000-4005-4ecq4betdt146d2,1143,340
686,41,4007,96f439b2-3dcd-1000-4007-4ec4bedf1qh46d2,1122,300
687,41,4004,96f439b2-3dcd-1000-4004-4ec4gqbedg146d2,1099,255
688,41,4004,96f439b2-3dcd-1100-4004-4ec4bedch146dq2,1114,280
689,41,4004,96f439b2-3dcd-1200-4004-4ecq4bedkj146d2,1152,314
690,41,4005,96f439b2-3dcd-1100-4005-4ec4bjked1q46d2,1186,333
691,41,4005,96f439b2-3dcd-1200-4005-4ecf4qbedx146d2,1117,268
692,41,4005,96f439b2-3dcd-1300-4005-4ecc4bcedq146d2,1165,290
693,41,4009,96f439b2-3dcd-1012-4009-4ec4bvrqed146d2,1121,329
694,41,4009,96f439b2-3dcd-1013-4009-4eqc4tbebd146d2,1177,344
695,41,4009,96f439b2-3dcd-1014-4009-4ec4nedy146qd2,1144,315
696,41,4044,96f439b2-3dcd-1015-4044-4ec4zbequd146d2,1132,250
697,41,4044,96f439b2-3dcd-1016-4044-4eqcx4bedi146d2,1105,335
698,41,4044,96f439b2-3dcd-1017-4044-4ec4bqed1oc46d2,1170,288
699,41,4045,96f439b2-3dcd-1018-4045-4ecv4bed1qo46d2,1090,268
700,41,4045,96f439b2-3dcd-1019-4045-4ec4bqednp146d2,1185,300
701,41,4011,96f439b2-3dcd-1020-4011-4ec4baed1iq46d2,1145,312
702,41,4011,96f439b2-3dcd-1021-4011-4ec4qubsed146d2,1097,290
703,41,4011,96f439b2-3dcd-1022-4011-4ec4ybedd14q6d2,1173,297
704,41,4013,96f439b2-3dcd-1023-4013-4ec4tqfbed146d2,1144,254
705,41,4013,96f439b2-3dcd-1024-4013-4ec4byegdq146d2,1099,238
706,41,4013,96f439b2-3dcd-1025-4013-4ec4beuhdq146d2,1120,244
707,42,2300,96f439b2-3dcd-4200-2300-4ec4bed146d2,1301,330
708,42,2301,96f439b2-3dcd-4201-2301-4ec4bed146d2,1286,249
709,42,2302,96f439b2-3dcd-4202-2302-4ec4bed146d2,1292,253
710,42,2303,96f439b2-3dcd-4203-2303-4ec4bed146d2,1205,323
711,42,2303,96f439b2-3dcd-4204-2303-4ec4bed146d2,1288,275
712,42,2303,96f439b2-3dcd-4205-2303-4ec4bed146d2,1205,262
713,42,2304,96f439b2-3dcd-4206-2304-4ec4bed146d2,1209,333
714,42,2304,96f439b2-3dcd-4207-2304-4ec4bed146d2,1206,260
715,42,2304,96f439b2-3dcd-4208-2304-4ec4bed146d2,1289,332
716,42,2305,96f439b2-3dcd-4209-2305-4ec4bed146d2,1219,291
717,42,2305,96f439b2-3dcd-4210-2305-4ec4bed146d2,1249,257
718,42,2305,96f439b2-3dcd-4211-2305-4ec4bed146d2,1272,304
719,42,2306,96f439b2-3dcd-4212-2306-4ec4bed146d2,1214,250
720,42,2306,96f439b2-3dcd-4213-2306-4ec4bed146d2,1212,268
721,42,2306,96f439b2-3dcd-4214-2306-4ec4bed146d2,1250,261
722,42,2307,96f439b2-3dcd-4215-2307-4ec4bed146d2,1260,255
723,42,2307,96f439b2-3dcd-4216-2307-4ec4bed146d2,1247,265
724,42,2307,96f439b2-3dcd-4217-2307-4ec4bed146d2,1220,283
725,43,2300,96f439b2-3dcd-4300-2300-4ec4bed146d2,1295,460
726,43,2300,96f439b2-3dcd-4301-2300-4ec4bed146d2,1203,370
727,43,2301,96f439b2-3dcd-4302-2301-4ec4bed146d2,1274,366
728,43,2301,96f439b2-3dcd-4303-2301-4ec4bed146d2,1262,381
729,43,2309,96f439b2-3dcd-4304-2309-4ec4bed146d2,1287,468
730,43,2308,96f439b2-3dcd-4305-2308-4ec4bed146d2,1212,368
731,43,2302,96f439b2-3dcd-4306-2302-4ec4bed146d2,1208,437
732,43,2303,96f439b2-3dcd-4307-2303-4ec4bed146d2,1202,430
733,43,2303,96f439b2-3dcd-4308-2303-4ec4bed146d2,1227,366
734,43,2303,96f439b2-3dcd-4309-2303-4ec4bed146d2,1210,365
735,43,2304,96f439b2-3dcd-4310-2304-4ec4bed146d2,1271,387
736,43,2304,96f439b2-3dcd-4311-2304-4ec4bed146d2,1270,426
737,43,2304,96f439b2-3dcd-4312-2304-4ec4bed146d2,1226,387
738,43,2305,96f439b2-3dcd-4313-2305-4ec4bed146d2,1203,451
739,43,2305,96f439b2-3dcd-4314-2305-4ec4bed146d2,1229,452
740,43,2305,96f439b2-3dcd-4315-2305-4ec4bed146d2,1287,370
741,43,2306,96f439b2-3dcd-4316-2306-4ec4bed146d2,1204,379
742,43,2306,96f439b2-3dcd-4317-2306-4ec4bed146d2,1259,365
743,43,2307,96f439b2-3dcd-4318-2307-4ec4bed146d2,1235,373
744,43,2307,96f439b2-3dcd-4319-2307-4ec4bed146d2,1201,396
745,44,2300,96f439b2-3dcd-4400-2300-4ec4bed146d2,1296,520
746,44,2300,96f439b2-3dcd-4401-2300-4ec4bed146d2,1280,485
747,44,2301,96f439b2-3dcd-4402-2301-4ec4bed146d2,1281,569
748,44,2301,96f439b2-3dcd-4403-2301-4ec4bed146d2,1254,576
749,44,2309,96f439b2-3dcd-4404-2309-4ec4bed146d2,1209,497
750,44,2308,96f439b2-3dcd-4405-2308-4ec4bed146d2,1206,505
751,44,2302,96f439b2-3dcd-4406-2302-4ec4bed146d2,1275,492
752,44,2303,96f439b2-3dcd-4407-2303-4ec4bed146d2,1287,488
753,44,2303,96f439b2-3dcd-4408-2303-4ec4bed146d2,1211,505
754,44,2303,96f439b2-3dcd-4409-2303-4ec4bed146d2,1201,567
755,44,2304,96f439b2-3dcd-4410-2304-4ec4bed146d2,1252,487
756,44,2304,96f439b2-3dcd-4411-2304-4ec4bed146d2,1218,574
757,44,2304,96f439b2-3dcd-4412-2304-4ec4bed146d2,1203,519
758,44,2305,96f439b2-3dcd-4413-2305-4ec4bed146d2,1291,577
759,44,2305,96f439b2-3dcd-4414-2305-4ec4bed146d2,1234,551
760,44,2305,96f439b2-3dcd-4415-2305-4ec4bed146d2,1293,552
761,44,2306,96f439b2-3dcd-4416-2306-4ec4bed146d2,1212,489
762,44,2306,96f439b2-3dcd-4417-2306-4ec4bed146d2,1202,530
763,44,2307,96f439b2-3dcd-4418-2307-4ec4bed146d2,1218,526
764,44,2307,96f439b2-3dcd-4419-2307-4ec4bed146d2,1234,488
765,45,2300,96f439b2-3dcd-4500-2300-4ec4bed146d2,1295,620
766,45,2300,96f439b2-3dcd-4501-2300-4ec4bed146d2,1298,618
767,45,2301,96f439b2-3dcd-4502-2301-4ec4bed146d2,1229,648
768,45,2301,96f439b2-3dcd-4503-2301-4ec4bed146d2,1202,655
769,45,2309,96f439b2-3dcd-4504-2309-4ec4bed146d2,1249,609
770,45,2308,96f439b2-3dcd-4505-2308-4ec4bed146d2,1237,685
771,45,2302,96f439b2-3dcd-4506-2302-4ec4bed146d2,1210,687
772,45,2303,96f439b2-3dcd-4507-2303-4ec4bed146d2,1202,658
773,45,2303,96f439b2-3dcd-4508-2303-4ec4bed146d2,1223,699
774,45,2303,96f439b2-3dcd-4509-2303-4ec4bed146d2,1225,688
775,45,2304,96f439b2-3dcd-4510-2304-4ec4bed146d2,1286,682
776,45,2304,96f439b2-3dcd-4511-2304-4ec4bed146d2,1236,692
777,45,2304,96f439b2-3dcd-4512-2304-4ec4bed146d2,1285,637
778,45,2305,96f439b2-3dcd-4513-2305-4ec4bed146d2,1290,652
779,45,2305,96f439b2-3dcd-4514-2305-4ec4bed146d2,1251,617
780,45,2305,96f439b2-3dcd-4515-2305-4ec4bed146d2,1276,626
781,45,2306,96f439b2-3dcd-4516-2306-4ec4bed146d2,1262,685
782,45,2306,96f439b2-3dcd-4517-2306-4ec4bed146d2,1204,624
783,45,2307,96f439b2-3dcd-4518-2307-4ec4bed146d2,1224,605
784,45,2307,96f439b2-3dcd-4519-2307-4ec4bed146d2,1203,605
785,46,2300,96f439b2-3dcd-4600-2300-4ec4bed146d2,1296,760
786,46,2300,96f439b2-3dcd-4601-2300-4ec4bed146d2,1280,725
787,46,2301,96f439b2-3dcd-4602-2301-4ec4bed146d2,1281,809
788,46,2301,96f439b2-3dcd-4603-2301-4ec4bed146d2,1254,816
789,46,2309,96f439b2-3dcd-4604-2309-4ec4bed146d2,1209,737
790,46,2308,96f439b2-3dcd-4605-2308-4ec4bed146d2,1206,745
791,46,2302,96f439b2-3dcd-4606-2302-4ec4bed146d2,1275,732
792,46,2303,96f439b2-3dcd-4607-2303-4ec4bed146d2,1287,728
793,46,2303,96f439b2-3dcd-4608-2303-4ec4bed146d2,1211,745
794,46,2303,96f439b2-3dcd-4609-2303-4ec4bed146d2,1201,807
795,46,2304,96f439b2-3dcd-4610-2304-4ec4bed146d2,1252,727
796,46,2304,96f439b2-3dcd-4611-2304-4ec4bed146d2,1218,814
797,46,2304,96f439b2-3dcd-4612-2304-4ec4bed146d2,1203,759
798,46,2305,96f439b2-3dcd-4613-2305-4ec4bed146d2,1291,817
799,46,2305,96f439b2-3dcd-4614-2305-4ec4bed146d2,1234,791
800,46,2305,96f439b2-3dcd-4615-2305-4ec4bed146d2,1293,792
801,46,2306,96f439b2-3dcd-4616-2306-4ec4bed146d2,1212,729
802,46,2306,96f439b2-3dcd-4617-2306-4ec4bed146d2,1202,770
803,46,2307,96f439b2-3dcd-4618-2307-4ec4bed146d2,1218,766
804,46,2307,96f439b2-3dcd-4619-2307-4ec4bed146d2,1234,728
805,47,2300,96f439b2-3dcd-4700-2300-4ec4bed146d2,1280,895
806,47,2300,96f439b2-3dcd-4701-2300-4ec4bed146d2,1200,887
807,47,2301,96f439b2-3dcd-4702-2301-4ec4bed146d2,1240,849
808,47,2301,96f439b2-3dcd-4703-2301-4ec4bed146d2,1201,925
809,47,2309,96f439b2-3dcd-4704-2309-4ec4bed146d2,1273,862
810,47,2308,96f439b2-3dcd-4705-2308-4ec4bed146d2,1247,845
811,47,2302,96f439b2-3dcd-4706-2302-4ec4bed146d2,1289,853
812,47,2303,96f439b2-3dcd-4707-2303-4ec4bed146d2,1243,848
813,47,2303,96f439b2-3dcd-4708-2303-4ec4bed146d2,1269,866
814,47,2303,96f439b2-3dcd-4709-2303-4ec4bed146d2,1226,874
815,47,2304,96f439b2-3dcd-4710-2304-4ec4bed146d2,1206,928
816,47,2304,96f439b2-3dcd-4711-2304-4ec4bed146d2,1228,935
817,47,2304,96f439b2-3dcd-4712-2304-4ec4bed146d2,1282,868
818,47,2305,96f439b2-3dcd-4713-2305-4ec4bed146d2,1286,883
819,47,2305,96f439b2-3dcd-4714-2305-4ec4bed146d2,1213,924
820,47,2305,96f439b2-3dcd-4715-2305-4ec4bed146d2,1290,936
821,47,2306,96f439b2-3dcd-4716-2306-4ec4bed146d2,1205,864
822,47,2306,96f439b2-3dcd-4717-2306-4ec4bed146d2,1215,845
823,47,2307,96f439b2-3dcd-4718-2307-4ec4bed146d2,1205,889
824,47,2307,96f439b2-3dcd-4719-2307-4ec4bed146d2,1251,911
825,48,4004,96f439b2-3dcd-4801-4004-4ec4bed146d2,966,1039
826,48,4009,96f439b2-3dcd-4801-4009-4ec4bed146d2,968,994
827,48,4009,96f439b2-3dcd-4802-4009-4ec4bed146d2,969,1046
828,48,4007,96f439b2-3dcd-4801-4007-4ec4bed146d2,975,977
829,48,4205,96f439b2-3dcd-4801-4205-4ec4bed146d2,980,1000
830,48,4004,96f439b2-3dcd-4802-4004-4ec4bed146d2,981,990
831,48,4005,96f439b2-3dcd-4801-4005-4ec4bed146d2,997,971
832,48,4002,96f439b2-3dcd-4801-4002-4ec4bed146d2,1000,1060
833,48,4002,96f439b2-3dcd-4802-4002-4ec4bed146d2,1007,993
834,48,4005,96f439b2-3dcd-4802-4005-4ec4bed146d2,1007,1005
835,48,4009,96f439b2-3dcd-4803-4009-4ec4bed146d2,1012,1031
836,48,4008,96f439b2-3dcd-4801-4008-4ec4bed146d2,1020,1001
837,48,4004,96f439b2-3dcd-4803-4004-4ec4bed146d2,1021,999
838,48,4044,96f439b2-3dcd-4801-4044-4ec4bed146d2,1031,1054
839,48,4044,96f439b2-3dcd-4802-4044-4ec4bed146d2,1043,1030
840,48,4044,96f439b2-3dcd-4803-4044-4ec4bed146d2,1046,985
841,48,4045,96f439b2-3dcd-4801-4045-4ec4bed146d2,1061,975
842,49,4204,96f439b2-3dcd-4901-4204-4ec4bed146d2,960,1140
843,49,4004,96f439b2-3dcd-4901-4004-4ec4bed146d2,970,1092
844,49,4004,96f439b2-3dcd-4902-4004-4ec4bed146d2,970,1110
845,49,4009,96f439b2-3dcd-4901-4009-4ec4bed146d2,971,1171
846,49,4044,96f439b2-3dcd-4901-4044-4ec4bed146d2,987,1098
847,49,4044,96f439b2-3dcd-4902-4044-4ec4bed146d2,992,1180
848,49,4009,96f439b2-3dcd-4902-4009-4ec4bed146d2,994,1108
849,49,4203,96f439b2-3dcd-4901-4203-4ec4bed146d2,1000,1100
850,49,4200,96f439b2-3dcd-4901-4200-4ec4bed146d2,1000,1120
851,49,4002,96f439b2-3dcd-4901-4002-4ec4bed146d2,1011,1180
852,49,4201,96f439b2-3dcd-4901-4201-4ec4bed146d2,1020,1080
853,49,4205,96f439b2-3dcd-4901-4205-4ec4bed146d2,1020,1140
854,49,4044,96f439b2-3dcd-4903-4044-4ec4bed146d2,1032,1104
855,49,4004,96f439b2-3dcd-4903-4004-4ec4bed146d2,1033,1138
856,49,4009,96f439b2-3dcd-4903-4009-4ec4bed146d2,1035,1113
857,50,4204,96f439b2-3dcd-5001-4204-4ec4bed146d2,840,980
858,50,4009,96f439b2-3dcd-5001-4009-4ec4bed146d2,845,966
859,50,4009,96f439b2-3dcd-5002-4009-4ec4bed146d2,848,1038
860,50,4005,96f439b2-3dcd-5001-4005-4ec4bed146d2,856,1026
861,50,4004,96f439b2-3dcd-5002-4004-4ec4bed146d2,864,1025
862,50,4007,96f439b2-3dcd-5001-4007-4ec4bed146d2,872,1050
863,50,4004,96f439b2-3dcd-5003-4004-4ec4bed146d2,873,993
864,50,4013,96f439b2-3dcd-5002-4013-4ec4bed146d2,874,970
865,50,4011,96f439b2-3dcd-5001-4011-4ec4bed146d2,885,969
866,50,4011,96f439b2-3dcd-5002-4011-4ec4bed146d2,896,1003
867,50,4201,96f439b2-3dcd-5001-4201-4ec4bed146d2,900,980
868,50,4200,96f439b2-3dcd-5001-4200-4ec4bed146d2,900,1040
869,50,4044,96f439b2-3dcd-5002-4044-4ec4bed146d2,923,973
870,50,4009,96f439b2-3dcd-5003-4009-4ec4bed146d2,924,984
871,50,4044,96f439b2-3dcd-5003-4044-4ec4bed146d2,932,1056
872,50,4203,96f439b2-3dcd-5001-4203-4ec4bed146d2,940,1040
873,51,4013,96f439b2-3dcd-5101-4013-4ec4bed146d2,850,1109
874,51,4005,96f439b2-3dcd-5101-4005-4ec4bed146d2,851,1159
875,51,4004,96f439b2-3dcd-5101-4004-4ec4bed146d2,851,1169
876,51,4002,96f439b2-3dcd-5101-4002-4ec4bed146d2,857,1095
877,51,4202,96f439b2-3dcd-5101-4202-4ec4bed146d2,860,1160
878,51,4044,96f439b2-3dcd-5101-4044-4ec4bed146d2,861,1130
879,51,4009,96f439b2-3dcd-5101-4009-4ec4bed146d2,862,1174
880,51,4009,96f439b2-3dcd-5102-4009-4ec4bed146d2,870,1121
881,51,4004,96f439b2-3dcd-5102-4004-4ec4bed146d2,875,1094
882,51,4013,96f439b2-3dcd-5102-4013-4ec4bed146d2,884,1095
883,51,4004,96f439b2-3dcd-5103-4004-4ec4bed146d2,888,1168
884,51,4205,96f439b2-3dcd-5101-4205-4ec4bed146d2,900,1120
885,51,4009,96f439b2-3dcd-5103-4009-4ec4bed146d2,922,1120
886,51,4044,96f439b2-3dcd-5102-4044-4ec4bed146d2,933,1170
887,51,4044,96f439b2-3dcd-5103-4044-4ec4bed146d2,939,1092
888,52,4004,96f439b2-3dcd-5201-4004-4ec4bed146d2,731,1041
889,52,4007,96f439b2-3dcd-5201-4007-4ec4bed146d2,733,970
890,52,4044,96f439b2-3dcd-5201-4044-4ec4bed146d2,737,1058
891,52,4200,96f439b2-3dcd-5201-4200-4ec4bed146d2,740,1000
892,52,4009,96f439b2-3dcd-5201-4009-4ec4bed146d2,755,1059
893,52,4044,96f439b2-3dcd-5202-4044-4ec4bed146d2,758,1001
894,52,4002,96f439b2-3dcd-5201-4002-4ec4bed146d2,775,976
895,52,4005,96f439b2-3dcd-5202-4005-4ec4bed146d2,777,966
896,52,4205,96f439b2-3dcd-5201-4205-4ec4bed146d2,780,960
897,52,4009,96f439b2-3dcd-5202-4009-4ec4bed146d2,802,1001
898,52,4004,96f439b2-3dcd-5202-4004-4ec4bed146d2,805,973
899,52,4045,96f439b2-3dcd-5201-4045-4ec4bed146d2,812,1051
900,52,4009,96f439b2-3dcd-5203-4009-4ec4bed146d2,813,1053
901,52,4004,96f439b2-3dcd-5203-4004-4ec4bed146d2,815,966
902,52,4044,96f439b2-3dcd-5203-4044-4ec4bed146d2,819,983
903,52,4201,96f439b2-3dcd-5201-4201-4ec4bed146d2,820,1040
904,52,4002,96f439b2-3dcd-5202-4002-4ec4bed146d2,823,1036
905,53,4011,96f439b2-3dcd-5301-4011-4ec4bed146d2,720,1101
906,53,4205,96f439b2-3dcd-5301-4205-4ec4bed146d2,740,1140
907,53,4004,96f439b2-3dcd-5302-4004-4ec4bed146d2,744,1102
908,53,4009,96f439b2-3dcd-5302-4009-4ec4bed146d2,748,1080
909,53,4004,96f439b2-3dcd-5303-4004-4ec4bed146d2,758,1174
910,53,4013,96f439b2-3dcd-5302-4013-4ec4bed146d2,768,1096
911,53,4013,96f439b2-3dcd-5303-4013-4ec4bed146d2,772,1108
912,53,4011,96f439b2-3dcd-5303-4011-4ec4bed146d2,782,1091
913,53,4009,96f439b2-3dcd-5303-4009-4ec4bed146d2,810,1092
914,53,4044,96f439b2-3dcd-5303-4044-4ec4bed146d2,817,1126
915,1000,4002,96f439b2-3dcd-1000-4002-4ec4bqqed1q46d2,1090,137
916,1000,4002,96f439b2-3dcd-1100-4002-4eqc4bewd1q46d2,1135,145
917,1000,4002,96f439b2-3dcd-1200-4002-4ecq4ebed1q46d2,1178,166
918,1000,4002,96f439b2-3dcd-1300-4002-4erc4bred14q6d2,1103,186
919,1000,4005,96f439b2-3dcd-1000-4005-4ecq4tbedt146d2,1143,222
920,1000,4007,96f439b2-3dcd-1000-4007-4ec4bedy1qh46d2,1122,207
921,1000,4004,96f439b2-3dcd-1000-4004-4ec4gqbeud146d2,1099,155
922,1000,4004,96f439b2-3dcd-1100-4004-4ec4bedci146dq2,1114,188
923,1000,4004,96f439b2-3dcd-1200-4004-4ecq4beodk146d2,1152,145
924,1000,4005,96f439b2-3dcd-1100-4005-4ec4bjedp1q46d2,1186,204
925,1000,4005,96f439b2-3dcd-1200-4005-4ec4aqbedx146d2,1117,222
926,1000,4005,96f439b2-3dcd-1300-4005-4ec4bcsedq146d2,1165,225
927,1000,4009,96f439b2-3dcd-1012-4009-4ec4bdrqed146d2,1090,135
928,1000,4009,96f439b2-3dcd-1013-4009-4eqc4tbfed146d2,1177,199
929,1000,4009,96f439b2-3dcd-1014-4009-4ec4bedgy146qd2,1144,135
930,1000,4044,96f439b2-3dcd-1015-4044-4ec4beqhud146d2,1132,225
931,1000,4044,96f439b2-3dcd-1016-4044-4eqc4bedji146d2,1111,214
932,1000,4044,96f439b2-3dcd-1017-4044-4ec4bqedk1o46d2,1170,205
933,1000,4045,96f439b2-3dcd-1018-4045-4ec4lbed1qo46d2,1095,222
934,1000,4045,96f439b2-3dcd-1019-4045-4ecz4bqedp146d2,1185,144
935,1000,4011,96f439b2-3dcd-1020-4011-4ec4baxed1q46d2,1145,174
936,1000,4011,96f439b2-3dcd-1021-4011-4ec4qbcsed146d2,1123,199
937,1000,4011,96f439b2-3dcd-1022-4011-4ec4bevdd14q6d2,1173,138
938,1000,4013,96f439b2-3dcd-1023-4013-4ec4qfbbed146d2,1144,166
939,1000,4013,96f439b2-3dcd-1024-4013-4ec4begdqn146d2,1099,158
940,1000,4013,96f439b2-3dcd-1025-4013-4ec4bmehdq146d2,1120,186
941,1000,4002,96f439b2-3dcd-1000-4002-4ec4bqed146d2,970,135
942,1000,4002,96f439b2-3dcd-1100-4002-4ec4bed1q46d2,1040,225
943,1000,4002,96f439b2-3dcd-1200-4002-4ecq4bed146d2,998,165
944,1000,4002,96f439b2-3dcd-1300-4002-4ec4bed14q6d2,1020,186
945,1000,4005,96f439b2-3dcd-1000-4005-4ecq4bed146d2,1046,150
946,1000,4007,96f439b2-3dcd-1000-4007-4ec4bed1q46d2,1000,180
947,1000,4004,96f439b2-3dcd-1000-4004-4ec4qbed146d2,975,195
948,1000,4004,96f439b2-3dcd-1100-4004-4ec4bed146dq2,1070,214
949,1000,4004,96f439b2-3dcd-1200-4004-4ecq4bed146d2,1060,200
950,1000,4005,96f439b2-3dcd-1100-4005-4ec4bed1q46d2,980,210
951,1000,4005,96f439b2-3dcd-1200-4005-4ec4qbed146d2,995,180
952,1000,4005,96f439b2-3dcd-1300-4005-4ec4bedq146d2,1030,165
953,1000,4009,96f439b2-3dcd-1012-4009-4ec4bqed146d2,1050,140
954,1000,4009,96f439b2-3dcd-1013-4009-4eqc4bed146d2,1045,160
955,1000,4009,96f439b2-3dcd-1014-4009-4ec4bed146qd2,1000,190
956,1000,4044,96f439b2-3dcd-1015-4044-4ec4beqd146d2,1005,144
957,1000,4044,96f439b2-3dcd-1016-4044-4eqc4bed146d2,1015,230
958,1000,4044,96f439b2-3dcd-1017-4044-4ec4bqed146d2,1070,222
959,1000,4045,96f439b2-3dcd-1018-4045-4ec4bed1q46d2,1015,213
960,1000,4045,96f439b2-3dcd-1019-4045-4ec4bqed146d2,1055,140
961,1000,4011,96f439b2-3dcd-1020-4011-4ec4bed1q46d2,1035,155
962,1000,4011,96f439b2-3dcd-1021-4011-4ec4qbed146d2,1012,170
963,1000,4011,96f439b2-3dcd-1022-4011-4ec4bed14q6d2,1040,143
964,1000,4013,96f439b2-3dcd-1023-4013-4ec4qbed146d2,1065,199
965,1000,4013,96f439b2-3dcd-1024-4013-4ec4bedq146d2,999,137
966,1000,4013,96f439b2-3dcd-1025-4013-4ec4bedq146d2,975,225
967,1000,4002,96f439b2-3dcd-1026-4002-4eqc4bed146d2,850,130
968,1000,4002,96f439b2-3dcd-1027-4002-4ec4bedq146d2,856,167
969,1000,4002,96f439b2-3dcd-1028-4002-4ec4bed14q6d2,903,197
970,1000,4002,96f439b2-3dcd-1029-4002-4ec4qbed146d2,880,213
971,1000,4005,96f439b2-3dcd-1030-4005-4ec4bedq146d2,895,230
972,1000,4007,96f439b2-3dcd-1031-4007-4ec4qbed146d2,866,178
973,1000,4004,96f439b2-3dcd-1032-4004-4ec4bed1q46d2,889,148
974,1000,4004,96f439b2-3dcd-1033-4004-4ec4bqed146d2,945,190
975,1000,4004,96f439b2-3dcd-1034-4004-4ec4bed14q6d2,932,220
976,1000,4005,96f439b2-3dcd-1035-4005-4ecq4bed146d2,906,226
977,1000,4005,96f439b2-3dcd-1036-4005-4ec4qbed146d2,890,144
978,1000,4005,96f439b2-3dcd-1037-4005-4ec4bed14q6d2,855,199
979,1000,4009,96f439b2-3dcd-1038-4009-4ec4qbed146d2,867,230
980,1000,4009,96f439b2-3dcd-1039-4009-4ec4bed1q46d2,889,212
981,1000,4009,96f439b2-3dcd-1040-4009-4ec4bed146dq2,912,130
982,1000,4044,96f439b2-3dcd-1041-4044-4qec4bed146d2,920,177
983,1000,4044,96f439b2-3dcd-1042-4044-4ec4qbed146d2,930,199
984,1000,4044,96f439b2-3dcd-1043-4044-4ec4beqd146d2,870,227
985,1000,4045,96f439b2-3dcd-1044-4045-4ec4bed146dq2,880,216
986,1000,4045,96f439b2-3dcd-1045-4045-4ec4bqed146d2,945,166
987,1000,4011,96f439b2-3dcd-1046-4011-4eqc4bed146d2,855,172
988,1000,4011,96f439b2-3dcd-1047-4011-4ec4bed14q6d2,867,193
989,1000,4011,96f439b2-3dcd-1048-4011-4ec4qbed146d2,890,132
990,1000,4013,96f439b2-3dcd-1049-4013-4ec4bqed146d2,900,201
991,1000,4013,96f439b2-3dcd-1050-4013-4ec4bed146qd2,910,214
992,1000,4013,96f439b2-3dcd-1051-4013-4eqc4bed146d2,930,135
993,1000,4002,96f439b2-3dcd-1052-4002-4ec4bed146qd2,825,145
994,1000,4002,96f439b2-3dcd-1053-4002-4ec4qbed146d2,735,165
995,1000,4002,96f439b2-3dcd-1054-4002-4ec4bed14q6d2,750,189
996,1000,4002,96f439b2-3dcd-1055-4002-4ec4bqed146d2,766,215
997,1000,4005,96f439b2-3dcd-1056-4005-4ec4bed146d2,780,135
998,1000,4007,96f439b2-3dcd-1057-4007-4ec4bed14q6d2,799,167
999,1000,4004,96f439b2-3dcd-1058-4004-4ecq4bed146d2,812,173
1000,1000,4004,96f439b2-3dcd-1059-4004-4ec4bed1q46d2,822,198
1001,1000,4004,96f439b2-3dcd-1060-4004-4ec4bed146qd2,755,202
1002,1000,4005,96f439b2-3dcd-1061-4005-4ecq4bed146d2,733,145
1003,1000,4005,96f439b2-3dcd-1062-4005-4ec4bqed146d2,790,177
1004,1000,4005,96f439b2-3dcd-1063-4005-4ec4beqd146d2,822,188
1005,1000,4009,96f439b2-3dcd-1064-4009-4ec4bed1q46d2,817,155
1006,1000,4009,96f439b2-3dcd-1065-4009-4ec4bqed146d2,748,199
1007,1000,4009,96f439b2-3dcd-1066-4009-4eqc4bed146d2,787,222
1008,1000,4044,96f439b2-3dcd-1067-4044-4ec4bed1q46d2,755,212
1009,1000,4044,96f439b2-3dcd-1068-4044-4ec4bqed146d2,733,188
1010,1000,4044,96f439b2-3dcd-1069-4044-4ec4bed14q6d2,766,153
1011,1000,4045,96f439b2-3dcd-1070-4045-4ec4bqed146d2,810,183
1012,1000,4045,96f439b2-3dcd-1071-4045-4eqc4bed146d2,830,132
1013,1000,4011,96f439b2-3dcd-1072-4011-4ec4bed14q6d2,822,165
1014,1000,4011,96f439b2-3dcd-1073-4011-4ec4bedq146d2,766,143
1015,1000,4011,96f439b2-3dcd-1074-4011-4ec4bed146qd2,734,213
1016,1000,4013,96f439b2-3dcd-1075-4013-4ecq4bed146d2,784,230
1017,1000,4013,96f439b2-3dcd-1076-4013-4ec4bed1q46d2,777,158
1018,1000,4013,96f439b2-3dcd-1077-4013-4eqc4bed146d2,738,225
1019,1000,4002,96f439b2-3dcd-1078-4002-4ec4bed14q6d2,710,145
1020,1000,4002,96f439b2-3dcd-1079-4002-4ec4bedq146d2,610,156
1021,1000,4002,96f439b2-3dcd-1080-4002-4qec4bed146d2,634,168
1022,1000,4002,96f439b2-3dcd-1003-4002-4ec4bed146qd2,622,178
1023,1000,4005,96f439b2-3dcd-1003-4005-4ec4bqed146d2,649,204
1024,1000,4007,96f439b2-3dcd-1003-4007-4ec4bed14q6d2,680,214
1025,1000,4004,96f439b2-3dcd-1003-4004-4ecq4bed146d2,698,143
1026,1000,4004,96f439b2-3dcd-1103-4004-4ec4bed14q6d2,703,167
1027,1000,4004,96f439b2-3dcd-1203-4004-4qec4bed146d2,706,188
1028,1000,4005,96f439b2-3dcd-1103-4005-4ec4bed146qd2,613,199
1029,1000,4005,96f439b2-3dcd-1203-4005-4ec4beqd146d2,627,133
1030,1000,4005,96f439b2-3dcd-1303-4005-4ecq4bed146d2,638,156
1031,1000,4009,96f439b2-3dcd-1003-4009-4ec4bed14q6d2,687,149
1032,1000,4009,96f439b2-3dcd-1103-4009-4qec4bed146d2,699,216
1033,1000,4009,96f439b2-3dcd-1203-4009-4ec4beqd146d2,605,225
1034,1000,4044,96f439b2-3dcd-1003-4044-4ec4bed14q6d2,666,225
1035,1000,4044,96f439b2-3dcd-1103-4044-4ec4qbed146d2,689,207
1036,1000,4044,96f439b2-3dcd-1203-4044-4eqc4bed146d2,710,188
1037,1000,4045,96f439b2-3dcd-1303-4045-4ec4bed146dq2,705,156
1038,1000,4045,96f439b2-3dcd-1403-4045-4ec4beqd146d2,703,135
1039,1000,4011,96f439b2-3dcd-1003-4011-4ecq4bed146d2,610,175
1040,1000,4011,96f439b2-3dcd-1103-4011-4ec4bed146qd2,625,188
1041,1000,4011,96f439b2-3dcd-1203-4011-4ec4bed146dq2,676,194
1042,1000,4013,96f439b2-3dcd-1003-4013-4ec4beqd146d2,700,205
1043,1000,4013,96f439b2-3dcd-1103-4013-4qec4bed146d2,645,154
1044,1000,4013,96f439b2-3dcd-1203-4013-4ecq4bed146d2,633,187
1045,1000,4002,96f439b2-3dcd-1004-4002-4ec4bed146dq2,582,225
1046,1000,4002,96f439b2-3dcd-1104-4002-4ecq4bed146d2,590,145
1047,1000,4002,96f439b2-3dcd-1204-4002-4ec4bed14q6d2,495,167
1048,1000,4002,96f439b2-3dcd-1304-4002-4ec4bedq146d2,495,176
1049,1000,4005,96f439b2-3dcd-1004-4005-4eqc4bed146d2,512,198
1050,1000,4007,96f439b2-3dcd-1004-4007-4ec4bed146d2q,554,145
1051,1000,4004,96f439b2-3dcd-1004-4004-4ec4beqd146d2,512,167
1052,1000,4004,96f439b2-3dcd-1104-4004-4ecq4bed146d2,589,189
1053,1000,4004,96f439b2-3dcd-1204-4004-4ec4bed146qd2,545,230
1054,1000,4005,96f439b2-3dcd-1104-4005-4ec4bqed146d2,588,138
1055,1000,4005,96f439b2-3dcd-1204-4005-4eqc4bed146d2,511,156
1056,1000,4005,96f439b2-3dcd-1304-4005-4ec4bed146qqd2,533,176
1057,1000,4009,96f439b2-3dcd-1004-4009-4ec4beqd146d2,499,143
1058,1000,4009,96f439b2-3dcd-1104-4009-4ec4bqed146d2,500,199
1059,1000,4009,96f439b2-3dcd-1204-4009-4ec4beqd146d2,534,144
1060,1000,4044,96f439b2-3dcd-1004-4044-4ec4bed146qd2,566,223
1061,1000,4044,96f439b2-3dcd-1104-4044-4ec4qbed146d2,583,222
1062,1000,4044,96f439b2-3dcd-1204-4044-4qec4bed146d2,513,177
1063,1000,4045,96f439b2-3dcd-1004-4045-4ec4bed146qd2,576,143
1064,1000,4045,96f439b2-3dcd-1104-4045-4ec4bqed146d2,523,186
1065,1000,4011,96f439b2-3dcd-1004-4011-4ec4bed14q6d2,493,133
1066,1000,4011,96f439b2-3dcd-1104-4011-4eqc4bed146d2,577,176
1067,1000,4011,96f439b2-3dcd-1204-4011-4ec4bedq146d2,543,214
1068,1000,4013,96f439b2-3dcd-1004-4013-4ec4bed146qd2,582,145
1069,1000,4013,96f439b2-3dcd-1104-4013-4ec4bed146dq2,535,199
1070,1000,4013,96f439b2-3dcd-1204-4013-4ec4bqed146d2,585,225
1071,1000,4002,96f439b2-3dcd-1105-4002-4qec4bed146d2,465,156
1072,1000,4002,96f439b2-3dcd-1205-4002-4ec4beqd146d2,370,185
1073,1000,4002,96f439b2-3dcd-1305-4002-4ec4bed146dq2,380,137
1074,1000,4002,96f439b2-3dcd-1405-4002-4ec4bqed146d2,413,186
1075,1000,4005,96f439b2-3dcd-1005-4005-4ec4bed1q46d2,454,226
1076,1000,4007,96f439b2-3dcd-1005-4007-4ecq4bed146d2,468,230
1077,1000,4004,96f439b2-3dcd-1005-4004-4ec4bed1q46d2,411,185
1078,1000,4004,96f439b2-3dcd-1105-4004-4ec4bed146qd2,433,143
1079,1000,4004,96f439b2-3dcd-1205-4004-4ec4bed146dq2,444,177
1080,1000,4005,96f439b2-3dcd-1105-4005-4ec4bqed146d2,378,146
1081,1000,4005,96f439b2-3dcd-1205-4005-4qec4bed146d2,380,216
1082,1000,4005,96f439b2-3dcd-1305-4005-4ec4bed14q6d2,399,223
1083,1000,4009,96f439b2-3dcd-1005-4009-4ec4bqed146d2,378,138
1084,1000,4009,96f439b2-3dcd-1105-4009-4qec4bed146d2,423,199
1085,1000,4009,96f439b2-3dcd-1205-4009-4ec4bed146qd2,470,158
1086,1000,4044,96f439b2-3dcd-1005-4044-4ec4bed1q46d2,455,143
1087,1000,4044,96f439b2-3dcd-1105-4044-4ecq4bed146d2,412,175
1088,1000,4044,96f439b2-3dcd-1205-4044-4ec4bed1q46d2,389,148
1089,1000,4045,96f439b2-3dcd-1005-4045-4ec4bed14q6d2,399,217
1090,1000,4045,96f439b2-3dcd-1105-4045-4ec4bqed146d2,374,230
1091,1000,4011,96f439b2-3dcd-1005-4011-4eqc4bed146d2,383,205
1092,1000,4011,96f439b2-3dcd-1105-4011-4ec4bed146dq2,404,148
1093,1000,4011,96f439b2-3dcd-1205-4011-4ec4bqed146d2,415,179
1094,1000,4013,96f439b2-3dcd-1005-4013-4qec4bed146d2,454,133
1095,1000,4013,96f439b2-3dcd-1105-4013-4ecq4bed146d2,468,174
1096,1000,4013,96f439b2-3dcd-1205-4013-4ec4bedq146d2,374,225
1097,1000,4002,96f439b2-3dcd-1006-4002-4ec4bed14q6d2,369,255
1098,1000,4002,96f439b2-3dcd-1106-4002-4ec4bed146qd2,374,267
1099,1000,4002,96f439b2-3dcd-1206-4002-4ec4bqed146d2,385,280
1100,1000,4002,96f439b2-3dcd-1306-4002-4eqc4bed146d2,396,325
1101,1000,4005,96f439b2-3dcd-1006-4005-4ec4bed14q6d2,405,342
1102,1000,4007,96f439b2-3dcd-1006-4007-4ec4bedq146d2,434,265
1103,1000,4004,96f439b2-3dcd-1006-4004-4ecq4bed146d2,467,278
1104,1000,4004,96f439b2-3dcd-1106-4004-4ec4beqd146d2,423,290
1105,1000,4004,96f439b2-3dcd-1206-4004-4ec4bed146qd2,378,305
1106,1000,4005,96f439b2-3dcd-1106-4005-4ec4bedq146d2,395,343
1107,1000,4005,96f439b2-3dcd-1206-4005-4ecq4bed146d2,388,333
1108,1000,4005,96f439b2-3dcd-1306-4005-4ec4bedq146d2,464,302
1109,1000,4009,96f439b2-3dcd-1006-4009-4ec4bed146d2q,434,250
1110,1000,4009,96f439b2-3dcd-1106-4009-4ec4bed14q6d2,417,265
1111,1000,4009,96f439b2-3dcd-1206-4009-4ec4bqed146d2,465,296
1112,1000,4044,96f439b2-3dcd-1006-4044-4eqc4bed146d2,465,308
1113,1000,4044,96f439b2-3dcd-1106-4044-4ec4bqed146d2,374,315
1114,1000,4044,96f439b2-3dcd-1206-4044-4ec4bed14q6d2,395,277
1115,1000,4045,96f439b2-3dcd-1006-4045-4ec4bqed146d2,404,283
1116,1000,4045,96f439b2-3dcd-1106-4045-4qec4bed146d2,415,290
1117,1000,4011,96f439b2-3dcd-1006-4011-4ec4bqed146d2,386,256
1118,1000,4011,96f439b2-3dcd-1106-4011-4ec4bed1q46d2,468,269
1119,1000,4011,96f439b2-3dcd-1206-4011-4ec4bed146qd2,427,350
1120,1000,4013,96f439b2-3dcd-1006-4013-4ec4bed146d2q,453,347
1121,1000,4013,96f439b2-3dcd-1106-4013-4ec4beqd146d2,377,317
1122,1000,4013,96f439b2-3dcd-1206-4013-4eqc4bed146d2,384,345
1123,1000,4002,96f439b2-3dcd-1007-4002-4ec4bed1q46d2,375,375
1124,1000,4002,96f439b2-3dcd-1107-4002-4ec4bed1q46d2,376,385
1125,1000,4002,96f439b2-3dcd-1207-4002-4ecq4bed146d2,387,399
1126,1000,4002,96f439b2-3dcd-1307-4002-4ec4bedq146d2,399,404
1127,1000,4005,96f439b2-3dcd-1007-4005-4ec4bed14q6d2,415,434
1128,1000,4007,96f439b2-3dcd-1007-4007-4ec4bed146dq2,423,464
1129,1000,4004,96f439b2-3dcd-1007-4004-4qec4bed146d2,438,402
1130,1000,4004,96f439b2-3dcd-1107-4004-4ec4bqed146d2,466,388
1131,1000,4004,96f439b2-3dcd-1207-4004-4ec4bed14q6d2,389,408
1132,1000,4005,96f439b2-3dcd-1107-4005-4ec4bedq146d2,402,434
1133,1000,4005,96f439b2-3dcd-1207-4005-4ec4qbed146d2,378,465
1134,1000,4005,96f439b2-3dcd-1307-4005-4ec4beqd146d2,383,444
1135,1000,4009,96f439b2-3dcd-1007-4009-4ecq4bed146d2,399,421
1136,1000,4009,96f439b2-3dcd-1107-4009-4ec4bed14q6d2,405,432
1137,1000,4009,96f439b2-3dcd-1207-4009-4ec4bed146qd2,415,394
1138,1000,4044,96f439b2-3dcd-1007-4044-4ec4bqed146d2,468,377
1139,1000,4044,96f439b2-3dcd-1107-4044-4qec4bed146d2,426,415
1140,1000,4044,96f439b2-3dcd-1207-4044-4ec4bed14r6d2,447,434
1141,1000,4045,96f439b2-3dcd-1007-4045-4ecr4bed146d2,452,463
1142,1000,4045,96f439b2-3dcd-1107-4045-4ec4bedr146d2,374,379
1143,1000,4011,96f439b2-3dcd-1007-4011-4erc4bed146d2,394,386
1144,1000,4011,96f439b2-3dcd-1107-4011-4ec4bed14r6d2,465,406
1145,1000,4011,96f439b2-3dcd-1207-4011-4ec4bred146d2,399,416
1146,1000,4013,96f439b2-3dcd-1007-4013-4ec4bred146d2,373,464
1147,1000,4013,96f439b2-3dcd-1107-4013-4ec4bed14r6d2,394,423
1148,1000,4013,96f439b2-3dcd-1207-4013-4erc4bed146d2,464,470
1149,1000,4002,96f439b2-3dcd-1008-4002-4ec4bed1r46d2,465,495
1150,1000,4002,96f439b2-3dcd-1108-4002-4ec4bed146fd2,378,499
1151,1000,4002,96f439b2-3dcd-1208-4002-4ec4fbed146d2,398,504
1152,1000,4002,96f439b2-3dcd-1308-4002-4fec4bed146d2,434,557
1153,1000,4005,96f439b2-3dcd-1008-4005-4ec4bed1f46d2,456,535
1154,1000,4007,96f439b2-3dcd-1008-4007-4ecf4bed146d2,395,588
1155,1000,4004,96f439b2-3dcd-1008-4004-4ec4bed14f6d2,387,504
1156,1000,4004,96f439b2-3dcd-1108-4004-4ec4fbed146d2,417,533
1157,1000,4004,96f439b2-3dcd-1208-4004-4ec4bed1f46d2,434,557
1158,1000,4005,96f439b2-3dcd-1108-4005-4ec4bed146df2,456,587
1159,1000,4005,96f439b2-3dcd-1208-4005-4ec4befd146d2,422,563
1160,1000,4005,96f439b2-3dcd-1308-4005-4fec4bed146d2,462,499
1161,1000,4009,96f439b2-3dcd-1008-4009-4ec4bfed146d2,388,504
1162,1000,4009,96f439b2-3dcd-1108-4009-4ec4bed1f46d2,397,516
1163,1000,4009,96f439b2-3dcd-1208-4009-4ec4bed14g6d2,405,533
1164,1000,4044,96f439b2-3dcd-1008-4044-4ec4gbed146d2,411,574
1165,1000,4044,96f439b2-3dcd-1108-4044-4ec4bed1g46d2,445,526
1166,1000,4044,96f439b2-3dcd-1208-4044-4egc4bed146d2,377,574
1167,1000,4045,96f439b2-3dcd-1008-4045-4ec4bed146dg2,384,523
1168,1000,4045,96f439b2-3dcd-1108-4045-4gec4bed146d2,399,516
1169,1000,4011,96f439b2-3dcd-1008-4011-4ec4bged146d2,369,490
1170,1000,4011,96f439b2-3dcd-1108-4011-4ec4bedg146d2,414,505
1171,1000,4011,96f439b2-3dcd-1208-4011-4ec4bed14s6d2,427,574
1172,1000,4013,96f439b2-3dcd-1008-4013-4esc4bed146d2,465,536
1173,1000,4013,96f439b2-3dcd-1108-4013-4ec4bed1s46d2,444,522
1174,1000,4013,96f439b2-3dcd-1208-4013-4ec4bsed146d2,470,585
1175,1000,4002,96f439b2-3dcd-1009-4002-4ec4bed146ds2,465,615
1176,1000,4002,96f439b2-3dcd-1109-4002-4esc4bed146d2,404,615
1177,1000,4002,96f439b2-3dcd-1209-4002-4ec4besd146d2,379,635
1178,1000,4002,96f439b2-3dcd-1309-4002-4ec4bed14s6d2,399,674
1179,1000,4005,96f439b2-3dcd-1009-4005-4ec4bsed146d2,386,710
1180,1000,4007,96f439b2-3dcd-1009-4007-4sec4bed146d2,412,684
1181,1000,4004,96f439b2-3dcd-1009-4004-4ec4bedx146d2,436,634
1182,1000,4004,96f439b2-3dcd-1109-4004-4ec4bexd146d2,453,623
1183,1000,4004,96f439b2-3dcd-1209-4004-4ec4bexd146d2,418,678
1184,1000,4005,96f439b2-3dcd-1109-4005-4exc4bed146d2,451,612
1185,1000,4005,96f439b2-3dcd-1209-4005-4ec4bed146xd2,444,705
1186,1000,4005,96f439b2-3dcd-1309-4005-4ec4xbed146d2,427,645
1187,1000,4009,96f439b2-3dcd-1009-4009-4xec4bed146d2,465,687
1188,1000,4009,96f439b2-3dcd-1109-4009-4ec4bed14x6d2,453,643
1189,1000,4009,96f439b2-3dcd-1209-4009-4ec4bexd146d2,396,687
1190,1000,4044,96f439b2-3dcd-1009-4044-4exc4bed146d2,406,622
1191,1000,4044,96f439b2-3dcd-1109-4044-4ec4bed14x6d2,412,703
1192,1000,4044,96f439b2-3dcd-1209-4044-4ec4bxed146d2,379,658
1193,1000,4045,96f439b2-3dcd-1009-4045-4ec4bed146dx2,394,698
1194,1000,4045,96f439b2-3dcd-1109-4045-4ec4bxed146d2,453,627
1195,1000,4011,96f439b2-3dcd-1009-4011-4xec4bed146d2,463,664
1196,1000,4011,96f439b2-3dcd-1109-4011-4ec4bed14x6d2,427,684
1197,1000,4011,96f439b2-3dcd-1209-4011-4ec4bedx146d2,447,616
1198,1000,4013,96f439b2-3dcd-1009-4013-4ecx4bed146d2,463,625
1199,1000,4013,96f439b2-3dcd-1109-4013-4ec4bedx146d2,374,710
1200,1000,4013,96f439b2-3dcd-1209-4013-4ec4bed146dx2,385,705
1201,1000,4002,96f439b2-3dcd-1010-4002-4ec4xbed146d2,375,736
1202,1000,4002,96f439b2-3dcd-1110-4002-4ec4bedx146d2,378,745
1203,1000,4002,96f439b2-3dcd-1210-4002-4ec4bed1v46d2,390,767
1204,1000,4002,96f439b2-3dcd-1310-4002-4ec4bevd146d2,404,730
1205,1000,4005,96f439b2-3dcd-1010-4005-4ec4bevd146d2,416,820
1206,1000,4007,96f439b2-3dcd-1010-4007-4ec4bed146vd2,436,812
1207,1000,4004,96f439b2-3dcd-1110-4004-4ec4vbed146d2,466,826
1208,1000,4004,96f439b2-3dcd-1210-4004-4evc4bed146d2,380,804
1209,1000,4004,96f439b2-3dcd-1310-4004-4ec4bed146vd2,378,767
1210,1000,4005,96f439b2-3dcd-1110-4005-4ec4bevd146d2,398,787
1211,1000,4005,96f439b2-3dcd-1210-4005-4ecv4bed146d2,423,734
1212,1000,4005,96f439b2-3dcd-1310-4005-4ec4bed146dv2,447,756
1213,1000,4009,96f439b2-3dcd-1010-4009-4vec4bed146d2,460,798
1214,1000,4009,96f439b2-3dcd-1110-4009-4ec4bed1v46d2,375,787
1215,1000,4009,96f439b2-3dcd-1210-4009-4ec4bevd146d2,376,738
1216,1000,4044,96f439b2-3dcd-1010-4044-4evc4bed146d2,412,745
1217,1000,4044,96f439b2-3dcd-1110-4044-4ec4bed14v6d2,422,775
1218,1000,4044,96f439b2-3dcd-1210-4044-4ec4bved146d2,435,767
1219,1000,4045,96f439b2-3dcd-1010-4045-4ec4bed1n46d2,466,789
1220,1000,4045,96f439b2-3dcd-1110-4045-4ec4nbed146d2,390,800
1221,1000,4011,96f439b2-3dcd-1010-4011-4ec4bed146nd2,405,830
1222,1000,4011,96f439b2-3dcd-1110-4011-4enc4bed146d2,432,822
1223,1000,4011,96f439b2-3dcd-1210-4011-4ec4bedn146d2,416,735
1224,1000,4013,96f439b2-3dcd-1010-4013-4ec4nbed146d2,444,756
1225,1000,4013,96f439b2-3dcd-1110-4013-4ec4bed14n6d2,464,768
1226,1000,4013,96f439b2-3dcd-1210-4013-4ec4bned146d2,470,825
1227,1000,4002,96f439b2-3dcd-1011-4002-4nec4bed146d2,375,850
1228,1000,4002,96f439b2-3dcd-1111-4002-4ec4bed146dn2,389,868
1229,1000,4002,96f439b2-3dcd-1211-4002-4ec4bned146d2,415,940
1230,1000,4002,96f439b2-3dcd-1311-4002-4ec4bed146nd2,436,910
1231,1000,4005,96f439b2-3dcd-1011-4005-4enc4bed146d2,465,878
1232,1000,4007,96f439b2-3dcd-1011-4007-4ec4bedn146d2,377,903
1233,1000,4004,96f439b2-3dcd-1011-4004-4ec4bed14nj6d2,383,945
1234,1000,4004,96f439b2-3dcd-1111-4004-4ec4bed14j6d2,395,899
1235,1000,4004,96f439b2-3dcd-1211-4004-4ec4jbed146d2,405,916
1236,1000,4005,96f439b2-3dcd-1111-4005-4ecj4bed146d2,416,927
1237,1000,4005,96f439b2-3dcd-1211-4005-4ec4bejd146d2,456,933
1238,1000,4005,96f439b2-3dcd-1311-4005-4ec4bedj146d2,423,888
1239,1000,4009,96f439b2-3dcd-1011-4009-4ec4bed146jd2,387,922
1240,1000,4009,96f439b2-3dcd-1111-4009-4ecj4bed146d2,406,942
1241,1000,4009,96f439b2-3dcd-1211-4009-4ec4bejd146d2,445,878
1242,1000,4044,96f439b2-3dcd-1011-4044-4ec4bed14j6d2,466,856
1243,1000,4044,96f439b2-3dcd-1111-4044-4ec4bjed146d2,423,945
1244,1000,4044,96f439b2-3dcd-1211-4044-4ecj4bed146d2,411,935
1245,1000,4045,96f439b2-3dcd-1011-4045-4ec4bed1u46d2,465,917
1246,1000,4045,96f439b2-3dcd-1111-4045-4ec4ubed146d2,454,893
1247,1000,4011,96f439b2-3dcd-1011-4011-4ec4bed146du2,434,922
1248,1000,4011,96f439b2-3dcd-1111-4011-4ec4ubed146d2,460,934
1249,1000,4011,96f439b2-3dcd-1211-4011-4ec4bed14u6d2,385,914
1250,1000,4013,96f439b2-3dcd-1011-4013-4euc4bed146d2,399,865
1251,1000,4013,96f439b2-3dcd-1111-4013-4ec4bedu146d2,414,944
1252,1000,4013,96f439b2-3dcd-1211-4013-4ec4ubed146d2,466,950
1253,1000,4002,96f439b2-3dcd-1012-4002-4ec4bed146du2,377,1060
1254,1000,4002,96f439b2-3dcd-1112-4002-4ec4bued146d2,398,970
1255,1000,4002,96f439b2-3dcd-1212-4002-4uec4bed146d2,416,999
1256,1000,4002,96f439b2-3dcd-1312-4002-4ec4bedu146d2,464,1023
1257,1000,4005,96f439b2-3dcd-1012-4005-4ec4bed14u6d2,393,1055
1258,1000,4007,96f439b2-3dcd-1012-4007-4ec4ubed146d2,428,1012
1259,1000,4004,96f439b2-3dcd-1112-4004-4ec4bed14u6d2,465,988
1260,1000,4004,96f439b2-3dcd-1212-4004-4euc4bed146d2,377,1010
1261,1000,4004,96f439b2-3dcd-1312-4004-4ec4bed1j46d2,392,1033
1262,1000,4005,96f439b2-3dcd-1112-4005-4ec4jbed146d2,415,1026
1263,1000,4005,96f439b2-3dcd-1212-4005-4ec4bedj146d2,435,993
1264,1000,4005,96f439b2-3dcd-1312-4005-4ec4bejd146d2,444,979
1265,1000,4009,96f439b2-3dcd-1012-4009-4ec4jbed146d2,454,1034
1266,1000,4009,96f439b2-3dcd-1112-4009-4ec4bed146dj2,424,1041
1267,1000,4009,96f439b2-3dcd-1212-4009-4ejc4bed146d2,376,1004
1268,1000,4044,96f439b2-3dcd-1012-4044-4ec4bed1j46d2,413,1014
1269,1000,4044,96f439b2-3dcd-1112-4044-4ec4bejd146d2,453,999
1270,1000,4044,96f439b2-3dcd-1212-4044-4jec4bed146d2,460,1028
1271,1000,4045,96f439b2-3dcd-1012-4045-4ec4bed146dj2,388,1047
1272,1000,4045,96f439b2-3dcd-1112-4045-4ec4bejd146d2,406,1016
1273,1000,4011,96f439b2-3dcd-1012-4011-4ejc4bed146d2,422,978
1274,1000,4011,96f439b2-3dcd-1112-4011-4ec4bedj146d2,402,1025
1275,1000,4011,96f439b2-3dcd-1212-4011-4ec4bed146jd2,378,1054
1276,1000,4013,96f439b2-3dcd-1012-4013-4ec4bjed146d2,385,979
1277,1000,4013,96f439b2-3dcd-1112-4013-4ec4bedj146d2,414,1001
1278,1000,4013,96f439b2-3dcd-1212-4013-4ec4bedj146d2,465,1025
1279,1000,4002,96f439b2-3dcd-1012-4002-4ecz4bed146du2,372,1095
1280,1000,4002,96f439b2-3dcd-1112-4002-4exc4bued146d2,398,1100
1281,1000,4002,96f439b2-3dcd-1212-4002-4uec4bed1c46d2,416,1134
1282,1000,4002,96f439b2-3dcd-1312-4002-4ecv4bedu146d2,464,1156
1283,1000,4005,96f439b2-3dcd-1012-4005-4ec4bed14ub6d2,393,1122
1284,1000,4007,96f439b2-3dcd-1012-4007-4ec4fubed146d2,428,1190
1285,1000,4004,96f439b2-3dcd-1112-4004-4ec4bed1d4u6d2,465,1176
1286,1000,4004,96f439b2-3dcd-1212-4004-4eeuc4bed146d2,377,1095
1287,1000,4004,96f439b2-3dcd-1312-4004-4ec4bed1j4r6d2,392,1096
1288,1000,4005,96f439b2-3dcd-1112-4005-4ec4jbetd146d2,415,1144
1289,1000,4005,96f439b2-3dcd-1212-4005-4ecq4bedj146d2,435,1176
1290,1000,4005,96f439b2-3dcd-1312-4005-4ec4baejd146d2,444,1123
1291,1000,4009,96f439b2-3dcd-1012-4009-4ec4jzbed146d2,454,1111
1292,1000,4009,96f439b2-3dcd-1112-4009-4ec4bedx146dj2,424,1190
1293,1000,4009,96f439b2-3dcd-1212-4009-4ejc4bedy146d2,376,1185
1294,1000,4044,96f439b2-3dcd-1012-4044-4ec4bed1ju46d2,413,1133
1295,1000,4044,96f439b2-3dcd-1112-4044-4ect4bejd146d2,453,1184
1296,1000,4044,96f439b2-3dcd-1212-4044-4jec4bed14u6d2,460,1145
1297,1000,4045,96f439b2-3dcd-1012-4045-4ec4bed14j6dj2,388,1158
1298,1000,4045,96f439b2-3dcd-1112-4045-4ec4bejd1n46d2,406,1090
1299,1000,4011,96f439b2-3dcd-1012-4011-4ejc4bmed146d2,422,1108
1300,1000,4011,96f439b2-3dcd-1112-4011-4ec4bedj14o6d2,402,1166
1301,1000,4011,96f439b2-3dcd-1212-4011-4ec4bed14i6jd2,378,1190
1302,1000,4013,96f439b2-3dcd-1012-4013-4ec4bjedu146d2,385,1146
1303,1000,4013,96f439b2-3dcd-1112-4013-4ec4ybedj146d2,414,1174
1304,1000,4013,96f439b2-3dcd-1212-4013-4ec4btedj146d2,465,1185
1305,1000,4002,96f439b2-3dcd-1001-4002-4ec4beqd146d3,370,1265
1306,1000,4013,96f439b2-3dcd-1001-4013-4ec4beqd146d3,374,1305
1307,1000,4045,96f439b2-3dcd-1001-4045-4ec4beqd146d3,374,1310
1308,1000,4009,96f439b2-3dcd-1001-4009-4ec4beqd146d3,378,1218
1309,1000,4005,96f439b2-3dcd-1001-4005-4ec4beqd146d3,378,1226
1310,1000,4002,96f439b2-3dcd-1002-4002-4ec4beqd146d3,380,1217
1311,1000,4005,96f439b2-3dcd-1002-4005-4ec4beqd146d3,380,1296
1312,1000,4011,96f439b2-3dcd-1001-4011-4ec4beqd146d3,383,1285
1313,1000,4044,96f439b2-3dcd-1001-4044-4ec4beqd146d3,389,1228
1314,1000,4045,96f439b2-3dcd-1002-4045-4ec4beqd146d3,399,1297
1315,1000,4005,96f439b2-3dcd-1003-4005-4ec4beqd146d3,399,1303
1316,1000,4011,96f439b2-3dcd-1002-4011-4ec4beqd146d3,404,1228
1317,1000,4004,96f439b2-3dcd-1001-4004-4ec4beqd146d3,411,1265
1318,1000,4044,96f439b2-3dcd-1002-4044-4ec4beqd146d3,412,1255
1319,1000,4002,96f439b2-3dcd-1003-4002-4ec4beqd146d3,413,1266
1320,1000,4011,96f439b2-3dcd-1003-4011-4ec4beqd146d3,415,1259
1321,1000,4009,96f439b2-3dcd-1002-4009-4ec4beqd146d3,423,1279
1322,1000,4004,96f439b2-3dcd-1002-4004-4ec4beqd146d3,433,1223
1323,1000,4004,96f439b2-3dcd-1003-4004-4ec4beqd146d3,444,1257
1324,1000,4013,96f439b2-3dcd-1002-4013-4ec4beqd146d3,454,1213
1325,1000,4005,96f439b2-3dcd-1004-4005-4ec4beqd146d3,454,1306
1326,1000,4044,96f439b2-3dcd-1003-4044-4ec4beqd146d3,455,1223
1327,1000,4002,96f439b2-3dcd-1004-4002-4ec4beqd146d3,465,1236
1328,1000,4013,96f439b2-3dcd-1003-4013-4ec4beqd146d3,468,1254
1329,1000,4007,96f439b2-3dcd-1001-4007-4ec4beqd146d3,468,1310
1330,1000,4009,96f439b2-3dcd-1003-4009-4ec4beqd146d3,470,1238
1331,1000,4011,96f439b2-3dcd-1004-4011-4ec4beqd146d3,493,1213
1332,1000,4002,96f439b2-3dcd-1005-4002-4ec4beqd146d3,495,1247
1333,1000,4002,96f439b2-3dcd-1006-4002-4ec4beqd146d3,495,1256
1334,1000,4009,96f439b2-3dcd-1004-4009-4ec4beqd146d3,499,1223
1335,1000,4009,96f439b2-3dcd-1005-4009-4ec4beqd146d3,500,1279
1336,1000,4005,96f439b2-3dcd-1005-4005-4ec4beqd146d3,511,1236
1337,1000,4004,96f439b2-3dcd-1004-4004-4ec4beqd146d3,512,1247
1338,1000,4005,96f439b2-3dcd-1006-4005-4ec4beqd146d3,512,1278
1339,1000,4044,96f439b2-3dcd-1004-4044-4ec4beqd146d3,513,1257
1340,1000,4045,96f439b2-3dcd-1003-4045-4ec4beqd146d3,523,1266
1341,1000,4005,96f439b2-3dcd-1007-4005-4ec4beqd146d3,533,1256
1342,1000,4009,96f439b2-3dcd-1006-4009-4ec4beqd146d3,534,1224
1343,1000,4013,96f439b2-3dcd-1004-4013-4ec4beqd146d3,535,1279
1344,1000,4011,96f439b2-3dcd-1005-4011-4ec4beqd146d3,543,1294
1345,1000,4004,96f439b2-3dcd-1005-4004-4ec4beqd146d3,545,1310
1346,1000,4007,96f439b2-3dcd-1002-4007-4ec4beqd146d3,554,1225
1347,1000,4044,96f439b2-3dcd-1005-4044-4ec4beqd146d3,566,1303
1348,1000,4045,96f439b2-3dcd-1004-4045-4ec4beqd146d3,576,1223
1349,1000,4011,96f439b2-3dcd-1006-4011-4ec4beqd146d3,577,1256
1350,1000,4013,96f439b2-3dcd-1005-4013-4ec4beqd146d3,582,1225
1351,1000,4002,96f439b2-3dcd-1007-4002-4ec4beqd146d3,582,1305
1352,1000,4044,96f439b2-3dcd-1006-4044-4ec4beqd146d3,583,1302
1353,1000,4013,96f439b2-3dcd-1006-4013-4ec4beqd146d3,585,1305
1354,1000,4005,96f439b2-3dcd-1008-4005-4ec4beqd146d3,588,1218
1355,1000,4004,96f439b2-3dcd-1006-4004-4ec4beqd146d3,589,1269
1356,1000,4002,96f439b2-3dcd-1008-4002-4ec4beqd146d3,590,1225
1357,1000,4009,96f439b2-3dcd-1007-4009-4ec4beqd146d3,605,1305
1358,1000,4002,96f439b2-3dcd-1009-4002-4ec4beqd146d3,610,1236
1359,1000,4011,96f439b2-3dcd-1007-4011-4ec4beqd146d3,610,1255
1360,1000,4005,96f439b2-3dcd-1009-4005-4ec4beqd146d3,613,1279
1361,1000,4002,96f439b2-3dcd-1010-4002-4ec4beqd146d3,622,1258
1362,1000,4011,96f439b2-3dcd-1008-4011-4ec4beqd146d3,625,1268
1363,1000,4005,96f439b2-3dcd-1010-4005-4ec4beqd146d3,627,1213
1364,1000,4013,96f439b2-3dcd-1007-4013-4ec4beqd146d3,633,1267
1365,1000,4002,96f439b2-3dcd-1011-4002-4ec4beqd146d3,634,1248
1366,1000,4005,96f439b2-3dcd-1011-4005-4ec4beqd146d3,638,1236
1367,1000,4013,96f439b2-3dcd-1008-4013-4ec4beqd146d3,645,1234
1368,1000,4005,96f439b2-3dcd-1012-4005-4ec4beqd146d3,649,1284
1369,1000,4044,96f439b2-3dcd-1007-4044-4ec4beqd146d3,666,1305
1370,1000,4011,96f439b2-3dcd-1009-4011-4ec4beqd146d3,676,1274
1371,1000,4007,96f439b2-3dcd-1003-4007-4ec4beqd146d3,680,1294
1372,1000,4009,96f439b2-3dcd-1008-4009-4ec4beqd146d3,687,1229
1373,1000,4044,96f439b2-3dcd-1008-4044-4ec4beqd146d3,689,1287
1374,1000,4004,96f439b2-3dcd-1007-4004-4ec4beqd146d3,698,1223
1375,1000,4009,96f439b2-3dcd-1009-4009-4ec4beqd146d3,699,1296
1376,1000,4013,96f439b2-3dcd-1009-4013-4ec4beqd146d3,700,1285
1377,1000,4045,96f439b2-3dcd-1005-4045-4ec4beqd146d3,703,1215
1378,1000,4004,96f439b2-3dcd-1008-4004-4ec4beqd146d3,703,1247
1379,1000,4045,96f439b2-3dcd-1006-4045-4ec4beqd146d3,705,1236
1380,1000,4004,96f439b2-3dcd-1009-4004-4ec4beqd146d3,706,1268
1381,1000,4002,96f439b2-3dcd-1012-4002-4ec4beqd146d3,710,1225
1382,1000,4044,96f439b2-3dcd-1009-4044-4ec4beqd146d3,710,1268
1383,1000,4005,96f439b2-3dcd-1013-4005-4ec4beqd146d3,733,1225
1384,1000,4044,96f439b2-3dcd-1010-4044-4ec4beqd146d3,733,1268
1385,1000,4011,96f439b2-3dcd-1010-4011-4ec4beqd146d3,734,1293
1386,1000,4002,96f439b2-3dcd-1013-4002-4ec4beqd146d3,735,1245
1387,1000,4013,96f439b2-3dcd-1010-4013-4ec4beqd146d3,738,1305
1388,1000,4009,96f439b2-3dcd-1010-4009-4ec4beqd146d3,748,1279
1389,1000,4002,96f439b2-3dcd-1014-4002-4ec4beqd146d3,750,1269
1390,1000,4004,96f439b2-3dcd-1010-4004-4ec4beqd146d3,755,1282
1391,1000,4044,96f439b2-3dcd-1011-4044-4ec4beqd146d3,755,1292
1392,1000,4011,96f439b2-3dcd-1011-4011-4ec4beqd146d3,766,1223
1393,1000,4044,96f439b2-3dcd-1012-4044-4ec4beqd146d3,766,1233
1394,1000,4002,96f439b2-3dcd-1015-4002-4ec4beqd146d3,766,1295
1395,1000,4013,96f439b2-3dcd-1011-4013-4ec4beqd146d3,777,1238
1396,1000,4005,96f439b2-3dcd-1014-4005-4ec4beqd146d3,780,1215
1397,1000,4013,96f439b2-3dcd-1012-4013-4ec4beqd146d3,784,1310
1398,1000,4009,96f439b2-3dcd-1011-4009-4ec4beqd146d3,787,1302
1399,1000,4005,96f439b2-3dcd-1015-4005-4ec4beqd146d3,790,1257
1400,1000,4007,96f439b2-3dcd-1004-4007-4ec4beqd146d3,799,1247
1401,1000,4045,96f439b2-3dcd-1007-4045-4ec4beqd146d3,810,1263
1402,1000,4004,96f439b2-3dcd-1011-4004-4ec4beqd146d3,812,1253
1403,1000,4009,96f439b2-3dcd-1012-4009-4ec4beqd146d3,817,1235
1404,1000,4011,96f439b2-3dcd-1012-4011-4ec4beqd146d3,822,1245
1405,1000,4005,96f439b2-3dcd-1016-4005-4ec4beqd146d3,822,1268
1406,1000,4004,96f439b2-3dcd-1012-4004-4ec4beqd146d3,822,1278
1407,1000,4002,96f439b2-3dcd-1016-4002-4ec4beqd146d3,825,1225
1408,1000,4045,96f439b2-3dcd-1008-4045-4ec4beqd146d3,830,1212
1409,1000,4002,96f439b2-3dcd-1017-4002-4ec4beqd146d3,850,1210
1410,1000,4011,96f439b2-3dcd-1013-4011-4ec4beqd146d3,855,1252
1411,1000,4005,96f439b2-3dcd-1017-4005-4ec4beqd146d3,855,1279
1412,1000,4002,96f439b2-3dcd-1018-4002-4ec4beqd146d3,856,1247
1413,1000,4007,96f439b2-3dcd-1005-4007-4ec4beqd146d3,866,1258
1414,1000,4011,96f439b2-3dcd-1014-4011-4ec4beqd146d3,867,1273
1415,1000,4009,96f439b2-3dcd-1013-4009-4ec4beqd146d3,867,1310
1416,1000,4044,96f439b2-3dcd-1013-4044-4ec4beqd146d3,870,1307
1417,1000,4002,96f439b2-3dcd-1019-4002-4ec4beqd146d3,880,1293
1418,1000,4045,96f439b2-3dcd-1009-4045-4ec4beqd146d3,880,1296
1419,1000,4004,96f439b2-3dcd-1013-4004-4ec4beqd146d3,889,1228
1420,1000,4009,96f439b2-3dcd-1014-4009-4ec4beqd146d3,889,1292
1421,1000,4011,96f439b2-3dcd-1015-4011-4ec4beqd146d3,890,1212
1422,1000,4005,96f439b2-3dcd-1018-4005-4ec4beqd146d3,890,1224
1423,1000,4005,96f439b2-3dcd-1019-4005-4ec4beqd146d3,895,1310
1424,1000,4013,96f439b2-3dcd-1013-4013-4ec4beqd146d3,900,1281
1425,1000,4002,96f439b2-3dcd-1020-4002-4ec4beqd146d3,903,1277
1426,1000,4005,96f439b2-3dcd-1020-4005-4ec4beqd146d3,906,1306
1427,1000,4013,96f439b2-3dcd-1014-4013-4ec4beqd146d3,910,1294
1428,1000,4009,96f439b2-3dcd-1015-4009-4ec4beqd146d3,912,1210
1429,1000,4044,96f439b2-3dcd-1014-4044-4ec4beqd146d3,920,1257
1430,1000,4013,96f439b2-3dcd-1015-4013-4ec4beqd146d3,930,1215
1431,1000,4044,96f439b2-3dcd-1015-4044-4ec4beqd146d3,930,1279
1432,1000,4004,96f439b2-3dcd-1014-4004-4ec4beqd146d3,932,1300
1433,1000,4045,96f439b2-3dcd-1010-4045-4ec4beqd146d3,945,1246
1434,1000,4004,96f439b2-3dcd-1015-4004-4ec4beqd146d3,945,1270
1435,1000,4002,96f439b2-3dcd-1021-4002-4ec4beqd146d3,970,1215
1436,1000,4004,96f439b2-3dcd-1016-4004-4ec4beqd146d3,975,1275
1437,1000,4013,96f439b2-3dcd-1016-4013-4ec4beqd146d3,975,1305
1438,1000,4005,96f439b2-3dcd-1021-4005-4ec4beqd146d3,980,1290
1439,1000,4005,96f439b2-3dcd-1022-4005-4ec4beqd146d3,995,1260
1440,1000,4002,96f439b2-3dcd-1022-4002-4ec4beqd146d3,998,1245
1441,1000,4013,96f439b2-3dcd-1017-4013-4ec4beqd146d3,999,1217
1442,1000,4007,96f439b2-3dcd-1006-4007-4ec4beqd146d3,1000,1260
1443,1000,4009,96f439b2-3dcd-1016-4009-4ec4beqd146d3,1000,1270
1444,1000,4044,96f439b2-3dcd-1016-4044-4ec4beqd146d3,1005,1224
1445,1000,4011,96f439b2-3dcd-1016-4011-4ec4beqd146d3,1012,1250
1446,1000,4045,96f439b2-3dcd-1011-4045-4ec4beqd146d3,1015,1293
1447,1000,4044,96f439b2-3dcd-1017-4044-4ec4beqd146d3,1015,1310
1448,1000,4002,96f439b2-3dcd-1023-4002-4ec4beqd146d3,1020,1266
1449,1000,4005,96f439b2-3dcd-1023-4005-4ec4beqd146d3,1030,1245
1450,1000,4011,96f439b2-3dcd-1017-4011-4ec4beqd146d3,1035,1235
1451,1000,4011,96f439b2-3dcd-1018-4011-4ec4beqd146d3,1040,1223
1452,1000,4002,96f439b2-3dcd-1024-4002-4ec4beqd146d3,1040,1305
1453,1000,4009,96f439b2-3dcd-1017-4009-4ec4beqd146d3,1045,1240
1454,1000,4005,96f439b2-3dcd-1024-4005-4ec4beqd146d3,1046,1230
1455,1000,4009,96f439b2-3dcd-1018-4009-4ec4beqd146d3,1050,1220
1456,1000,4045,96f439b2-3dcd-1012-4045-4ec4beqd146d3,1055,1220
1457,1000,4004,96f439b2-3dcd-1017-4004-4ec4beqd146d3,1060,1280
1458,1000,4013,96f439b2-3dcd-1018-4013-4ec4beqd146d3,1065,1279
1459,1000,4004,96f439b2-3dcd-1018-4004-4ec4beqd146d3,1070,1294
1460,1000,4044,96f439b2-3dcd-1018-4044-4ec4beqd146d3,1070,1302
1461,1000,4009,96f439b2-3dcd-1019-4009-4ec4beqd146d3,1090,1215
1462,1000,4002,96f439b2-3dcd-1025-4002-4ec4beqd146d3,1090,1217
1463,1000,4045,96f439b2-3dcd-1013-4045-4ec4beqd146d3,1095,1302
1464,1000,4004,96f439b2-3dcd-1019-4004-4ec4beqd146d3,1099,1235
1465,1000,4013,96f439b2-3dcd-1019-4013-4ec4beqd146d3,1099,1238
1466,1000,4002,96f439b2-3dcd-1026-4002-4ec4beqd146d3,1103,1266
1467,1000,4044,96f439b2-3dcd-1019-4044-4ec4beqd146d3,1111,1294
1468,1000,4004,96f439b2-3dcd-1020-4004-4ec4beqd146d3,1114,1268
1469,1000,4005,96f439b2-3dcd-1025-4005-4ec4beqd146d3,1117,1302
1470,1000,4013,96f439b2-3dcd-1020-4013-4ec4beqd146d3,1120,1266
1471,1000,4007,96f439b2-3dcd-1007-4007-4ec4beqd146d3,1122,1287
1472,1000,4011,96f439b2-3dcd-1019-4011-4ec4beqd146d3,1123,1279
1473,1000,4044,96f439b2-3dcd-1020-4044-4ec4beqd146d3,1132,1305
1474,1000,4002,96f439b2-3dcd-1027-4002-4ec4beqd146d3,1135,1225
1475,1000,4005,96f439b2-3dcd-1026-4005-4ec4beqd146d3,1143,1302
1476,1000,4009,96f439b2-3dcd-1020-4009-4ec4beqd146d3,1144,1215
1477,1000,4013,96f439b2-3dcd-1021-4013-4ec4beqd146d3,1144,1246
1478,1000,4011,96f439b2-3dcd-1020-4011-4ec4beqd146d3,1145,1254
1479,1000,4004,96f439b2-3dcd-1021-4004-4ec4beqd146d3,1152,1225
1480,1000,4005,96f439b2-3dcd-1027-4005-4ec4beqd146d3,1165,1305
1481,1000,4044,96f439b2-3dcd-1021-4044-4ec4beqd146d3,1170,1285
1482,1000,4011,96f439b2-3dcd-1021-4011-4ec4beqd146d3,1173,1218
1483,1000,4009,96f439b2-3dcd-1021-4009-4ec4beqd146d3,1177,1279
1484,1000,4002,96f439b2-3dcd-1028-4002-4ec4beqd146d3,1178,1246
1485,1000,4045,96f439b2-3dcd-1014-4045-4ec4beqd146d3,1185,1224
1486,1000,4005,96f439b2-3dcd-1028-4005-4ec4beqd146d3,1186,1284
