i:ID,s:Category Name,s:Item Name,i:Item DID,i:Cost Gold,i:Cost Jelly,i:Cost Special DID,i:Cost Special Amount,i:Sell Cost Gold,i:Sell Cost Jelly,s:Description,s:Type,s:Name,s:Display Model Type,i:Display Width,i:Display Height,s:Display Default Texture,s:Display Default Name,i:Show in Store,i:Sale Banner,f:Sale Percent,i:New Banner,i:LimitedBanner,i:Can Sell,s:Can't Sell Text,i:Micro Event DID,i:Event Only
empty,,,,,,,,,,,,,,,,,,,,,,,,,,
1,featured,!!BLDG_NAME_MRKRAB,1013,-1,72,-1,-1,-1,-1,n/a,n/a,n/a,n/a,-1,-1,n/a,n/a,1,1,0.5,0,0,0,!!CANNOT_SELL_HOUSE,-1,0
2,featured,!!DECO_KRUSTYKRAB_TREASURE,20606,-1,17,-1,-1,-1,-1,!!DECO_KRUSTYKRAB_TREASURE_DESC,n/a,n/a,n/a,-1,-1,n/a,n/a,1,1,0.5,0,0,0,!!CANNOT_SELL_PREMIUM,-1,0
3,featured,!!DECO_FOUNTAIN_GOLD,20604,-1,20,-1,-1,-1,-1,!!DECO_FOUNTAIN_GOLD_DESC,n/a,n/a,n/a,-1,-1,n/a,n/a,1,1,0.5,0,0,0,!!CANNOT_SELL_PREMIUM,-1,0
4,featured,!!BLDG_NAME_LUCKY_DIME,21003,-1,50,-1,-1,-1,-1,!!BLDG_LUCKY_DIME_DESC,n/a,n/a,n/a,-1,-1,n/a,n/a,1,1,0.5,0,0,0,!!CANNOT_SELL_LIMITED,-1,0
5,featured,!!BLDG_NAME_MONEY_BAG,21002,-1,75,-1,-1,-1,-1,n/a,n/a,n/a,n/a,-1,-1,n/a,n/a,1,1,0.5,0,0,0,!!CANNOT_SELL_LIMITED,-1,0
6,featured,!!BLDG_NAME_KRABS_LOCKER,21001,900,-1,-1,-1,450,-1,n/a,n/a,n/a,n/a,-1,-1,n/a,n/a,1,1,0.5,0,0,0,!!CANNOT_SELL_LIMITED,-1,0
7,buildings,!!BLDG_NAME_SB,1015,0,-1,-1,-1,0,-1,n/a,n/a,n/a,n/a,-1,-1,n/a,n/a,1,0,0.33,0,0,0,!!CANNOT_SELL_HOUSE,-1,0
8,buildings,!!BLDG_NAME_TREEDOME,1019,-1,430,-1,-1,-1,43,n/a,n/a,n/a,n/a,-1,-1,n/a,n/a,1,0,0.33,0,0,0,!!CANNOT_SELL_HOUSE,-1,0
9,buildings,!!BLDG_NAME_1022_DAVES_HOUSE,1022,150,-1,-1,-1,75,-1,n/a,n/a,n/a,n/a,-1,-1,n/a,n/a,1,0,0.33,0,0,0,!!CANNOT_SELL_HOUSE,-1,0
10,buildings,!!BLDG_NAME_1031_BILLS_HOUSE,1031,150,-1,-1,-1,75,-1,n/a,n/a,n/a,n/a,-1,-1,n/a,n/a,1,0,0.33,0,0,0,!!CANNOT_SELL_HOUSE,-1,0
11,buildings,!!BLDG_NAME_1023_JUDYS_HOUSE,1023,250,-1,-1,-1,125,-1,n/a,n/a,n/a,n/a,-1,-1,n/a,n/a,1,0,0.33,0,0,0,!!CANNOT_SELL_HOUSE,-1,0
12,buildings,!!BLDG_NAME_POLICE,1004,600,-1,-1,-1,300,-1,n/a,n/a,n/a,n/a,-1,-1,n/a,n/a,1,0,0.33,0,0,0,!!CANNOT_SELL_HOUSE,-1,0
13,buildings,!!BLDG_NAME_PATRICK,1017,800,-1,-1,-1,400,-1,n/a,n/a,n/a,n/a,-1,-1,n/a,n/a,1,0,0.33,0,0,0,!!CANNOT_SELL_HOUSE,-1,0
14,buildings,!!BLDG_NAME_EASTER,1016,1200,-1,-1,-1,600,-1,n/a,n/a,n/a,n/a,-1,-1,n/a,n/a,1,0,0.33,0,0,0,!!CANNOT_SELL_HOUSE,-1,0
15,buildings,!!BLDG_NAME_MSPUFF,1003,-1,155,-1,-1,-1,21,n/a,n/a,n/a,n/a,-1,-1,n/a,n/a,1,0,0.33,0,0,0,!!CANNOT_SELL_HOUSE,-1,0
16,buildings,!!BLDG_NAME_THEREEF,1007,1600,-1,-1,-1,800,-1,n/a,n/a,n/a,n/a,-1,-1,n/a,n/a,1,0,0.33,0,0,0,!!CANNOT_SELL_HOUSE,-1,0
17,buildings,!!BLDG_NAME_9009_FRANKS_HOUSE,9009,1300,-1,-1,-1,650,-1,n/a,n/a,n/a,n/a,-1,-1,n/a,n/a,1,0,0.33,0,0,0,!!CANNOT_SELL_HOUSE,-1,0
18,buildings,!!BLDG_NAME_PLANKTONS_WORKSHOP,1052,500,-1,-1,-1,250,-1,n/a,n/a,n/a,n/a,-1,-1,n/a,n/a,1,0,0.33,0,0,0,!!CANNOT_SELL_HOUSE,-1,0
19,buildings,!!BLDG_NAME_9006_MARTHAS_HOUSE,9006,1400,-1,-1,-1,700,-1,n/a,n/a,n/a,n/a,-1,-1,n/a,n/a,1,0,0.33,0,0,0,!!CANNOT_SELL_HOUSE,-1,0
20,buildings,!!BLDG_NAME_HOSPITAL,1010,-1,345,-1,-1,-1,34,n/a,n/a,n/a,n/a,-1,-1,n/a,n/a,1,0,0.33,0,0,0,!!CANNOT_SELL_HOUSE,-1,0
21,buildings,!!BLDG_NAME_9000_TOMMYS_HOUSE,9000,1500,-1,-1,-1,750,-1,n/a,n/a,n/a,n/a,-1,-1,n/a,n/a,1,0,0.33,0,0,0,!!CANNOT_SELL_HOUSE,-1,0
22,buildings,!!BLDG_NAME_9001_JOHNS_HOUSE_LIGHTBLUE,9001,2400,-1,-1,-1,1200,-1,n/a,n/a,n/a,n/a,-1,-1,n/a,n/a,1,0,0.33,0,0,0,!!CANNOT_SELL_HOUSE,-1,0
23,buildings,!!BLDG_NAME_SHOALS,1026,8500,-1,-1,-1,4250,-1,n/a,n/a,n/a,n/a,-1,-1,n/a,n/a,1,0,0.33,0,0,0,!!CANNOT_SELL_HOUSE,-1,0
24,buildings,!!BLDG_NAME_GYM,1009,-1,290,-1,-1,-1,29,n/a,n/a,n/a,n/a,-1,-1,n/a,n/a,1,0,0.33,0,0,0,!!CANNOT_SELL_HOUSE,-1,0
25,buildings,!!BLDG_NAME_9002_HARRYS_HOUSE_GREEN,9002,9000,-1,-1,-1,4500,-1,n/a,n/a,n/a,n/a,-1,-1,n/a,n/a,1,0,0.33,0,0,0,!!CANNOT_SELL_HOUSE,-1,0
26,buildings,!!BLDG_NAME_9003_SUSIES_HOUSE_ORANGE,9003,11000,-1,-1,-1,5500,-1,n/a,n/a,n/a,n/a,-1,-1,n/a,n/a,1,0,0.33,0,0,0,!!CANNOT_SELL_HOUSE,-1,0
27,buildings,!!BLDG_NAME_JAIL,1002,12000,-1,-1,-1,6000,-1,n/a,n/a,n/a,n/a,-1,-1,n/a,n/a,1,0,0.33,0,0,0,!!CANNOT_SELL_HOUSE,-1,0
28,buildings,!!BLDG_NAME_9004_TYLERS_HOUSE_LIGHTBLUE,9004,16000,-1,-1,-1,8000,-1,n/a,n/a,n/a,n/a,-1,-1,n/a,n/a,1,0,0.33,0,0,0,!!CANNOT_SELL_HOUSE,-1,0
29,buildings,!!BLDG_NAME_SQUILL,1025,-1,250,-1,-1,-1,8,n/a,n/a,n/a,n/a,-1,-1,n/a,n/a,1,0,0.33,0,0,0,!!CANNOT_SELL_HOUSE,-1,0
30,buildings,!!BLDG_NAME_SPITOON,1014,28000,-1,-1,-1,14000,-1,n/a,n/a,n/a,n/a,-1,-1,n/a,n/a,1,0,0.33,0,0,0,!!CANNOT_SELL_HOUSE,-1,0
31,buildings,!!BLDG_NAME_9005_SOPHIES_HOUSE,9005,32000,-1,-1,-1,16000,-1,n/a,n/a,n/a,n/a,-1,-1,n/a,n/a,1,0,0.33,0,0,0,!!CANNOT_SELL_HOUSE,-1,0
32,buildings,!!BLDG_NAME_1050_LENNYS_HOUSE_YELLOW,1050,65000,-1,-1,-1,32500,-1,n/a,n/a,n/a,n/a,-1,-1,n/a,n/a,1,0,0.33,0,0,0,!!CANNOT_SELL_HOUSE,-1,0
33,buildings,!!BLDG_NAME_JELLYSTD,1012,80000,-1,-1,-1,40000,-1,n/a,n/a,n/a,n/a,-1,-1,n/a,n/a,1,0,0.33,0,0,0,!!CANNOT_SELL_HOUSE,-1,0
34,buildings,!!BLDG_NAME_FRYCOOK,1006,-1,430,-1,-1,-1,43,n/a,n/a,n/a,n/a,-1,-1,n/a,n/a,1,0,0.33,0,0,0,!!CANNOT_SELL_HOUSE,-1,0
35,buildings,!!BLDG_NAME_1051_BOBS_HOUSE,1051,100000,-1,-1,-1,50000,-1,n/a,n/a,n/a,n/a,-1,-1,n/a,n/a,1,0,0.33,0,0,0,!!CANNOT_SELL_HOUSE,-1,0
36,costumes,!!COSTUME_SQUIDWARD_TUX,9,-1,20,-1,-1,-1,-1,!!COSTUME_SQUIDWARD_TUX_DESC,n/a,n/a,n/a,-1,-1,n/a,n/a,1,1,0.5,0,0,0,n/a,-1,0
37,costumes,!!COSTUME_MRKRABS_NAVY,23,-1,20,-1,-1,-1,-1,!!COSTUME_MRKRABS_NAVY_DESC,n/a,n/a,n/a,-1,-1,n/a,n/a,1,1,0.5,0,0,0,n/a,-1,0
38,costumes,!!COSTUME_SPONGEBOB_SANTA_HAT,10,-1,40,-1,-1,-1,-1,!!COSTUME_SPONGEBOB_SANTA_HAT_DESC,n/a,n/a,n/a,-1,-1,n/a,n/a,0,0,0.33,0,0,0,n/a,-1,0
39,costumes,!!COSTUME_SQUIDWARD_SANTA_SUIT,13,-1,50,-1,-1,-1,-1,!!COSTUME_SQUIDWARD_SANTA_SUIT_DESC,n/a,n/a,n/a,-1,-1,n/a,n/a,0,0,0.33,0,0,0,n/a,-1,0
40,costumes,!!COSTUME_SPONGEBOB_SANTA_SUIT,11,-1,50,-1,-1,-1,-1,!!COSTUME_SPONGEBOB_SANTA_SUIT_DESC,n/a,n/a,n/a,-1,-1,n/a,n/a,0,0,0.33,0,0,0,n/a,-1,0
41,costumes,!!COSTUME_PATRICK_XMAS_TREE,12,-1,50,-1,-1,-1,-1,!!COSTUME_PATRICK_XMAS_TREE_DESC,n/a,n/a,n/a,-1,-1,n/a,n/a,0,0,0.33,0,0,0,n/a,-1,0
42,costumes,!!COSTUME_SPONGEBOB_MERMAIDMAN,2,-1,50,-1,-1,-1,-1,!!COSTUME_SPONGEBOB_MERMAIDMAN_DESC,n/a,n/a,n/a,-1,-1,n/a,n/a,1,0,0.33,0,0,0,n/a,-1,0
43,costumes,!!COSTUME_SPONGEBOB_CUPID,14,-1,50,-1,-1,-1,-1,!!COSTUME_SPONGEBOB_CUPID_DESC,n/a,n/a,n/a,-1,-1,n/a,n/a,0,0,0.33,0,0,0,n/a,-1,0
44,costumes,!!COSTUME_SPONGEBOB_ANCHORARMS,21,-1,45,-1,-1,-1,0,!!COSTUME_SPONGEBOB_ANCHORARMS_DESC,n/a,n/a,n/a,-1,-1,n/a,n/a,1,0,0.33,0,0,0,n/a,-1,0
45,costumes,!!COSTUME_SPONGEBOB_SKELETON,25,-1,50,-1,-1,-1,0,!!COSTUME_SPONGEBOB_SKELETON_DESC,n/a,n/a,n/a,-1,-1,n/a,n/a,0,0,0.33,0,0,0,n/a,-1,0
46,costumes,!!COSTUME_PATRICK_BARNACLEBOY,7,-1,35,-1,-1,-1,-1,!!COSTUME_PATRICK_BARNACLEBOY_DESC,n/a,n/a,n/a,-1,-1,n/a,n/a,1,0,0.33,0,0,0,n/a,-1,0
47,costumes,!!COSTUME_PATRICK_MARTIAN,24,-1,50,-1,-1,-1,-1,!!COSTUME_PATRICK_MARTIAN_DESC,n/a,n/a,n/a,-1,-1,n/a,n/a,1,0,0.33,0,0,0,n/a,-1,0
48,costumes,!!COSTUME_PATRICK_MUMMY,26,-1,50,-1,-1,-1,-1,!!COSTUME_PATRICK_MUMMY_DESC,n/a,n/a,n/a,-1,-1,n/a,n/a,0,0,0.33,0,0,0,n/a,-1,0
49,costumes,!!COSTUME_TOASTERBOT_1_LOVE,18,-1,35,-1,-1,-1,-1,n/a,n/a,n/a,n/a,-1,-1,n/a,n/a,0,0,0.33,0,0,0,n/a,-1,0
50,costumes,!!COSTUME_TOASTERBOT_2_LOVE,19,-1,35,-1,-1,-1,-1,n/a,n/a,n/a,n/a,-1,-1,n/a,n/a,0,0,0.33,0,0,0,n/a,-1,0
51,costumes,!!COSTUME_TOASTERBOT_3_LOVE,20,-1,35,-1,-1,-1,-1,n/a,n/a,n/a,n/a,-1,-1,n/a,n/a,0,0,0.33,0,0,0,n/a,-1,0
52,buildings_no_resident,!!BLDG_NAME_9015_GREEN_HOUSE,9015,500,-1,-1,-1,250,-1,n/a,n/a,n/a,n/a,-1,-1,n/a,n/a,1,0,0.33,0,0,1,n/a,-1,0
53,buildings_no_resident,!!BLDG_NAME_9022_RUST_HOUSE,9022,450,-1,-1,-1,225,-1,n/a,n/a,n/a,n/a,-1,-1,n/a,n/a,1,0,0.33,0,0,1,n/a,-1,0
54,buildings_no_resident,!!BLDG_NAME_9017_PURPLE_HOUSE,9017,700,-1,-1,-1,350,-1,n/a,n/a,n/a,n/a,-1,-1,n/a,n/a,1,0,0.33,0,0,1,n/a,-1,0
55,buildings_no_resident,!!BLDG_NAME_9020_GRAY_HOUSE,9020,800,-1,-1,-1,400,-1,n/a,n/a,n/a,n/a,-1,-1,n/a,n/a,1,0,0.33,0,0,1,n/a,-1,0
56,buildings_no_resident,!!BLDG_NAME_9023_BLUE_HOUSE,9023,1000,-1,-1,-1,500,-1,n/a,n/a,n/a,n/a,-1,-1,n/a,n/a,1,0,0.33,0,0,1,n/a,-1,0
57,buildings_no_resident,!!BLDG_NAME_9028_ORANGE_HOUSE,9028,1300,-1,-1,-1,650,-1,n/a,n/a,n/a,n/a,-1,-1,n/a,n/a,1,0,0.33,0,0,1,n/a,-1,0
58,buildings_no_resident,!!BLDG_NAME_BOATING_SCHOOL,20900,1500,-1,-1,-1,750,-1,n/a,n/a,n/a,n/a,-1,-1,n/a,n/a,1,0,0.33,0,0,1,n/a,-1,0
59,buildings_no_resident,!!BLDG_NAME_CONVENTION_HALL,21000,1600,-1,-1,-1,800,-1,n/a,n/a,n/a,n/a,-1,-1,n/a,n/a,1,0,0.33,0,0,0,!!CANNOT_SELL_LIMITED,-1,0
60,buildings_no_resident,!!BLDG_NAME_9018_RED_HOUSE,9018,2500,-1,-1,-1,1250,-1,n/a,n/a,n/a,n/a,-1,-1,n/a,n/a,1,0,0.33,0,0,1,n/a,-1,0
61,buildings_no_resident,!!BLDG_NAME_9033_BLUE_HOUSE_2,9033,2800,-1,-1,-1,1400,-1,n/a,n/a,n/a,n/a,-1,-1,n/a,n/a,1,0,0.33,0,0,1,n/a,-1,0
62,buildings_no_resident,!!BLDG_NAME_9030_YELLOW_HOUSE,9030,3000,-1,-1,-1,1500,-1,n/a,n/a,n/a,n/a,-1,-1,n/a,n/a,1,0,0.33,0,0,1,n/a,-1,0
63,buildings_no_resident,!!BLDG_NAME_9034_ORANGE_HOUSE_2,9034,3200,-1,-1,-1,1600,-1,n/a,n/a,n/a,n/a,-1,-1,n/a,n/a,1,0,0.33,0,0,1,n/a,-1,0
64,buildings_no_resident,!!BLDG_NAME_9027_BLUE_HOUSE_3,9027,3400,-1,-1,-1,1700,-1,n/a,n/a,n/a,n/a,-1,-1,n/a,n/a,1,0,0.33,0,0,1,n/a,-1,0
65,buildings_no_resident,!!BLDG_NAME_BIKINIHS,1001,1100,-1,-1,-1,550,-1,n/a,n/a,n/a,n/a,-1,-1,n/a,n/a,1,0,0.33,0,0,1,n/a,-1,0
66,buildings_no_resident,!!DECO_HIGH_SCHOOL_GYM,20800,1200,-1,-1,-1,600,-1,n/a,n/a,n/a,n/a,-1,-1,n/a,n/a,1,0,0.33,0,0,1,n/a,-1,0
67,buildings_no_resident,!!BLDG_NAME_9026_PURPLE_HOUSE_2,9026,4200,-1,-1,-1,2100,-1,n/a,n/a,n/a,n/a,-1,-1,n/a,n/a,1,0,0.33,0,0,1,n/a,-1,0
68,buildings_no_resident,!!BLDG_NAME_9032_GREEN_HOUSE_2,9032,5000,-1,-1,-1,2500,-1,n/a,n/a,n/a,n/a,-1,-1,n/a,n/a,1,0,0.33,0,0,1,n/a,-1,0
69,buildings_no_resident,!!BLDG_NAME_9019_BLUE_HOUSE_4,9019,6000,-1,-1,-1,3000,-1,n/a,n/a,n/a,n/a,-1,-1,n/a,n/a,1,0,0.33,0,0,1,n/a,-1,0
70,buildings_no_resident,!!BLDG_NAME_9021_MUSTARD_HOUSE,9021,7000,-1,-1,-1,3500,-1,n/a,n/a,n/a,n/a,-1,-1,n/a,n/a,1,0,0.33,0,0,1,n/a,-1,0
71,buildings_no_resident,!!BLDG_NAME_9029_PURPLE_HOUSE_3,9029,7500,-1,-1,-1,3750,-1,n/a,n/a,n/a,n/a,-1,-1,n/a,n/a,1,0,0.33,0,0,1,n/a,-1,0
72,buildings_no_resident,!!BLDG_NAME_9031_BLUE_HOUSE_5,9031,8000,-1,-1,-1,4000,-1,n/a,n/a,n/a,n/a,-1,-1,n/a,n/a,1,0,0.33,0,0,1,n/a,-1,0
73,buildings_no_resident,!!BLDG_NAME_9025_GRAY_HOUSE_2,9025,8500,-1,-1,-1,4250,-1,n/a,n/a,n/a,n/a,-1,-1,n/a,n/a,1,0,0.33,0,0,1,n/a,-1,0
74,buildings_no_resident,!!BLDG_NAME_9024_GREEN_HOUSE_3,9024,10000,-1,-1,-1,5000,-1,n/a,n/a,n/a,n/a,-1,-1,n/a,n/a,1,0,0.33,0,0,1,n/a,-1,0
75,buildings_no_resident,!!BLDG_NAME_WORKSHACK,1029,-1,-1,-1,-1,-1,-1,!!BLDG_NAME_WORKSHACK_DESC,n/a,n/a,n/a,-1,-1,n/a,n/a,0,0,0.33,0,0,0,!!CANNOT_SELL_LIMITED,-1,0
76,production_buildings,!!BLDG_NAME_GARDEN,1027,25,-1,-1,-1,13,-1,!!BLDG_NAME_GARDEN_DESC,annex,n/a,n/a,-1,-1,n/a,n/a,1,0,0.33,0,0,0,!!CANNOT_SELL_LIMITED,-1,0
77,production_buildings,!!BLDG_NAME_BAKERY,1024,50,-1,-1,-1,25,-1,!!BLDG_NAME_BAKERY_DESC,n/a,n/a,n/a,-1,-1,n/a,n/a,1,0,0.33,0,0,0,!!CANNOT_SELL_LIMITED,-1,0
78,production_buildings,!!BLDG_NAME_WHOLE_BROW_FOODS,20400,0,-1,-1,-1,0,-1,!!BLDG_NAME_WHOLE_BROW_FOODS_DESC,n/a,n/a,n/a,-1,-1,n/a,n/a,0,0,0.33,0,0,0,!!CANNOT_SELL_LIMITED,-1,0
79,production_buildings,!!BLDG_NAME_BARGN,1021,500,-1,-1,-1,250,-1,!!BLDG_NAME_BARGN_DESC,n/a,n/a,n/a,-1,-1,n/a,n/a,1,0,0.33,0,0,0,!!CANNOT_SELL_LIMITED,-1,0
80,production_buildings,!!BLDG_NAME_RUSTYS_RIB_EYE,9035,3000,-1,-1,-1,1500,-1,!!BLDG_NAME_RUSTYS_RIB_EYE_DESC,n/a,n/a,n/a,-1,-1,n/a,n/a,1,0,0.33,0,0,0,!!CANNOT_SELL_LIMITED,-1,0
81,production_buildings,!!BLDG_NAME_SPICE_SHACK,9045,1500,-1,-1,-1,750,-1,!!BLDG_NAME_SPICE_SHACK_DESC,n/a,n/a,n/a,-1,-1,n/a,n/a,1,0,0.33,0,0,0,!!CANNOT_SELL_LIMITED,-1,0
82,production_buildings,!!BLDG_NAME_TREAT_SHOP,9046,1700,-1,-1,-1,850,-1,!!BLDG_NAME_TREAT_SHOP_DESC,n/a,n/a,n/a,-1,-1,n/a,n/a,1,0,0.33,0,0,0,!!CANNOT_SELL_LIMITED,-1,0
83,production_buildings,!!BLDG_NAME_CHUMBUCKET,1058,500,-1,-1,-1,250,-1,!!BLDG_NAME_CHUMBUCKET_DESC,n/a,n/a,n/a,-1,-1,n/a,n/a,1,0,0.33,0,0,0,!!CANNOT_SELL_LIMITED,-1,0
84,production_buildings,!!BLDG_NAME_CHUMINATOR,1059,500,-1,-1,-1,250,-1,!!BLDG_NAME_CHUMINATOR_DESC,n/a,n/a,n/a,-1,-1,n/a,n/a,1,0,0.33,0,0,0,!!CANNOT_SELL_LIMITED,-1,0
85,production_buildings,!!BLDG_NAME_JUICEBAR,1054,1500,-1,-1,-1,750,-1,!!BLDG_NAME_JUICEBAR_DESC,n/a,n/a,n/a,-1,-1,n/a,n/a,1,0,0.33,0,0,0,!!CANNOT_SELL_LIMITED,-1,0
86,production_buildings,!!BLDG_NAME_FLOWERSHOP,1055,7000,-1,-1,-1,3500,-1,!!BLDG_NAME_FLOWERSHOP_DESC,n/a,n/a,n/a,-1,-1,n/a,n/a,1,0,0.33,0,0,0,!!CANNOT_SELL_LIMITED,-1,0
87,production_buildings,!!BLDG_NAME_ICECREAMSHOP,1056,6500,-1,-1,-1,3250,-1,!!BLDG_NAME_ICECREAMSHOP_DESC,n/a,n/a,n/a,-1,-1,n/a,n/a,1,0,0.33,0,0,0,!!CANNOT_SELL_LIMITED,-1,0
88,production_buildings,!!BLDG_NAME_PERFUMESHOP,1057,10000,-1,-1,-1,5000,-1,!!BLDG_NAME_PERFUMESHOP_DESC,n/a,n/a,n/a,-1,-1,n/a,n/a,1,0,0.33,0,0,0,!!CANNOT_SELL_LIMITED,-1,0
89,production_buildings,!!BLDG_NAME_KK,1018,0,-1,-1,-1,0,-1,!!BLDG_NAME_KK_DESC,n/a,n/a,n/a,-1,-1,n/a,n/a,0,0,0.33,0,0,0,!!CANNOT_SELL_LIMITED,-1,0
90,production_buildings,!!BLDG_NAME_SEEDSTORE,1102,0,-1,-1,-1,0,-1,!!BLDG_NAME_SEEDSTORE_DESC,n/a,n/a,n/a,-1,-1,n/a,n/a,0,0,0.33,0,0,0,!!CANNOT_SELL_LIMITED,-1,0
91,trees,!!TREE_NAME_BANANA,10000,400,-1,-1,-1,200,-1,n/a,building,n/a,n/a,-1,-1,n/a,n/a,1,0,0.33,0,0,1,n/a,-1,0
92,trees,!!TREE_NAME_CHESTNUT,10010,900,-1,-1,-1,450,-1,n/a,building,n/a,n/a,-1,-1,n/a,n/a,1,0,0.33,0,0,1,n/a,-1,0
93,trees,!!TREE_NAME_CRANBERRY,10011,900,-1,-1,-1,450,-1,n/a,building,n/a,n/a,-1,-1,n/a,n/a,1,0,0.33,0,0,1,n/a,-1,0
94,trees,!!TREE_NAME_ORANGE,10006,600,-1,-1,-1,300,-1,n/a,building,n/a,n/a,-1,-1,n/a,n/a,1,0,0.33,0,0,1,n/a,-1,0
95,trees,!!TREE_NAME_CHERRY,10002,500,-1,-1,-1,250,-1,n/a,building,n/a,n/a,-1,-1,n/a,n/a,1,0,0.33,0,0,1,n/a,-1,0
96,trees,!!TREE_NAME_APPLE,10001,1100,-1,-1,-1,550,-1,n/a,building,n/a,n/a,-1,-1,n/a,n/a,1,0,0.33,0,0,1,n/a,-1,0
97,trees,!!TREE_NAME_LEMON,10004,2500,-1,-1,-1,1250,-1,n/a,building,n/a,n/a,-1,-1,n/a,n/a,1,0,0.33,0,0,1,n/a,-1,0
98,trees,!!TREE_NAME_LIME,10005,3600,-1,-1,-1,1800,-1,n/a,building,n/a,n/a,-1,-1,n/a,n/a,1,0,0.33,0,0,1,n/a,-1,0
99,trees,!!TREE_NAME_COCONUT,10003,4700,-1,-1,-1,2350,-1,n/a,building,n/a,n/a,-1,-1,n/a,n/a,1,0,0.33,0,0,1,n/a,-1,0
100,trees,!!TREE_NAME_PEACH,10007,6200,-1,-1,-1,3100,-1,n/a,building,n/a,n/a,-1,-1,n/a,n/a,1,0,0.33,0,0,1,n/a,-1,0
101,decorations,Road,-255,5,-1,-1,-1,3,-1,!!PATH_TILE1_DESC,n/a,!!PATH_TILE1_TITLE,sprite,140,140,tab_path,default,1,0,0.33,0,0,1,n/a,-1,0
102,decorations,!!BLDG_NAME_BROWN_BENCH,2004,60,-1,-1,-1,30,-1,!!BLDG_NAME_BROWN_BENCH_DESC,n/a,n/a,n/a,-1,-1,n/a,n/a,1,0,0.33,0,0,1,n/a,-1,0
103,decorations,!!DECO_SPONGEBUCK_STATUE,20305,-1,10,-1,-1,-1,2,!!DECO_SPONGEBUCK_STATUE_DESC,n/a,n/a,n/a,-1,-1,n/a,n/a,1,0,0.33,0,0,0,!!CANNOT_SELL_PREMIUM,-1,0
104,decorations,!!BLDG_NAME_GREEN_PINE,2011,50,-1,-1,-1,25,-1,!!BLDG_NAME_GREEN_PINE_DESC,n/a,n/a,n/a,-1,-1,n/a,n/a,1,0,0.33,0,0,1,n/a,-1,0
105,decorations,!!DECO_LARGE_CORAL_TREE,20509,-1,10,-1,-1,-1,-1,!!DECO_LARGE_CORAL_TREE_DESC,n/a,n/a,n/a,-1,-1,n/a,n/a,1,0,0.33,0,0,0,!!CANNOT_SELL_PREMIUM,-1,0
106,decorations,!!DECO_BIKINI_BOTTOM_SIGN,20506,-1,5,-1,-1,-1,-1,!!DECO_BIKINI_BOTTOM_SIGN_DESC,n/a,n/a,n/a,-1,-1,n/a,n/a,1,0,0.33,0,0,0,!!CANNOT_SELL_PREMIUM,-1,0
107,decorations,!!BLDG_NAME_TIKI_PAIR,2037,-1,10,-1,-1,-1,2,!!BLDG_NAME_TIKI_PAIR_DESC,n/a,n/a,n/a,-1,-1,n/a,n/a,1,0,0.33,0,0,0,!!CANNOT_SELL_PREMIUM,-1,0
108,decorations,!!DECO_FUNNEL_CORAL,20500,50,-1,-1,-1,25,-1,!!DECO_FUNNEL_CORAL_DESC,n/a,n/a,n/a,-1,-1,n/a,n/a,1,0,0.33,0,0,1,n/a,-1,0
109,decorations,!!BLDG_NAME_KP_STATUE_BB,20611,-1,25,-1,-1,-1,-1,!!BLDG_NAME_KP_STATUE_BB_DESC,n/a,n/a,n/a,-1,-1,n/a,n/a,0,0,0.33,0,0,0,!!CANNOT_SELL_PREMIUM,-1,0
110,decorations,!!BLDG_NAME_KP_STATUE_MM,20610,-1,30,-1,-1,-1,-1,!!BLDG_NAME_KP_STATUE_MM_DESC,n/a,n/a,n/a,-1,-1,n/a,n/a,0,0,0.33,0,0,0,!!CANNOT_SELL_PREMIUM,-1,0
111,decorations,!!DECO_TETHERBALL,20404,-1,40,-1,-1,-1,-1,!!DECO_TETHERBALL_DESC,n/a,n/a,n/a,-1,-1,n/a,n/a,1,0,0.33,0,0,0,!!CANNOT_SELL_LIMITED,-1,0
112,decorations,!!BLDG_NAME_FRUITCAKE_LANDFILL,23007,-1,50,-1,-1,-1,-1,!!BLDG_NAME_FRUITCAKE_LANDFILL_DESC,n/a,n/a,n/a,-1,-1,n/a,n/a,1,0,0.33,0,0,0,!!CANNOT_SELL_LIMITED,-1,0
113,decorations,!!BLDG_NAME_JERKMAKER_9000,23009,-1,60,-1,-1,-1,-1,!!BLDG_NAME_JERKMAKER_9000_DESC,n/a,n/a,n/a,-1,-1,n/a,n/a,1,0,0.33,0,0,0,!!CANNOT_SELL_LIMITED,-1,0
114,decorations,!!BLDG_NAME_LIGHTUP_PATRICK,23006,-1,60,-1,-1,-1,-1,!!BLDG_NAME_LIGHTUP_PATRICK_DESC,n/a,n/a,n/a,-1,-1,n/a,n/a,1,0,0.33,0,0,0,!!CANNOT_SELL_LIMITED,-1,0
115,decorations,!!BLDG_NAME_LIGHTUP_SPONGEBOB,23010,-1,65,-1,-1,-1,-1,!!BLDG_NAME_LIGHTUP_SPONGEBOB_DESC,n/a,n/a,n/a,-1,-1,n/a,n/a,1,0,0.33,0,0,0,!!CANNOT_SELL_LIMITED,-1,0
116,decorations,!!DECO_FLOATING_SWIMMING_POOL,20409,-1,60,-1,-1,-1,-1,!!DECO_FLOATING_SWIMMING_POOL_DESC,n/a,n/a,n/a,-1,-1,n/a,n/a,1,0,0.33,0,0,0,!!CANNOT_SELL_LIMITED,-1,0
117,decorations,!!DECO_HALF_PIPE,20407,-1,80,-1,-1,-1,-1,!!DECO_HALF_PIPE_DESC,n/a,n/a,n/a,-1,-1,n/a,n/a,1,0,0.33,0,0,0,!!CANNOT_SELL_LIMITED,-1,0
118,decorations,!!DECO_VOLLEYBALL_COURT,20405,-1,90,-1,-1,-1,-1,!!DECO_VOLLEYBALL_COURT_DESC,n/a,n/a,n/a,-1,-1,n/a,n/a,1,0,0.33,0,0,0,!!CANNOT_SELL_LIMITED,-1,0
119,decorations,!!DECO_ROCK_CLIMBING,20401,-1,100,-1,-1,-1,-1,!!DECO_ROCK_CLIMBING_DESC,n/a,n/a,n/a,-1,-1,n/a,n/a,1,0,0.33,0,0,0,!!CANNOT_SELL_LIMITED,-1,0
120,decorations,!!DECO_SANDYS_DOJO,20402,-1,110,-1,-1,-1,-1,!!DECO_SANDYS_DOJO_DESC,n/a,n/a,n/a,-1,-1,n/a,n/a,1,0,0.33,0,0,0,!!CANNOT_SELL_LIMITED,-1,0
121,decorations,!!DECO_DANCE_STUDIO,20408,-1,140,-1,-1,-1,-1,!!DECO_DANCE_STUDIO_DESC,n/a,n/a,n/a,-1,-1,n/a,n/a,1,0,0.33,0,0,0,!!CANNOT_SELL_LIMITED,-1,0
122,decorations,!!DECO_ANCHOVY_SPIN_CLASS,20406,-1,140,-1,-1,-1,-1,!!DECO_ANCHOVY_SPIN_CLASS_DESC,n/a,n/a,n/a,-1,-1,n/a,n/a,1,0,0.33,0,0,0,!!CANNOT_SELL_LIMITED,-1,0
123,decorations,!!DECO_HIGH_SCHOOL_SIGN,20801,-1,100,-1,-1,-1,-1,!!DECO_HIGH_SCHOOL_SIGN_DESC,n/a,n/a,n/a,-1,-1,n/a,n/a,1,0,0.33,0,0,0,!!CANNOT_SELL_PREMIUM,-1,0
124,decorations,!!DECO_TP_TREE,20802,-1,150,-1,-1,-1,-1,!!DECO_TP_TREE_DESC,n/a,n/a,n/a,-1,-1,n/a,n/a,1,0,0.33,0,0,0,!!CANNOT_SELL_PREMIUM,-1,0
125,decorations,!!DECO_CLASSY_BOAT,20903,-1,175,-1,-1,-1,-1,!!DECO_CLASSY_BOAT_DESC,n/a,n/a,n/a,-1,-1,n/a,n/a,1,0,0.33,0,0,0,!!CANNOT_SELL_PREMIUM,-1,0
126,decorations,!!DECO_LIMOSARDINE,20904,-1,200,-1,-1,-1,-1,!!DECO_LIMOSARDINE_DESC,n/a,n/a,n/a,-1,-1,n/a,n/a,1,0,0.33,0,0,0,!!CANNOT_SELL_PREMIUM,-1,0
127,decorations,!!BLDG_NAME_MICRO_EVENT_TEST,99999,10,-1,-1,-1,5,-1,!!BLDG_NAME_MICRO_EVENT_TEST_DESC,n/a,n/a,n/a,-1,-1,n/a,n/a,1,0,0.33,0,0,1,n/a,1,0
128,decorations,!!DECO_KELP_ROCK,20501,50,-1,-1,-1,25,-1,!!DECO_KELP_ROCK_DESC,n/a,n/a,n/a,-1,-1,n/a,n/a,1,0,0.33,0,0,1,n/a,-1,0
129,decorations,!!BLDG_NAME_STREETLIGHT,2035,50,-1,-1,-1,25,-1,!!BLDG_NAME_STREETLIGHT_DESC,n/a,n/a,n/a,-1,-1,n/a,n/a,1,0,0.33,0,0,1,n/a,-1,0
130,decorations,!!DECO_SMALL_CORAL_TREE,20502,50,-1,-1,-1,25,-1,!!DECO_SMALL_CORAL_TREE_DESC,n/a,n/a,n/a,-1,-1,n/a,n/a,1,0,0.33,0,0,1,n/a,-1,0
131,decorations,!!BLDG_NAME_MAILBOX,2013,100,-1,-1,-1,50,-1,!!BLDG_NAME_MAILBOX_DESC,n/a,n/a,n/a,-1,-1,n/a,n/a,1,0,0.33,0,0,1,n/a,-1,0
132,decorations,!!DECO_TRAFFIC_CONE,20905,100,-1,-1,-1,50,-1,!!DECO_TRAFFIC_CONE_DESC,n/a,n/a,n/a,-1,-1,n/a,n/a,1,0,0.33,0,0,1,n/a,-1,0
133,decorations,!!DECO_X_MARK_SPOT,20608,100,-1,-1,-1,50,-1,!!DECO_X_MARK_SPOT_DESC,n/a,n/a,n/a,-1,-1,n/a,n/a,1,0,0.33,0,0,1,n/a,-1,0
134,decorations,!!DECO_LIVELY_ROCK,20503,100,-1,-1,-1,50,-1,!!DECO_LIVELY_ROCK_DESC,n/a,n/a,n/a,-1,-1,n/a,n/a,1,0,0.33,0,0,1,n/a,-1,0
135,decorations,!!BLDG_NAME_BEACHCHAIR,2052,100,-1,-1,-1,50,-1,!!BLDG_NAME_BEACHCHAIR_DESC,n/a,n/a,n/a,-1,-1,n/a,n/a,1,0,0.33,0,0,1,n/a,-1,0
136,decorations,!!DECO_HOLEY_FUNNEL_CORAL,20504,-1,3,-1,-1,-1,-1,!!DECO_HOLEY_FUNNEL_CORAL_DESC,n/a,n/a,n/a,-1,-1,n/a,n/a,1,0,0.33,0,0,0,!!CANNOT_SELL_PREMIUM,-1,0
137,decorations,!!BLDG_NAME_BEACHUMBRELLA,2053,50,-1,-1,-1,25,-1,!!BLDG_NAME_BEACHUMBRELLA_DESC,n/a,n/a,n/a,-1,-1,n/a,n/a,1,0,0.33,0,0,1,n/a,-1,0
138,decorations,!!BLDG_NAME_STARTER_JF_HIVE,20700,500,-1,-1,-1,250,-1,n/a,n/a,n/a,n/a,-1,-1,n/a,n/a,1,0,0.33,0,0,0,!!CANNOT_SELL_PREMIUM,-1,0
139,decorations,!!BLDG_NAME_JF_HIVE,20701,-1,150,-1,-1,-1,-1,n/a,n/a,n/a,n/a,-1,-1,n/a,n/a,1,0,0.33,0,0,0,!!CANNOT_SELL_PREMIUM,-1,0
140,decorations,!!DECO_SPONGEBOB_FLAG,20607,100,-1,-1,-1,50,-1,!!DECO_SPONGEBOB_FLAG_DESC,n/a,n/a,n/a,-1,-1,n/a,n/a,1,0,0.33,0,0,1,n/a,-1,0
141,decorations,!!BLDG_NAME_PHONEBOOTH,2019,-1,30,-1,-1,-1,-1,!!BLDG_NAME_PHONEBOOTH_DESC,n/a,n/a,n/a,-1,-1,n/a,n/a,1,0,0.33,0,0,0,!!CANNOT_SELL_PREMIUM,-1,0
142,decorations,!!BLDG_NAME_MAILBOX,2012,-1,10,-1,-1,-1,-1,!!BLDG_NAME_MAILBOX_DESC,n/a,n/a,n/a,-1,-1,n/a,n/a,1,0,0.33,0,0,0,!!CANNOT_SELL_PREMIUM,-1,0
143,decorations,!!BLDG_NAME_ORANGE_PINE,2018,-1,3,-1,-1,-1,-1,!!BLDG_NAME_ORANGE_PINE_DESC,n/a,n/a,n/a,-1,-1,n/a,n/a,1,0,0.33,0,0,0,!!CANNOT_SELL_PREMIUM,-1,0
144,decorations,!!BLDG_NAME_TRASHCAN1,2039,10,-1,-1,-1,5,-1,!!BLDG_NAME_TRASHCAN1_DESC,n/a,n/a,n/a,-1,-1,n/a,n/a,1,0,0.33,0,0,1,n/a,-1,0
145,decorations,!!BLDG_NAME_FULL_TRASHCAN,2038,10,-1,-1,-1,5,-1,!!BLDG_NAME_FULL_TRASHCAN_DESC,n/a,n/a,n/a,-1,-1,n/a,n/a,0,0,0.33,0,0,1,n/a,-1,0
146,decorations,!!BLDG_NAME_FANCY_TABLE,20616,1000,-1,-1,-1,500,-1,!!BLDG_NAME_FANCY_TABLE_DESC,n/a,n/a,n/a,-1,-1,n/a,n/a,1,0,0.33,0,0,0,!!CANNOT_SELL_LIMITED,6,1
147,decorations,!!BLDG_NAME_FANCY_CHAIR,20617,-1,30,-1,-1,-1,-1,!!BLDG_NAME_FANCY_CHAIR_DESC,n/a,n/a,n/a,-1,-1,n/a,n/a,1,0,0.33,0,0,0,!!CANNOT_SELL_LIMITED,6,1
148,decorations,!!BLDG_NAME_FANCY_FOUNTAIN,20615,-1,45,-1,-1,-1,-1,!!BLDG_NAME_FANCY_FOUNTAIN_DESC,n/a,n/a,n/a,-1,-1,n/a,n/a,1,0,0.33,0,0,0,!!CANNOT_SELL_LIMITED,6,1
149,decorations,!!BLDG_NAME_FANCY_PAINTING,20618,-1,45,-1,-1,-1,-1,!!BLDG_NAME_FANCY_PAINTING_DESC,n/a,n/a,n/a,-1,-1,n/a,n/a,1,0,0.33,0,0,0,!!CANNOT_SELL_LIMITED,6,1
150,decorations,!!BLDG_NAME_MM_BB_BILLBOARD,20609,200,-1,-1,-1,100,-1,!!BLDG_NAME_MM_BB_BILLBOARD_DESC,n/a,n/a,n/a,-1,-1,n/a,n/a,1,0,0.33,0,0,1,n/a,-1,0
151,decorations,!!DECO_CHUM_SIGN,20621,-1,20,-1,-1,-1,-1,!!DECO_CHUM_SIGN_DESC,n/a,n/a,n/a,-1,-1,n/a,n/a,1,0,0.33,0,0,0,!!CANNOT_SELL_PREMIUM,-1,0
152,decorations,!!DECO_CHUM_DRIVEUP_BOX,20620,-1,40,-1,-1,-1,-1,!!DECO_CHUM_DRIVEUP_BOX_DESC,n/a,n/a,n/a,-1,-1,n/a,n/a,1,0,0.33,0,0,0,!!CANNOT_SELL_PREMIUM,-1,0
153,decorations,!!DECO_CHUM_PHONOGRAPH,20622,-1,60,-1,-1,-1,-1,!!DECO_CHUM_PHONOGRAPH_DESC,n/a,n/a,n/a,-1,-1,n/a,n/a,1,0,0.33,0,0,0,!!CANNOT_SELL_PREMIUM,-1,0
154,decorations,!!DECO_CHUM_BUCKET,20619,-1,80,-1,-1,-1,-1,!!DECO_CHUM_BUCKET_DESC,n/a,n/a,n/a,-1,-1,n/a,n/a,1,0,0.33,0,0,0,!!CANNOT_SELL_PREMIUM,-1,0
155,decorations,!!DECO_CHUM_KETCHUP_DISPENSOR,20623,-1,100,-1,-1,-1,-1,!!DECO_CHUM_KETCHUP_DISPENSOR_DESC,n/a,n/a,n/a,-1,-1,n/a,n/a,1,0,0.33,0,0,0,!!CANNOT_SELL_PREMIUM,-1,0
156,decorations,!!DECO_MEDIUM_CORAL_TREE,20505,200,-1,-1,-1,100,-1,!!DECO_MEDIUM_CORAL_TREE_DESC,n/a,n/a,n/a,-1,-1,n/a,n/a,1,0,0.33,0,0,1,n/a,-1,0
157,decorations,!!BLDG_NAME_NEWSSTAND,2017,800,-1,-1,-1,400,-1,!!BLDG_NAME_NEWSSTAND_DESC,n/a,n/a,n/a,-1,-1,n/a,n/a,1,0,0.33,0,0,1,n/a,-1,0
158,decorations,!!DECO_PICNIC_BASKET,20303,300,-1,-1,-1,150,-1,!!DECO_PICNIC_BASKET_DESC,n/a,n/a,n/a,-1,-1,n/a,n/a,1,0,0.33,0,0,1,n/a,-1,0
159,decorations,!!BLDG_NAME_GREEN_BENCH,2010,200,-1,-1,-1,100,-1,!!BLDG_NAME_GREEN_BENCH_DESC,n/a,n/a,n/a,-1,-1,n/a,n/a,1,0,0.33,0,0,1,n/a,-1,0
160,decorations,!!BLDG_NAME_CUTOUT_SINISTER_SLUG,20612,300,-1,-1,-1,150,-1,!!BLDG_NAME_CUTOUT_SINISTER_SLUG_DESC,n/a,n/a,n/a,-1,-1,n/a,n/a,1,0,0.33,0,0,1,n/a,-1,0
161,decorations,!!BLDG_NAME_RED_BENCH,2024,-1,4,-1,-1,-1,-1,!!BLDG_NAME_RED_BENCH_DESC,n/a,n/a,n/a,-1,-1,n/a,n/a,1,0,0.33,0,0,0,!!CANNOT_SELL_PREMIUM,-1,0
162,decorations,!!DECO_BLUE_CORAL,20507,300,-1,-1,-1,150,-1,!!DECO_BLUE_CORAL_DESC,n/a,n/a,n/a,-1,-1,n/a,n/a,1,0,0.33,0,0,1,n/a,-1,0
163,decorations,!!BLDG_NAME_POSTBOX,2015,400,-1,-1,-1,200,-1,!!BLDG_NAME_POSTBOX_DESC,n/a,n/a,n/a,-1,-1,n/a,n/a,1,0,0.33,0,0,1,n/a,-1,0
164,decorations,!!BLDG_NAME_CUTOUT_ATOMIC_FLOUNDER,20613,400,-1,-1,-1,200,-1,!!BLDG_NAME_CUTOUT_ATOMIC_FLOUNDER_DESC,n/a,n/a,n/a,-1,-1,n/a,n/a,1,0,0.33,0,0,1,n/a,-1,0
165,decorations,!!DECO_CHANGING_TENT,20300,400,-1,-1,-1,200,-1,!!DECO_CHANGING_TENT_DESC,n/a,n/a,n/a,-1,-1,n/a,n/a,1,0,0.33,0,0,1,n/a,-1,0
166,decorations,!!DECO_FAN_CORAL,20508,400,-1,-1,-1,200,-1,!!DECO_FAN_CORAL_DESC,n/a,n/a,n/a,-1,-1,n/a,n/a,1,0,0.33,0,0,1,n/a,-1,0
167,decorations,!!BLDG_NAME_HYDRANT,2008,200,-1,-1,-1,100,-1,!!BLDG_NAME_HYDRANT_DESC,n/a,n/a,n/a,-1,-1,n/a,n/a,1,0,0.33,0,0,1,n/a,-1,0
168,decorations,!!BLDG_NAME_DUMPSTER_EMPTY,2054,500,-1,-1,-1,250,-1,!!BLDG_NAME_DUMPSTER_EMPTY_DESC,n/a,n/a,n/a,-1,-1,n/a,n/a,1,0,0.33,0,0,1,n/a,-1,0
169,decorations,!!BLDG_NAME_CUTOUT_JUMBO_SHRIMP,20614,500,-1,-1,-1,250,-1,!!BLDG_NAME_CUTOUT_JUMBO_SHRIMP_DESC,n/a,n/a,n/a,-1,-1,n/a,n/a,1,0,0.33,0,0,1,n/a,-1,0
170,decorations,!!BLDG_NAME_CORAL_PURPLE_1,20012,500,-1,-1,-1,250,-1,!!BLDG_NAME_CORAL_PURPLE_1_DESC,n/a,n/a,n/a,-1,-1,n/a,n/a,1,0,0.33,0,0,1,n/a,-1,0
171,decorations,!!DECO_MUSSEL_BEACH_SIGN,20510,-1,15,-1,-1,-1,-1,!!DECO_MUSSEL_BEACH_SIGN_DESC,n/a,n/a,n/a,-1,-1,n/a,n/a,1,0,0.33,0,0,0,!!CANNOT_SELL_PREMIUM,-1,0
172,decorations,!!BLDG_NAME_DUMPSTER_FULL,2007,500,-1,-1,-1,250,-1,!!BLDG_NAME_DUMPSTER_FULL_DESC,n/a,n/a,n/a,-1,-1,n/a,n/a,0,0,0.33,0,0,1,n/a,-1,0
173,decorations,!!BLDG_NAME_CORAL_PURPLE_2,20013,500,-1,-1,-1,250,-1,!!BLDG_NAME_CORAL_PURPLE_2_DESC,n/a,n/a,n/a,-1,-1,n/a,n/a,1,0,0.33,0,0,1,n/a,-1,0
174,decorations,!!DECO_SINGING_CLAMS,20304,500,-1,-1,-1,250,-1,!!DECO_SINGING_CLAMS_DESC,n/a,n/a,n/a,-1,-1,n/a,n/a,1,0,0.33,0,0,1,n/a,-1,0
175,decorations,!!DECO_LARGE_PURPLE_CORAL_1,20511,1000,-1,-1,-1,500,-1,!!DECO_LARGE_PURPLE_CORAL_1_DESC,n/a,n/a,n/a,-1,-1,n/a,n/a,1,0,0.33,0,0,1,n/a,-1,0
176,decorations,!!BLDG_NAME_MAILBOX,2014,100,-1,-1,-1,50,-1,!!BLDG_NAME_MAILBOX_DESC,n/a,n/a,n/a,-1,-1,n/a,n/a,1,0,0.33,0,0,1,n/a,-1,0
177,decorations,!!BLDG_NAME_CORAL_PURPLE_3,20014,1000,-1,-1,-1,500,-1,!!BLDG_NAME_CORAL_PURPLE_3_DESC,n/a,n/a,n/a,-1,-1,n/a,n/a,1,0,0.33,0,0,1,n/a,-1,0
178,decorations,!!DECO_FAKE_MONSTER,20605,750,-1,-1,-1,375,-1,!!DECO_FAKE_MONSTER_DESC,n/a,n/a,n/a,-1,-1,n/a,n/a,1,0,0.33,0,0,1,n/a,-1,0
179,decorations,!!DECO_LARGE_PURPLE_CORAL_2,20512,1500,-1,-1,-1,750,-1,!!DECO_LARGE_PURPLE_CORAL_2_DESC,n/a,n/a,n/a,-1,-1,n/a,n/a,1,0,0.33,0,0,1,n/a,-1,0
180,decorations,!!DECO_BOAT_MOBILE,20902,1700,-1,-1,-1,850,-1,!!DECO_BOAT_MOBILE_DESC,n/a,n/a,n/a,-1,-1,n/a,n/a,1,0,0.33,0,0,1,n/a,-1,0
181,decorations,!!BLDG_NAME_YELLOW_PINE,2046,300,-1,-1,-1,150,-1,!!BLDG_NAME_YELLOW_PINE_DESC,n/a,n/a,n/a,-1,-1,n/a,n/a,0,0,0.33,0,0,1,n/a,-1,0
182,decorations,!!BLDG_NAME_BLACK_GRILL,2001,500,-1,-1,-1,250,-1,!!BLDG_NAME_BLACK_GRILL_DESC,n/a,n/a,n/a,-1,-1,n/a,n/a,1,0,0.33,0,0,1,n/a,-1,0
183,decorations,!!DECO_LIFEGUARD_TOWER,20302,500,-1,-1,-1,250,-1,!!DECO_LIFEGUARD_TOWER_DESC,n/a,n/a,n/a,-1,-1,n/a,n/a,1,0,0.33,0,0,1,n/a,-1,0
184,decorations,!!BLDG_NAME_RED_GRILL,2026,-1,8,-1,-1,-1,0,!!BLDG_NAME_RED_GRILL_DESC,n/a,n/a,n/a,-1,-1,n/a,n/a,1,0,0.33,0,0,0,!!CANNOT_SELL_PREMIUM,-1,0
185,decorations,!!BLDG_NAME_BLUE_GRILL,2003,-1,8,-1,-1,-1,1,!!BLDG_NAME_BLUE_GRILL_DESC,n/a,n/a,n/a,-1,-1,n/a,n/a,1,0,0.33,0,0,0,!!CANNOT_SELL_PREMIUM,-1,0
186,decorations,!!BLDG_NAME_PURPLE_BENCH,2021,-1,10,-1,-1,-1,1,!!BLDG_NAME_PURPLE_BENCH_DESC,n/a,n/a,n/a,-1,-1,n/a,n/a,0,0,0.33,0,0,0,!!CANNOT_SELL_PREMIUM,-1,0
187,decorations,!!DECO_GOO_LAGOON_SIGN,20301,-1,10,-1,-1,-1,2,!!DECO_GOO_LAGOON_SIGN_DESC,n/a,n/a,n/a,-1,-1,n/a,n/a,1,0,0.33,0,0,0,!!CANNOT_SELL_PREMIUM,-1,0
188,decorations,!!BLDG_NAME_ORANGE_BENCH,2044,-1,10,-1,-1,-1,1,!!BLDG_NAME_ORANGE_BENCH_DESC,n/a,n/a,n/a,-1,-1,n/a,n/a,0,0,0.33,0,0,0,!!CANNOT_SELL_PREMIUM,-1,0
189,decorations,!!BLDG_NAME_TRASHCAN2,2040,10,-1,-1,-1,5,-1,!!BLDG_NAME_TRASHCAN2_DESC,n/a,n/a,n/a,-1,-1,n/a,n/a,0,0,0.33,0,0,1,n/a,-1,0
190,decorations,!!BLDG_NAME_TIKI,2036,1000,-1,-1,-1,500,-1,!!BLDG_NAME_TIKI_DESC,n/a,n/a,n/a,-1,-1,n/a,n/a,0,0,0.33,0,0,1,n/a,-1,0
191,decorations,!!DECO_TREE_FORT,20306,-1,10,-1,-1,-1,2,!!DECO_TREE_FORT_DESC,n/a,n/a,n/a,-1,-1,n/a,n/a,1,0,0.33,0,0,0,!!CANNOT_SELL_PREMIUM,-1,0
192,decorations,!!BLDG_NAME_PURPLE_PINE,2022,-1,5,-1,-1,-1,1,!!BLDG_NAME_PURPLE_PINE_DESC,n/a,n/a,n/a,-1,-1,n/a,n/a,1,0,0.33,0,0,0,!!CANNOT_SELL_PREMIUM,-1,0
193,decorations,!!BLDG_NAME_ROCK_PURPLE_GREY_GREEN,20026,300,-1,-1,-1,150,-1,!!BLDG_NAME_ROCK_PURPLE_GREY_GREEN_DESC,n/a,n/a,n/a,-1,-1,n/a,n/a,1,0,0.33,0,0,1,n/a,-1,0
194,decorations,!!BLDG_NAME_BILLBOARD,20011,300,-1,-1,-1,150,-1,!!BLDG_NAME_BILLBOARD_DESC,n/a,n/a,n/a,-1,-1,n/a,n/a,0,0,0.33,0,0,1,n/a,-1,0
195,decorations,!!BLDG_NAME_BOTTLE_LAUNCHER,20109,-1,10,-1,-1,-1,-1,!!BLDG_NAME_BOTTLE_LAUNCHER_DESC,n/a,n/a,n/a,-1,-1,n/a,n/a,0,0,0.33,0,0,0,!!CANNOT_SELL_LIMITED,-1,0
196,decorations,!!BLDG_NAME_STACK_GIFTS_3,20084,-1,190,56,-1,-1,-1,!!BLDG_NAME_STACK_GIFTS_3_DESC,n/a,n/a,n/a,-1,-1,n/a,n/a,0,0,0.33,0,0,0,!!CANNOT_SELL_LIMITED,-1,0
197,decorations,!!BLDG_NAME_LARGE_SNOW_GLOBE,20081,-1,200,56,-1,-1,-1,!!BLDG_NAME_LARGE_SNOW_GLOBE_DESC,n/a,n/a,n/a,-1,-1,n/a,n/a,0,0,0.33,0,0,0,!!CANNOT_SELL_LIMITED,-1,0
198,decorations,!!BLDG_NAME_NUTCRACKER_PLANKTON,20114,-1,210,56,-1,-1,-1,!!BLDG_NAME_NUTCRACKER_PLANKTON_DESC,n/a,n/a,n/a,-1,-1,n/a,n/a,0,0,0.33,0,0,0,!!CANNOT_SELL_LIMITED,-1,0
199,decorations,!!BLDG_NAME_ORNAMENT_5,20097,50,-1,-1,-1,25,-1,!!BLDG_NAME_ORNAMENT_5_DESC,n/a,n/a,n/a,-1,-1,n/a,n/a,0,0,0.33,0,0,0,!!CANNOT_SELL_LIMITED,-1,0
200,decorations,!!BLDG_NAME_ORNAMENT_1,20093,50,-1,-1,-1,25,-1,!!BLDG_NAME_ORNAMENT_1_DESC,n/a,n/a,n/a,-1,-1,n/a,n/a,0,0,0.33,0,0,0,!!CANNOT_SELL_LIMITED,-1,0
201,decorations,!!BLDG_NAME_ORNAMENT_2,20094,50,-1,-1,-1,25,-1,!!BLDG_NAME_ORNAMENT_2_DESC,n/a,n/a,n/a,-1,-1,n/a,n/a,0,0,0.33,0,0,0,!!CANNOT_SELL_LIMITED,-1,0
202,decorations,!!BLDG_NAME_ORNAMENT_3,20095,50,-1,-1,-1,25,-1,!!BLDG_NAME_ORNAMENT_3_DESC,n/a,n/a,n/a,-1,-1,n/a,n/a,0,0,0.33,0,0,0,!!CANNOT_SELL_LIMITED,-1,0
203,decorations,!!BLDG_NAME_ORNAMENT_4,20096,50,-1,-1,-1,25,-1,!!BLDG_NAME_ORNAMENT_4_DESC,n/a,n/a,n/a,-1,-1,n/a,n/a,0,0,0.33,0,0,0,!!CANNOT_SELL_LIMITED,-1,0
204,decorations,!!BLDG_NAME_WINTRY_PLANT_3,20104,50,-1,-1,-1,25,-1,!!BLDG_NAME_WINTRY_PLANT_3_DESC,n/a,n/a,n/a,-1,-1,n/a,n/a,0,0,0.33,0,0,0,!!CANNOT_SELL_LIMITED,-1,0
205,decorations,!!BLDG_NAME_WINTRY_PLANT_4,20105,50,-1,-1,-1,25,-1,!!BLDG_NAME_WINTRY_PLANT_4_DESC,n/a,n/a,n/a,-1,-1,n/a,n/a,0,0,0.33,0,0,0,!!CANNOT_SELL_LIMITED,-1,0
206,decorations,!!BLDG_NAME_TINSEL_WRAPPED_POLE,20069,50,-1,-1,-1,25,-1,!!BLDG_NAME_TINSEL_WRAPPED_POLE_DESC,n/a,n/a,n/a,-1,-1,n/a,n/a,0,0,0.33,0,0,0,!!CANNOT_SELL_LIMITED,-1,0
207,decorations,!!BLDG_NAME_STACK_GIFTS_1,20082,50,-1,-1,-1,25,-1,!!BLDG_NAME_STACK_GIFTS_1_DESC,n/a,n/a,n/a,-1,-1,n/a,n/a,0,0,0.33,0,0,0,!!CANNOT_SELL_LIMITED,-1,0
208,decorations,!!BLDG_NAME_MISTLETOE,20092,50,-1,-1,-1,25,-1,!!BLDG_NAME_MISTLETOE_DESC,n/a,n/a,n/a,-1,-1,n/a,n/a,0,0,0.33,0,0,0,!!CANNOT_SELL_LIMITED,-1,0
209,decorations,!!BLDG_NAME_PLASTIC_CHRISTMAS_TREE,20071,50,-1,-1,-1,25,-1,!!BLDG_NAME_PLASTIC_CHRISTMAS_TREE_DESC,n/a,n/a,n/a,-1,-1,n/a,n/a,0,0,0.33,0,0,0,!!CANNOT_SELL_LIMITED,-1,0
210,decorations,!!BLDG_NAME_WINTRY_PLANT_6,20107,50,-1,-1,-1,25,-1,!!BLDG_NAME_WINTRY_PLANT_6_DESC,n/a,n/a,n/a,-1,-1,n/a,n/a,0,0,0.33,0,0,0,!!CANNOT_SELL_LIMITED,-1,0
211,decorations,!!BLDG_NAME_KELP_CHRISTMAS_TREE,20076,50,-1,-1,-1,25,-1,!!BLDG_NAME_KELP_CHRISTMAS_TREE_DESC,n/a,n/a,n/a,-1,-1,n/a,n/a,0,0,0.33,0,0,0,!!CANNOT_SELL_LIMITED,-1,0
212,decorations,!!BLDG_NAME_SNOWMAN,20086,-1,-1,52,50,-1,-1,!!BLDG_NAME_SNOWMAN_DESC,n/a,n/a,n/a,-1,-1,n/a,n/a,0,0,0.33,0,0,0,!!CANNOT_SELL_LIMITED,-1,0
213,decorations,!!BLDG_NAME_MAGIC_ANALYZER,20073,-1,-1,52,150,-1,-1,!!BLDG_NAME_MAGIC_ANALYZER_DESC,n/a,n/a,n/a,-1,-1,n/a,n/a,0,0,0.33,0,0,0,!!CANNOT_SELL_LIMITED,-1,0
214,decorations,!!BLDG_NAME_THE_MITTEN,20202,-1,-1,53,60,-1,-1,!!BLDG_NAME_THE_MITTEN_DESC,n/a,n/a,n/a,-1,-1,n/a,n/a,0,0,0.33,0,0,0,!!CANNOT_SELL_LIMITED,-1,0
215,decorations,!!BLDG_NAME_CARNIVAL_ENTRANCE,20200,-1,-1,-1,-1,-1,-1,!!BLDG_NAME_CARNIVAL_ENTRANCE_DESC,n/a,n/a,n/a,-1,-1,n/a,n/a,0,0,0.33,0,0,0,!!CANNOT_SELL_LIMITED,-1,0
216,decorations,!!BLDG_NAME_BALLOON_CART,20203,-1,-1,53,150,-1,-1,!!BLDG_NAME_BALLOON_CART_DESC,n/a,n/a,n/a,-1,-1,n/a,n/a,0,0,0.33,0,0,0,!!CANNOT_SELL_LIMITED,-1,0
217,decorations,!!BLDG_NAME_TENT_1,20204,-1,-1,53,150,-1,-1,!!BLDG_NAME_TENT_1_DESC,n/a,n/a,n/a,-1,-1,n/a,n/a,0,0,0.33,0,0,0,!!CANNOT_SELL_LIMITED,-1,0
218,decorations,!!BLDG_NAME_TENT_2,20205,-1,-1,53,150,-1,-1,!!BLDG_NAME_TENT_2_DESC,n/a,n/a,n/a,-1,-1,n/a,n/a,0,0,0.33,0,0,0,!!CANNOT_SELL_LIMITED,-1,0
219,decorations,!!BLDG_NAME_TENT_3,20206,-1,-1,53,150,-1,-1,!!BLDG_NAME_TENT_3_DESC,n/a,n/a,n/a,-1,-1,n/a,n/a,0,0,0.33,0,0,0,!!CANNOT_SELL_LIMITED,-1,0
220,decorations,!!BLDG_NAME_LOVE_APPLES_STAND,20201,-1,-1,53,270,-1,-1,!!BLDG_NAME_LOVE_APPLES_STAND_DESC,n/a,n/a,n/a,-1,-1,n/a,n/a,0,0,0.33,0,0,0,!!CANNOT_SELL_LIMITED,-1,0
221,decorations,!!BLDG_NAME_KISSING_BOOTH,20207,-1,-1,53,390,-1,-1,!!BLDG_NAME_KISSING_BOOTH_DESC,n/a,n/a,n/a,-1,-1,n/a,n/a,0,0,0.33,0,0,0,!!CANNOT_SELL_LIMITED,-1,0
222,decorations,!!BLDG_NAME_TOSS_A_CLAM,20208,-1,-1,53,600,-1,-1,!!BLDG_NAME_TOSS_A_CLAM_DESC,n/a,n/a,n/a,-1,-1,n/a,n/a,0,0,0.33,0,0,0,!!CANNOT_SELL_LIMITED,-1,0
223,decorations,!!BLDG_NAME_FUN_HOUSE,20210,-1,-1,53,1800,-1,-1,!!BLDG_NAME_FUN_HOUSE_DESC,n/a,n/a,n/a,-1,-1,n/a,n/a,0,0,0.33,0,0,0,!!CANNOT_SELL_LIMITED,-1,0
224,decorations,!!BLDG_NAME_BUDDY_BOUNCE,20211,-1,-1,53,2400,-1,-1,!!BLDG_NAME_BUDDY_BOUNCE_DESC,n/a,n/a,n/a,-1,-1,n/a,n/a,0,0,0.33,0,0,0,!!CANNOT_SELL_LIMITED,-1,0
225,decorations,!!BLDG_NAME_SAUCER_RIDE,20212,-1,-1,53,3300,-1,-1,!!BLDG_NAME_SAUCER_RIDE_DESC,n/a,n/a,n/a,-1,-1,n/a,n/a,0,0,0.33,0,0,0,!!CANNOT_SELL_LIMITED,-1,0
226,decorations,!!BLDG_NAME_FERRIS_WHEEL,20214,-1,-1,53,3600,-1,-1,!!BLDG_NAME_FERRIS_WHEEL_DESC,n/a,n/a,n/a,-1,-1,n/a,n/a,0,0,0.33,0,0,0,!!CANNOT_SELL_LIMITED,-1,0
227,decorations,!!BLDG_NAME_MERRY_GO_ROUND,20213,-1,-1,53,4500,-1,-1,!!BLDG_NAME_MERRY_GO_ROUND_DESC,n/a,n/a,n/a,-1,-1,n/a,n/a,0,0,0.33,0,0,0,!!CANNOT_SELL_LIMITED,-1,0
228,decorations,!!BLDG_NAME_HEART_A_WHIRL,20216,-1,-1,53,7200,-1,-1,!!BLDG_NAME_HEART_A_WHIRL_DESC,n/a,n/a,n/a,-1,-1,n/a,n/a,0,0,0.33,0,0,0,!!CANNOT_SELL_LIMITED,-1,0
229,decorations,!!DECO_GOLD_TORCH,20410,-1,-1,54,1500,-1,-1,!!DECO_GOLD_TORCH_DESC,n/a,n/a,n/a,-1,-1,n/a,n/a,0,0,0.33,0,0,0,!!CANNOT_SELL_LIMITED,-1,0
230,decorations,!!DECO_FAST_FOOD_COLISEUM,20403,-1,-1,54,1575,-1,-1,!!DECO_FAST_FOOD_COLISEUM_DESC,n/a,n/a,n/a,-1,-1,n/a,n/a,0,0,0.33,0,0,0,!!CANNOT_SELL_LIMITED,-1,0
231,decorations,!!BLDG_NAME_FUN_FACTORY,20624,500,-1,-1,-1,250,-1,!!BLDG_NAME_FUN_FACTORY_DESC,n/a,n/a,n/a,-1,-1,n/a,n/a,0,0,0.33,0,0,1,n/a,-1,0
232,decorations,!!DECO_HEART_STRINGS,20629,-1,20,-1,-1,-1,-1,!!DECO_HEART_STRINGS_DESC,n/a,n/a,n/a,-1,-1,n/a,n/a,0,0,0.33,0,0,0,!!CANNOT_SELL_PREMIUM,-1,0
233,decorations,!!DECO_HEART_BENCH,20627,-1,30,-1,-1,-1,-1,!!DECO_HEART_BENCH_DESC,n/a,n/a,n/a,-1,-1,n/a,n/a,0,0,0.33,0,0,0,!!CANNOT_SELL_PREMIUM,-1,0
234,decorations,!!DECO_HEART_CORAL,20628,-1,40,-1,-1,-1,-1,!!DECO_HEART_CORAL_DESC,n/a,n/a,n/a,-1,-1,n/a,n/a,0,0,0.33,0,0,0,!!CANNOT_SELL_PREMIUM,-1,0
235,decorations,!!BLDG_NAME_GLOVEY_GLOVE_MASCOT,20209,-1,60,-1,-1,-1,-1,!!BLDG_NAME_GLOVEY_GLOVE_MASCOT_DESC,n/a,n/a,n/a,-1,-1,n/a,n/a,0,0,0.33,0,0,0,!!CANNOT_SELL_PREMIUM,-1,0
236,decorations,!!DECO_VALENTINES_CARNIVAL_SIGN,20630,-1,100,-1,-1,-1,-1,!!DECO_VALENTINES_CARNIVAL_SIGN_DESC,n/a,n/a,n/a,-1,-1,n/a,n/a,0,0,0.33,0,0,0,!!CANNOT_SELL_PREMIUM,-1,0
237,decorations,!!DECO_HEART_BALLOON,20626,-1,200,-1,-1,-1,-1,!!DECO_HEART_BALLOON_DESC,n/a,n/a,n/a,-1,-1,n/a,n/a,0,0,0.33,0,0,0,!!CANNOT_SELL_PREMIUM,-1,0
238,decorations,!!BLDG_NAME_FIERY_FIST_O_PAIN,20217,-1,400,-1,-1,-1,-1,!!BLDG_NAME_FIERY_FIST_O_PAIN_DESC,n/a,n/a,n/a,-1,-1,n/a,n/a,0,0,0.33,0,0,0,!!CANNOT_SELL_PREMIUM,-1,0
239,decorations,!!BLDG_NAME_ROLLER_COASTER,20625,-1,1000,-1,-1,-1,-1,!!BLDG_NAME_ROLLER_COASTER_DESC,n/a,n/a,n/a,-1,-1,n/a,n/a,0,0,0.33,0,0,0,!!CANNOT_SELL_PREMIUM,-1,0
240,decorations,!!BLDG_NAME_ROCK_LARGE,2029,200,-1,-1,-1,100,-1,!!BLDG_NAME_ROCK_LARGE_DESC,n/a,n/a,n/a,-1,-1,n/a,n/a,0,0,0.33,0,0,1,n/a,-1,0
241,decorations,!!BLDG_NAME_ROCK_MED,2030,200,-1,-1,-1,100,-1,!!BLDG_NAME_ROCK_MED_DESC,n/a,n/a,n/a,-1,-1,n/a,n/a,0,0,0.33,0,0,1,n/a,-1,0
242,decorations,!!BLDG_NAME_ROCK_SMALL,2031,200,-1,-1,-1,100,-1,!!BLDG_NAME_ROCK_SMALL_DESC,n/a,n/a,n/a,-1,-1,n/a,n/a,0,0,0.33,0,0,1,n/a,-1,0
243,decorations,!!BLDG_NAME_SEAWEED_MED,2033,200,-1,-1,-1,100,-1,!!BLDG_NAME_SEAWEED_MED_DESC,n/a,n/a,n/a,-1,-1,n/a,n/a,0,0,0.33,0,0,1,n/a,-1,0
244,decorations,!!BLDG_NAME_SEAWEED_SMALL,2034,200,-1,-1,-1,100,-1,!!BLDG_NAME_SEAWEED_SMALL_DESC,n/a,n/a,n/a,-1,-1,n/a,n/a,0,0,0.33,0,0,1,n/a,-1,0
245,decorations,!!BLDG_NAME_WEIGHTS_BENCH,2048,200,-1,-1,-1,100,-1,!!BLDG_NAME_WEIGHTS_BENCH_DESC,n/a,n/a,n/a,-1,-1,n/a,n/a,0,0,0.33,0,0,1,n/a,-1,0
246,decorations,!!BLDG_NAME_WEIGHTS_LARGE,2049,200,-1,-1,-1,100,-1,!!BLDG_NAME_WEIGHTS_LARGE_DESC,n/a,n/a,n/a,-1,-1,n/a,n/a,0,0,0.33,0,0,1,n/a,-1,0
247,decorations,!!BLDG_NAME_WEIGHTS_SMALL,2050,200,-1,-1,-1,100,-1,!!BLDG_NAME_WEIGHTS_SMALL_DESC,n/a,n/a,n/a,-1,-1,n/a,n/a,0,0,0.33,0,0,1,n/a,-1,0
248,decorations,!!BLDG_NAME_WEIGHTS_STUFFEDANIMAL,2051,200,-1,-1,-1,100,-1,!!BLDG_NAME_WEIGHTS_STUFFEDANIMAL_DESC,n/a,n/a,n/a,-1,-1,n/a,n/a,0,0,0.33,0,0,1,n/a,-1,0
249,decorations,!!BLDG_NAME_GIANTOYSTER_OPEN,2055,200,-1,-1,-1,100,-1,!!BLDG_NAME_GIANTOYSTER_OPEN_DESC,n/a,n/a,n/a,-1,-1,n/a,n/a,0,0,0.33,0,0,1,n/a,-1,0
250,decorations,!!BLDG_NAME_GIANTOYSTER_CLOSED,2056,200,-1,-1,-1,100,-1,!!BLDG_NAME_GIANTOYSTER_CLOSED_DESC,n/a,n/a,n/a,-1,-1,n/a,n/a,0,0,0.33,0,0,1,n/a,-1,0
251,decorations,!!BLDG_NAME_MOPTOPTREE_RED,2057,200,-1,-1,-1,100,-1,!!BLDG_NAME_MOPTOPTREE_RED_DESC,n/a,n/a,n/a,-1,-1,n/a,n/a,0,0,0.33,0,0,1,n/a,-1,0
252,decorations,!!BLDG_NAME_CORAL_PURPLE_4,20015,500,-1,-1,-1,250,-1,!!BLDG_NAME_CORAL_PURPLE_4_DESC,n/a,n/a,n/a,-1,-1,n/a,n/a,0,0,0.33,0,0,1,n/a,-1,0
253,decorations,!!BLDG_NAME_CORAL_PURPLE_5,20016,500,-1,-1,-1,250,-1,!!BLDG_NAME_CORAL_PURPLE_5_DESC,n/a,n/a,n/a,-1,-1,n/a,n/a,0,0,0.33,0,0,1,n/a,-1,0
254,decorations,!!BLDG_NAME_DAVEYJONESLOCKER,20017,500,-1,-1,-1,250,-1,!!BLDG_NAME_DAVEYJONESLOCKER_DESC,n/a,n/a,n/a,-1,-1,n/a,n/a,0,0,0.33,0,0,1,n/a,-1,0
255,decorations,!!BLDG_NAME_DREAMINVADER,20018,500,-1,-1,-1,250,-1,!!BLDG_NAME_DREAMINVADER_DESC,n/a,n/a,n/a,-1,-1,n/a,n/a,0,0,0.33,0,0,1,n/a,-1,0
256,decorations,!!BLDG_NAME_GIANTCLAM,20019,500,-1,-1,-1,250,-1,!!BLDG_NAME_GIANTCLAM_DESC,n/a,n/a,n/a,-1,-1,n/a,n/a,0,0,0.33,0,0,1,n/a,-1,0
257,decorations,!!BLDG_NAME_GLOVEWORLDBALLOON,20020,500,-1,-1,-1,250,-1,!!BLDG_NAME_GLOVEWORLDBALLOON_DESC,n/a,n/a,n/a,-1,-1,n/a,n/a,0,0,0.33,0,0,1,n/a,-1,0
258,decorations,!!BLDG_NAME_ROCK_BLUE,20021,500,-1,-1,-1,250,-1,!!BLDG_NAME_ROCK_BLUE_DESC,n/a,n/a,n/a,-1,-1,n/a,n/a,0,0,0.33,0,0,1,n/a,-1,0
259,decorations,!!BLDG_NAME_ROCK_GREY,20022,500,-1,-1,-1,250,-1,!!BLDG_NAME_ROCK_GREY_DESC,n/a,n/a,n/a,-1,-1,n/a,n/a,0,0,0.33,0,0,1,n/a,-1,0
260,decorations,!!BLDG_NAME_ROCK_GREEN,20023,500,-1,-1,-1,250,-1,!!BLDG_NAME_ROCK_GREEN_DESC,n/a,n/a,n/a,-1,-1,n/a,n/a,0,0,0.33,0,0,1,n/a,-1,0
261,decorations,!!BLDG_NAME_ROCK_GROUPING_GREY,20024,500,-1,-1,-1,250,-1,!!BLDG_NAME_ROCK_GROUPING_GREY_DESC,n/a,n/a,n/a,-1,-1,n/a,n/a,0,0,0.33,0,0,1,n/a,-1,0
262,decorations,!!BLDG_NAME_ROCK_GROUPING_TAN,20025,500,-1,-1,-1,250,-1,!!BLDG_NAME_ROCK_GROUPING_TAN_DESC,n/a,n/a,n/a,-1,-1,n/a,n/a,0,0,0.33,0,0,1,n/a,-1,0
263,decorations,!!BLDG_NAME_ROCK_PURPLE,20027,500,-1,-1,-1,250,-1,!!BLDG_NAME_ROCK_PURPLE_DESC,n/a,n/a,n/a,-1,-1,n/a,n/a,0,0,0.33,0,0,1,n/a,-1,0
264,decorations,!!BLDG_NAME_SANDCASTLE_TOWER_1,20028,500,-1,-1,-1,250,-1,!!BLDG_NAME_SANDCASTLE_TOWER_1_DESC,n/a,n/a,n/a,-1,-1,n/a,n/a,0,0,0.33,0,0,1,n/a,-1,0
265,decorations,!!BLDG_NAME_SANDCASTLE_TOWER_2,20029,500,-1,-1,-1,250,-1,!!BLDG_NAME_SANDCASTLE_TOWER_2_DESC,n/a,n/a,n/a,-1,-1,n/a,n/a,0,0,0.33,0,0,1,n/a,-1,0
266,decorations,!!BLDG_NAME_SANDCASTLE,20030,500,-1,-1,-1,250,-1,!!BLDG_NAME_SANDCASTLE_DESC,n/a,n/a,n/a,-1,-1,n/a,n/a,0,0,0.33,0,0,1,n/a,-1,0
267,decorations,!!BLDG_NAME_SQUIDWARDSTATUE,20031,500,-1,-1,-1,250,-1,!!BLDG_NAME_SQUIDWARDSTATUE_DESC,n/a,n/a,n/a,-1,-1,n/a,n/a,0,0,0.33,0,0,1,n/a,-1,0
268,decorations,!!BLDG_NAME_BARREL_CLOSED,20032,500,-1,-1,-1,250,-1,!!BLDG_NAME_BARREL_CLOSED_DESC,n/a,n/a,n/a,-1,-1,n/a,n/a,0,0,0.33,0,0,1,n/a,-1,0
269,decorations,!!BLDG_NAME_BARREL_OPEN,20033,500,-1,-1,-1,250,-1,!!BLDG_NAME_BARREL_OPEN_DESC,n/a,n/a,n/a,-1,-1,n/a,n/a,0,0,0.33,0,0,1,n/a,-1,0
270,decorations,!!BLDG_NAME_BUCKET,20034,500,-1,-1,-1,250,-1,!!BLDG_NAME_BUCKET_DESC,n/a,n/a,n/a,-1,-1,n/a,n/a,0,0,0.33,0,0,1,n/a,-1,0
271,decorations,!!BLDG_NAME_JUKEBOX,20035,600,-1,-1,-1,300,-1,!!BLDG_NAME_JUKEBOX_DESC,n/a,n/a,n/a,-1,-1,n/a,n/a,0,0,0.33,0,0,1,n/a,-1,0
272,decorations,!!BLDG_NAME_PB_COMPASS,20037,60,-1,-1,-1,30,-1,!!BLDG_NAME_PB_COMPASS_DESC,n/a,n/a,n/a,-1,-1,n/a,n/a,0,0,0.33,0,0,0,!!CANNOT_SELL_LIMITED,-1,0
273,decorations,!!BLDG_NAME_PB_TREASUREMAP,20041,150,-1,-1,-1,75,-1,!!BLDG_NAME_PB_TREASUREMAP_DESC,n/a,n/a,n/a,-1,-1,n/a,n/a,0,0,0.33,0,0,0,!!CANNOT_SELL_LIMITED,-1,0
274,decorations,!!BLDG_NAME_PB_LANTERN,20005,190,-1,-1,-1,95,-1,!!BLDG_NAME_PB_LANTERN_DESC,n/a,n/a,n/a,-1,-1,n/a,n/a,0,0,0.33,0,0,0,!!CANNOT_SELL_LIMITED,-1,0
275,decorations,!!BLDG_NAME_PB_SPYGLASS,20010,200,-1,-1,-1,100,-1,!!BLDG_NAME_PB_SPYGLASS_DESC,n/a,n/a,n/a,-1,-1,n/a,n/a,0,0,0.33,0,0,0,!!CANNOT_SELL_LIMITED,-1,0
276,decorations,!!BLDG_NAME_PB_LIFEPRESERVER,20006,300,-1,-1,-1,150,-1,!!BLDG_NAME_PB_LIFEPRESERVER_DESC,n/a,n/a,n/a,-1,-1,n/a,n/a,0,0,0.33,0,0,0,!!CANNOT_SELL_LIMITED,-1,0
277,decorations,!!BLDG_NAME_PB_SKULLONPOLE,20009,-1,10,-1,-1,-1,-1,!!BLDG_NAME_PB_SKULLONPOLE_DESC,n/a,n/a,n/a,-1,-1,n/a,n/a,0,0,0.33,0,0,0,!!CANNOT_SELL_LIMITED,-1,0
278,decorations,!!BLDG_NAME_PB_FLAG,20004,-1,10,-1,-1,-1,-1,!!BLDG_NAME_PB_FLAG_DESC,n/a,n/a,n/a,-1,-1,n/a,n/a,0,0,0.33,0,0,0,!!CANNOT_SELL_LIMITED,-1,0
279,decorations,!!BLDG_NAME_PB_SHIPINBOTTLE,20001,-1,15,-1,-1,-1,-1,!!BLDG_NAME_PB_SHIPINBOTTLE_DESC,n/a,n/a,n/a,-1,-1,n/a,n/a,0,0,0.33,0,0,0,!!CANNOT_SELL_LIMITED,-1,0
280,decorations,!!BLDG_NAME_PB_HELM,20008,-1,20,-1,-1,-1,-1,!!BLDG_NAME_PB_HELM_DESC,n/a,n/a,n/a,-1,-1,n/a,n/a,0,0,0.33,0,0,0,!!CANNOT_SELL_LIMITED,-1,0
281,decorations,!!BLDG_NAME_PB_RUBBERDUCK,20039,-1,25,-1,-1,-1,-1,!!BLDG_NAME_PB_RUBBERDUCK_DESC,n/a,n/a,n/a,-1,-1,n/a,n/a,0,0,0.33,0,0,0,!!CANNOT_SELL_LIMITED,-1,0
282,decorations,!!BLDG_NAME_PB_ANCHOR,20000,-1,25,-1,-1,-1,-1,!!BLDG_NAME_PB_ANCHOR_DESC,n/a,n/a,n/a,-1,-1,n/a,n/a,0,0,0.33,0,0,0,!!CANNOT_SELL_LIMITED,-1,0
283,decorations,!!BLDG_NAME_PB_PIRATESCOPE,20036,-1,30,-1,-1,-1,-1,!!BLDG_NAME_PB_PIRATESCOPE_DESC,n/a,n/a,n/a,-1,-1,n/a,n/a,0,0,0.33,0,0,0,!!CANNOT_SELL_LIMITED,-1,0
284,decorations,!!BLDG_NAME_PB_TREASUREBARREL,20040,-1,30,-1,-1,-1,-1,!!BLDG_NAME_PB_TREASUREBARREL_DESC,n/a,n/a,n/a,-1,-1,n/a,n/a,0,0,0.33,0,0,0,!!CANNOT_SELL_LIMITED,-1,0
285,decorations,!!BLDG_NAME_PB_CANNON,20002,-1,45,-1,-1,-1,-1,!!BLDG_NAME_PB_CANNON_DESC,n/a,n/a,n/a,-1,-1,n/a,n/a,0,0,0.33,0,0,0,!!CANNOT_SELL_LIMITED,-1,0
286,decorations,!!BLDG_NAME_PB_CROWSNEST,20003,-1,50,-1,-1,-1,-1,!!BLDG_NAME_PB_CROWSNEST_DESC,n/a,n/a,n/a,-1,-1,n/a,n/a,0,0,0.33,0,0,0,!!CANNOT_SELL_LIMITED,-1,0
287,decorations,!!BLDG_NAME_PB_ROWBOAT,20007,-1,60,-1,-1,-1,-1,!!BLDG_NAME_PB_ROWBOAT_DESC,n/a,n/a,n/a,-1,-1,n/a,n/a,0,0,0.33,0,0,0,!!CANNOT_SELL_LIMITED,-1,0
288,decorations,!!BLDG_NAME_PB_HAMMOCK,20038,-1,80,-1,-1,-1,-1,!!BLDG_NAME_PB_HAMMOCK_DESC,n/a,n/a,n/a,-1,-1,n/a,n/a,0,0,0.33,0,0,0,!!CANNOT_SELL_LIMITED,-1,0
289,decorations,!!BLDG_NAME_FORTUNE_TELLERS_TABLE,20067,20,-1,-1,-1,10,-1,!!BLDG_NAME_FORTUNE_TELLERS_TABLE_DESC,n/a,n/a,n/a,-1,-1,n/a,n/a,0,0,0.33,0,0,0,!!CANNOT_SELL_LIMITED,-1,0
290,decorations,!!BLDG_NAME_SANDY_ROCKET,22000,50,-1,-1,-1,25,-1,n/a,n/a,n/a,n/a,-1,-1,n/a,n/a,0,0,0.33,0,0,0,!!CANNOT_SELL_LIMITED,-1,0
291,decorations,!!BLDG_NAME_POLTERGEIST_SHIP,20602,-1,390,-1,-1,-1,-1,n/a,n/a,n/a,n/a,-1,-1,n/a,n/a,0,0,0.33,0,0,0,!!CANNOT_SELL_LIMITED,-1,0
292,decorations,!!DECO_JACK_O_GAZEBO,22004,-1,125,-1,-1,-1,-1,!!DECO_JACK_O_GAZEBO_DESC,n/a,n/a,n/a,-1,-1,n/a,n/a,0,0,0.33,0,0,0,!!CANNOT_SELL_LIMITED,-1,0
293,decorations,!!BLDG_NAME_SPOOKY_FISH_HOUSE,22001,-1,80,-1,-1,-1,-1,n/a,n/a,n/a,n/a,-1,-1,n/a,n/a,0,0,0.33,0,0,0,!!CANNOT_SELL_LIMITED,-1,0
294,decorations,!!DECO_DUTCHMAN_STATUE,22002,-1,100,-1,-1,-1,-1,!!DECO_DUTCHMAN_STATUE_DESC,n/a,n/a,n/a,-1,-1,n/a,n/a,0,0,0.33,0,0,0,!!CANNOT_SELL_LIMITED,-1,0
295,decorations,!!DECO_SMITTY,22003,-1,80,-1,-1,-1,-1,!!DECO_SMITTY_DESC,n/a,n/a,n/a,-1,-1,n/a,n/a,0,0,0.33,0,0,0,!!CANNOT_SELL_LIMITED,-1,0
296,decorations,!!BLDG_NAME_WITCHS_CAULDRON,20066,200,-1,-1,-1,100,-1,!!BLDG_NAME_WITCHS_CAULDRON_DESC,n/a,n/a,n/a,-1,-1,n/a,n/a,0,0,0.33,0,0,0,!!CANNOT_SELL_LIMITED,-1,0
297,decorations,!!BLDG_NAME_WAGON_WHEEL,20063,50,-1,-1,-1,25,-1,!!BLDG_NAME_WAGON_WHEEL_DESC,n/a,n/a,n/a,-1,-1,n/a,n/a,0,0,0.33,0,0,0,!!CANNOT_SELL_LIMITED,-1,0
298,decorations,!!BLDG_NAME_COFFIN3,20054,750,-1,-1,-1,375,-1,!!BLDG_NAME_COFFIN3_DESC,n/a,n/a,n/a,-1,-1,n/a,n/a,0,0,0.33,0,0,0,!!CANNOT_SELL_LIMITED,-1,0
299,decorations,!!BLDG_NAME_COFFIN1,20052,500,-1,-1,-1,250,-1,!!BLDG_NAME_COFFIN1_DESC,n/a,n/a,n/a,-1,-1,n/a,n/a,0,0,0.33,0,0,0,!!CANNOT_SELL_LIMITED,-1,0
300,decorations,!!BLDG_NAME_COFFIN2,20053,500,-1,-1,-1,250,-1,!!BLDG_NAME_COFFIN2_DESC,n/a,n/a,n/a,-1,-1,n/a,n/a,0,0,0.33,0,0,0,!!CANNOT_SELL_LIMITED,-1,0
301,decorations,!!BLDG_NAME_SCARY_TREE2,20057,100,-1,-1,-1,50,-1,!!BLDG_NAME_SCARY_TREE2_DESC,n/a,n/a,n/a,-1,-1,n/a,n/a,0,0,0.33,0,1,0,!!CANNOT_SELL_LIMITED,-1,0
302,decorations,!!BLDG_NAME_GRAVE_STONE1,20047,500,-1,-1,-1,250,-1,!!BLDG_NAME_GRAVE_STONE1_DESC,n/a,n/a,n/a,-1,-1,n/a,n/a,0,0,0.33,0,1,0,!!CANNOT_SELL_LIMITED,-1,0
303,decorations,!!BLDG_NAME_BROKE_BOAT,20044,3500,-1,-1,-1,1750,-1,!!BLDG_NAME_BROKE_BOAT_DESC,n/a,n/a,n/a,-1,-1,n/a,n/a,0,0,0.33,0,1,0,!!CANNOT_SELL_LIMITED,-1,0
304,decorations,!!BLDG_NAME_SCARY_TREE1,20056,-1,10,-1,-1,-1,-1,!!BLDG_NAME_SCARY_TREE1_DESC,n/a,n/a,n/a,-1,-1,n/a,n/a,0,0,0.33,0,1,0,!!CANNOT_SELL_LIMITED,-1,0
305,decorations,!!BLDG_NAME_HAUNTED_HOUSE,9037,-1,100,-1,-1,-1,-1,n/a,n/a,n/a,n/a,-1,-1,n/a,n/a,0,0,0.33,0,1,0,!!CANNOT_SELL_LIMITED,-1,0
306,decorations,!!BLDG_NAME_SCARY_TREE3,20058,100,-1,-1,-1,50,-1,!!BLDG_NAME_SCARY_TREE3_DESC,n/a,n/a,n/a,-1,-1,n/a,n/a,0,0,0.33,0,1,0,!!CANNOT_SELL_LIMITED,-1,0
307,decorations,!!BLDG_NAME_GRAVE_STONE3,20049,600,-1,-1,-1,300,-1,!!BLDG_NAME_GRAVE_STONE3_DESC,n/a,n/a,n/a,-1,-1,n/a,n/a,0,0,0.33,0,1,0,!!CANNOT_SELL_LIMITED,-1,0
308,decorations,!!BLDG_NAME_GAS_LAMP,20062,1000,-1,-1,-1,500,-1,!!BLDG_NAME_GAS_LAMP_DESC,n/a,n/a,n/a,-1,-1,n/a,n/a,0,0,0.33,0,1,0,!!CANNOT_SELL_LIMITED,-1,0
309,decorations,!!BLDG_NAME_PUMPKIN_PATCH,20051,-1,10,-1,-1,-1,-1,!!BLDG_NAME_PUMPKIN_PATCH_DESC,n/a,n/a,n/a,-1,-1,n/a,n/a,0,0,0.33,0,1,0,!!CANNOT_SELL_LIMITED,-1,0
310,decorations,!!BLDG_NAME_HILLBILLY_HOUSE,9038,-1,155,-1,-1,-1,-1,n/a,n/a,n/a,n/a,-1,-1,n/a,n/a,0,0,0.33,0,1,0,!!CANNOT_SELL_LIMITED,-1,0
311,decorations,!!BLDG_NAME_MAGIC_TABLE,20601,75,-1,-1,-1,38,-1,!!BLDG_NAME_MAGIC_TABLE_DESC,n/a,n/a,n/a,-1,-1,n/a,n/a,0,0,0.33,0,1,0,!!CANNOT_SELL_LIMITED,-1,0
312,decorations,!!BLDG_NAME_SLIMED_PICNIC_TABLE,20061,175,-1,-1,-1,88,-1,!!BLDG_NAME_SLIMED_PICNIC_TABLE_DESC,n/a,n/a,n/a,-1,-1,n/a,n/a,0,0,0.33,0,1,0,!!CANNOT_SELL_LIMITED,-1,0
313,decorations,!!BLDG_NAME_JACK_O_LANTERN,20046,5000,-1,-1,-1,2500,-1,!!BLDG_NAME_JACK_O_LANTERN_DESC,n/a,n/a,n/a,-1,-1,n/a,n/a,0,0,0.33,0,1,0,!!CANNOT_SELL_LIMITED,-1,0
314,decorations,!!BLDG_NAME_SUNKEN_SHIP,20064,-1,55,-1,-1,-1,-1,!!BLDG_NAME_SUNKEN_SHIP_DESC,n/a,n/a,n/a,-1,-1,n/a,n/a,0,0,0.33,0,1,0,!!CANNOT_SELL_LIMITED,-1,0
315,decorations,!!BLDG_NAME_FORTUNE_TELLER_TENT,9036,-1,80,-1,-1,-1,-1,n/a,n/a,n/a,n/a,-1,-1,n/a,n/a,0,0,0.33,0,1,0,!!CANNOT_SELL_LIMITED,-1,0
316,decorations,!!BLDG_NAME_SCARECROW,20055,150,-1,-1,-1,75,-1,!!BLDG_NAME_SCARECROW_DESC,n/a,n/a,n/a,-1,-1,n/a,n/a,0,0,0.33,0,1,0,!!CANNOT_SELL_LIMITED,-1,0
317,decorations,!!BLDG_NAME_BLACK_CAT,20043,350,-1,-1,-1,175,-1,!!BLDG_NAME_BLACK_CAT_DESC,n/a,n/a,n/a,-1,-1,n/a,n/a,0,0,0.33,0,1,0,!!CANNOT_SELL_LIMITED,-1,0
318,decorations,!!BLDG_NAME_HAUNTED_OUTHOUSE,20050,-1,25,-1,-1,-1,-1,!!BLDG_NAME_HAUNTED_OUTHOUSE_DESC,n/a,n/a,n/a,-1,-1,n/a,n/a,0,0,0.33,0,1,0,!!CANNOT_SELL_LIMITED,-1,0
319,decorations,!!BLDG_NAME_CLOCK_TOWER,20045,-1,70,-1,-1,-1,-1,!!BLDG_NAME_CLOCK_TOWER_DESC,n/a,n/a,n/a,-1,-1,n/a,n/a,0,0,0.33,0,1,0,!!CANNOT_SELL_LIMITED,-1,0
320,decorations,!!BLDG_NAME_ANGLER_HOUSE,9040,-1,190,-1,-1,-1,-1,n/a,n/a,n/a,n/a,-1,-1,n/a,n/a,0,0,0.33,0,1,0,!!CANNOT_SELL_LIMITED,-1,0
321,decorations,!!BLDG_NAME_TORN_UMBRELLA,20065,175,-1,-1,-1,88,-1,!!BLDG_NAME_TORN_UMBRELLA_DESC,n/a,n/a,n/a,-1,-1,n/a,n/a,0,0,0.33,0,1,0,!!CANNOT_SELL_LIMITED,-1,0
322,decorations,!!BLDG_NAME_BLACK_PUMPKIN,20603,350,-1,-1,-1,175,-1,!!BLDG_NAME_BLACK_PUMPKIN_DESC,n/a,n/a,n/a,-1,-1,n/a,n/a,0,0,0.33,0,1,0,!!CANNOT_SELL_LIMITED,-1,0
323,decorations,!!BLDG_NAME_GRAVE_STONE2,20048,500,-1,-1,-1,250,-1,!!BLDG_NAME_GRAVE_STONE2_DESC,n/a,n/a,n/a,-1,-1,n/a,n/a,0,0,0.33,0,1,0,!!CANNOT_SELL_LIMITED,-1,0
324,decorations,!!BLDG_NAME_SKULL_ROCK,20059,-1,40,-1,-1,-1,-1,!!BLDG_NAME_SKULL_ROCK_DESC,n/a,n/a,n/a,-1,-1,n/a,n/a,0,0,0.33,0,1,0,!!CANNOT_SELL_LIMITED,-1,0
325,decorations,!!BLDG_NAME_HAUNTED_FISH_HOUSE,9041,-1,80,-1,-1,-1,-1,!!BLDG_NAME_HAUNTED_FISH_HOUSE_DESC,n/a,n/a,n/a,-1,-1,n/a,n/a,0,0,0.33,0,1,0,!!CANNOT_SELL_LIMITED,-1,0
326,decorations,!!BLDG_NAME_SLASHERS_HOUSE,9039,-1,240,-1,-1,-1,-1,n/a,n/a,n/a,n/a,-1,-1,n/a,n/a,0,0,0.33,0,1,0,!!CANNOT_SELL_LIMITED,-1,0
327,decorations,!!BLDG_NAME_FORT_SQUIDWARD,23000,50,-1,-1,-1,25,-1,n/a,n/a,n/a,n/a,-1,-1,n/a,n/a,0,0,0.33,0,1,0,!!CANNOT_SELL_LIMITED,-1,0
328,decorations,!!BLDG_NAME_XMAS_FENCE,23001,50,-1,-1,-1,25,-1,!!BLDG_NAME_XMAS_FENCE_DESC,n/a,n/a,n/a,-1,-1,n/a,n/a,0,0,0.33,0,1,0,!!CANNOT_SELL_LIMITED,-1,0
329,decorations,!!BLDG_NAME_MERRY_BALLOON,23002,50,-1,-1,-1,25,-1,!!BLDG_NAME_MERRY_BALLOON_DESC,n/a,n/a,n/a,-1,-1,n/a,n/a,0,0,0.33,0,1,0,!!CANNOT_SELL_LIMITED,-1,0
330,decorations,!!BLDG_NAME_FESTIVE_BALLOON,23011,50,-1,-1,-1,25,-1,!!BLDG_NAME_FESTIVE_BALLOON_DESC,n/a,n/a,n/a,-1,-1,n/a,n/a,0,0,0.33,0,1,0,!!CANNOT_SELL_LIMITED,-1,0
331,decorations,!!BLDG_NAME_CHEERY_BALLOON,23012,50,-1,-1,-1,25,-1,!!BLDG_NAME_CHEERY_BALLOON_DESC,n/a,n/a,n/a,-1,-1,n/a,n/a,0,0,0.33,0,1,0,!!CANNOT_SELL_LIMITED,-1,0
332,decorations,!!BLDG_NAME_XMAS_LIGHTS,23003,50,-1,-1,-1,25,-1,!!BLDG_NAME_XMAS_LIGHTS_DESC,n/a,n/a,n/a,-1,-1,n/a,n/a,0,0,0.33,0,1,0,!!CANNOT_SELL_LIMITED,-1,0
333,decorations,!!BLDG_NAME_SNOW_CHAIR,23004,50,-1,-1,-1,25,-1,!!BLDG_NAME_SNOW_CHAIR_DESC,n/a,n/a,n/a,-1,-1,n/a,n/a,0,0,0.33,0,1,0,!!CANNOT_SELL_LIMITED,-1,0
334,decorations,!!BLDG_NAME_NEW_YEARS_STAR,23005,50,-1,-1,-1,25,-1,!!BLDG_NAME_NEW_YEARS_STAR_DESC,n/a,n/a,n/a,-1,-1,n/a,n/a,0,0,0.33,0,1,0,!!CANNOT_SELL_LIMITED,-1,0
335,decorations,!!BLDG_NAME_PINK_CHRISTMAS_TREE,20112,50,-1,-1,-1,25,-1,!!BLDG_NAME_PINK_CHRISTMAS_TREE_DESC,n/a,n/a,n/a,-1,-1,n/a,n/a,0,0,0.33,0,1,0,!!CANNOT_SELL_LIMITED,-1,0
336,decorations,!!BLDG_NAME_SILVER_CHRISTMAS_TREE,20101,50,-1,-1,-1,25,-1,!!BLDG_NAME_SILVER_CHRISTMAS_TREE_DESC,n/a,n/a,n/a,-1,-1,n/a,n/a,0,0,0.33,0,1,0,!!CANNOT_SELL_LIMITED,-1,0
337,decorations,!!BLDG_NAME_POINSETTIA,20068,70,-1,-1,-1,35,-1,!!BLDG_NAME_POINSETTIA_DESC,n/a,n/a,n/a,-1,-1,n/a,n/a,0,0,0.33,0,1,0,!!CANNOT_SELL_LIMITED,-1,0
338,decorations,!!BLDG_NAME_CHRISTMAS_TREE,20079,450,-1,-1,-1,225,-1,!!BLDG_NAME_CHRISTMAS_TREE_DESC,n/a,n/a,n/a,-1,-1,n/a,n/a,0,0,0.33,0,1,0,!!CANNOT_SELL_LIMITED,-1,0
339,decorations,!!BLDG_NAME_NORTH_POLE,20075,600,-1,-1,-1,300,-1,!!BLDG_NAME_NORTH_POLE_DESC,n/a,n/a,n/a,-1,-1,n/a,n/a,0,0,0.33,0,1,0,!!CANNOT_SELL_LIMITED,-1,0
340,decorations,!!BLDG_NAME_CHRISTMAS_CAFE,9044,1500,-1,-1,-1,750,-1,n/a,n/a,n/a,n/a,-1,-1,n/a,n/a,0,0,0.33,0,1,0,!!CANNOT_SELL_LIMITED,-1,0
341,decorations,!!BLDG_NAME_WREATH,20078,-1,15,-1,-1,-1,-1,!!BLDG_NAME_WREATH_DESC,n/a,n/a,n/a,-1,-1,n/a,n/a,0,0,0.33,0,1,0,!!CANNOT_SELL_LIMITED,-1,0
342,decorations,!!BLDG_NAME_SNOW_WALL,20111,-1,25,-1,-1,-1,-1,!!BLDG_NAME_SNOW_WALL_DESC,n/a,n/a,n/a,-1,-1,n/a,n/a,0,0,0.33,0,1,0,!!CANNOT_SELL_LIMITED,-1,0
343,decorations,!!BLDG_NAME_SNOW_PILE,20110,100,-1,-1,-1,50,-1,!!BLDG_NAME_SNOW_PILE_DESC,n/a,n/a,n/a,-1,-1,n/a,n/a,0,0,0.33,0,1,0,!!CANNOT_SELL_LIMITED,-1,0
344,decorations,!!BLDG_NAME_CANDY_CANE_ARCH,20098,250,-1,-1,-1,125,-1,!!BLDG_NAME_CANDY_CANE_ARCH_DESC,n/a,n/a,n/a,-1,-1,n/a,n/a,0,0,0.33,0,1,0,!!CANNOT_SELL_LIMITED,-1,0
345,decorations,!!BLDG_NAME_MASSIVE_WREATH,20091,2000,-1,-1,-1,1000,-1,!!BLDG_NAME_MASSIVE_WREATH_DESC,n/a,n/a,n/a,-1,-1,n/a,n/a,0,0,0.33,0,1,0,!!CANNOT_SELL_LIMITED,-1,0
346,decorations,!!BLDG_NAME_WINTRY_PLANT_2,20103,100,-1,-1,-1,50,-1,!!BLDG_NAME_WINTRY_PLANT_2_DESC,n/a,n/a,n/a,-1,-1,n/a,n/a,0,0,0.33,0,1,0,!!CANNOT_SELL_LIMITED,-1,0
347,decorations,!!BLDG_NAME_NUTCRACKER_2,20089,-1,35,-1,-1,-1,-1,!!BLDG_NAME_NUTCRACKER_2_DESC,n/a,n/a,n/a,-1,-1,n/a,n/a,0,0,0.33,0,1,0,!!CANNOT_SELL_LIMITED,-1,0
348,decorations,!!BLDG_NAME_TOY_FACTORY,9043,-1,70,-1,-1,-1,-1,n/a,n/a,n/a,n/a,-1,-1,n/a,n/a,0,0,0.33,0,1,0,!!CANNOT_SELL_HOUSE,-1,0
349,decorations,!!BLDG_NAME_LAWN_REINDEER,20087,800,-1,-1,-1,400,-1,!!BLDG_NAME_LAWN_REINDEER_DESC,n/a,n/a,n/a,-1,-1,n/a,n/a,0,0,0.33,0,1,0,!!CANNOT_SELL_LIMITED,-1,0
350,decorations,!!BLDG_NAME_GARLAND_WRAPPED_POLE,20099,400,-1,-1,-1,200,-1,!!BLDG_NAME_GARLAND_WRAPPED_POLE_DESC,n/a,n/a,n/a,-1,-1,n/a,n/a,0,0,0.33,0,1,0,!!CANNOT_SELL_LIMITED,-1,0
351,decorations,!!BLDG_NAME_LOADING_DOCK,9047,1200,-1,-1,-1,600,-1,n/a,n/a,n/a,n/a,-1,-1,n/a,n/a,0,0,0.33,0,1,0,!!CANNOT_SELL_LIMITED,-1,0
352,decorations,!!BLDG_NAME_PATRICKS_SANTA_TRAP,20074,-1,20,-1,-1,-1,-1,!!BLDG_NAME_PATRICKS_SANTA_TRAP_DESC,n/a,n/a,n/a,-1,-1,n/a,n/a,0,0,0.33,0,1,0,!!CANNOT_SELL_LIMITED,-1,0
353,decorations,!!BLDG_NAME_SANTAS_SLEIGH,20085,-1,45,-1,-1,-1,-1,!!BLDG_NAME_SANTAS_SLEIGH_DESC,n/a,n/a,n/a,-1,-1,n/a,n/a,0,0,0.33,0,1,0,!!CANNOT_SELL_LIMITED,-1,0
354,decorations,!!BLDG_NAME_HOLIDAY_CANDLE,20070,150,-1,-1,-1,75,-1,!!BLDG_NAME_HOLIDAY_CANDLE_DESC,n/a,n/a,n/a,-1,-1,n/a,n/a,0,0,0.33,0,1,0,!!CANNOT_SELL_LIMITED,-1,0
355,decorations,!!BLDG_NAME_STACK_GIFTS_2,20083,300,-1,-1,-1,150,-1,!!BLDG_NAME_STACK_GIFTS_2_DESC,n/a,n/a,n/a,-1,-1,n/a,n/a,0,0,0.33,0,1,0,!!CANNOT_SELL_LIMITED,-1,0
356,decorations,!!BLDG_NAME_HUG_ME_TIGHT_ELF_DOLL,20072,900,-1,-1,-1,450,-1,!!BLDG_NAME_HUG_ME_TIGHT_ELF_DOLL_DESC,n/a,n/a,n/a,-1,-1,n/a,n/a,0,0,0.33,0,1,0,!!CANNOT_SELL_LIMITED,-1,0
357,decorations,!!BLDG_NAME_WINTRY_PLANT_5,20106,100,-1,-1,-1,50,-1,!!BLDG_NAME_WINTRY_PLANT_5_DESC,n/a,n/a,n/a,-1,-1,n/a,n/a,0,0,0.33,0,1,0,!!CANNOT_SELL_LIMITED,-1,0
358,decorations,!!BLDG_NAME_JELLYFISH_CHRISTMAS_TREE,20113,-1,10,-1,-1,-1,-1,!!BLDG_NAME_JELLYFISH_CHRISTMAS_TREE_DESC,n/a,n/a,n/a,-1,-1,n/a,n/a,0,0,0.33,0,1,0,!!CANNOT_SELL_LIMITED,-1,0
359,decorations,!!BLDG_NAME_NUTCRACKER_1,20088,-1,35,-1,-1,-1,-1,!!BLDG_NAME_NUTCRACKER_1_DESC,n/a,n/a,n/a,-1,-1,n/a,n/a,0,0,0.33,0,1,0,!!CANNOT_SELL_LIMITED,-1,0
360,decorations,!!BLDG_NAME_XMAS_PARADE_FLOAT,23008,-1,65,-1,-1,-1,-1,!!BLDG_NAME_XMAS_PARADE_FLOAT_DESC,n/a,n/a,n/a,-1,-1,n/a,n/a,0,0,0.33,0,1,0,!!CANNOT_SELL_LIMITED,-1,0
361,decorations,!!BLDG_NAME_WINTRY_PLANT_1,20102,85,-1,-1,-1,43,-1,!!BLDG_NAME_WINTRY_PLANT_1_DESC,n/a,n/a,n/a,-1,-1,n/a,n/a,0,0,0.33,0,1,0,!!CANNOT_SELL_LIMITED,-1,0
362,decorations,!!BLDG_NAME_WILD_CHRISTMAS_TREE,20100,200,-1,-1,-1,100,-1,!!BLDG_NAME_WILD_CHRISTMAS_TREE_DESC,n/a,n/a,n/a,-1,-1,n/a,n/a,0,0,0.33,0,1,0,!!CANNOT_SELL_LIMITED,-1,0
363,decorations,!!BLDG_NAME_SNOW_SNORKELER,20077,-1,15,-1,-1,-1,-1,!!BLDG_NAME_SNOW_SNORKELER_DESC,n/a,n/a,n/a,-1,-1,n/a,n/a,0,0,0.33,0,1,0,!!CANNOT_SELL_LIMITED,-1,0
364,decorations,!!BLDG_NAME_NUTCRACKER_3,20090,-1,30,-1,-1,-1,-1,!!BLDG_NAME_NUTCRACKER_3_DESC,n/a,n/a,n/a,-1,-1,n/a,n/a,0,0,0.33,0,1,0,!!CANNOT_SELL_LIMITED,-1,0
365,decorations,!!BLDG_NAME_ELF_APARTMENTS,9042,-1,150,-1,-1,-1,-1,n/a,n/a,n/a,n/a,-1,-1,n/a,n/a,0,0,0.33,0,1,0,!!CANNOT_SELL_HOUSE,-1,0
