i:id,s:Name,s:Tag,s:Craft  Description,i:DID,i:Product ID,i:Building ID,s:Building Name,i:Minimum Level,i:Craft Time,i:XP Reward,i:Amount Crafted,i:Ingredient ID 1,i:Ingredient ID 2,i:Ingredient ID 3,i:Ingredient ID 4,i:Ingredient ID 5,i:Ingredient ID 6,i:Ingredient Amount 1,i:Ingredient Amount 2,i:Ingredient Amount 3,i:Ingredient Amount 4,i:Ingredient Amount 5,i:Ingredient Amount 6,s:Start Sound,s:Ready Sound,s:Product Group,i:Group Order,s:Garden Display Started,s:Garden Display Half,s:Garden Display Done,i:Ignore Recipe Cap,s:Touch Sound,s:Start Sound Beat,s:Ready Sound Beat,i:Ignore Random Recipe Quest,i:Coral Bits Amount 1,i:Coral Bits Amount 2,i:Coral Bits Amount 3,f:Coral Bits Odds 1,f:Coral Bits Odds 2,f:Coral Bits Odds 3
,,,,,,,,,,,,,,,,,,,,,,,,,,,,,,,,,,,,,,,,,
1,!!FOOD_KRABBYPATTY,krabbypatty,!!CRAFT_MAKING,1,1,1018,!!BLDG_NAME_KK,1,120,12,1,6,8,12,10,90,94,1,1,1,1,1,1,KP_GrilledItemStarted,KP_GrilledItemReady,krabbypatty,10,n/a,n/a,n/a,0,SB_KrabbyPatty,Silence,Silence,0,-1,-1,-1,-1,-1,-1
2,!!FOOD_CRYJOHNNY,cryingjohnny,!!CRAFT_MAKING,15,15,1018,!!BLDG_NAME_KK,1,240,12,1,6,8,10,12,90,94,1,1,1,3,1,1,Global_GrilledItemStarted,Global_GrilledItemReady,cryingjohnny,10,n/a,n/a,n/a,0,n/a,n/a,n/a,0,-1,-1,-1,-1,-1,-1
3,!!FOOD_DUTCHDOUBLE,dutchmansdouble,!!CRAFT_MAKING,16,16,1018,!!BLDG_NAME_KK,1,600,16,1,8,10,14,94,90,6,2,2,2,2,2,1,Global_GrilledItemStarted,Global_GrilledItemReady,dutchmansdouble,10,n/a,n/a,n/a,0,n/a,n/a,n/a,0,-1,-1,-1,-1,-1,-1
4,!!FOOD_KELPFRIES,kelpfries,!!CRAFT_MAKING,18,18,1018,!!BLDG_NAME_KK,1,3600,20,1,13,14,-1,-1,-1,-1,5,3,-1,-1,-1,-1,FriedItemStarted,FriedItemReady,kelpfries,10,n/a,n/a,n/a,0,n/a,n/a,n/a,0,-1,-1,-1,-1,-1,-1
5,!!FOOD_KELPCAKE,kelpcakes,!!CRAFT_MAKING,19,19,1018,!!BLDG_NAME_KK,1,43200,39,1,12,14,13,-1,-1,-1,5,12,3,-1,-1,-1,FriedItemStarted,FriedItemReady,kelpcakes,10,n/a,n/a,n/a,0,n/a,n/a,n/a,0,-1,-1,-1,-1,-1,-1
6,!!FOOD_KELPDOG,kelpdog,!!CRAFT_MAKING,21,21,1018,!!BLDG_NAME_KK,1,14400,20,1,1008,12,14,-1,-1,-1,1,2,4,-1,-1,-1,Global_GrilledItemStarted,Global_GrilledItemReady,kelpdog,10,n/a,n/a,n/a,0,n/a,n/a,n/a,0,-1,-1,-1,-1,-1,-1
7,!!FOOD_SEAWEEDSALAD,seaweedsalad,!!CRAFT_MAKING,22,22,1018,!!BLDG_NAME_KK,1,300,12,1,8,10,12,14,-1,-1,3,1,1,3,-1,-1,VeggieItemStarted,VeggieItemReady,seaweedsalad,10,n/a,n/a,n/a,0,n/a,n/a,n/a,0,-1,-1,-1,-1,-1,-1
8,!!FOOD_KELPKLT,klt,!!CRAFT_MAKING,23,23,1018,!!BLDG_NAME_KK,1,21600,22,1,92,8,10,14,-1,-1,2,2,2,4,-1,-1,Global_GrilledItemStarted,Global_GrilledItemReady,klt,10,n/a,n/a,n/a,0,n/a,n/a,n/a,0,-1,-1,-1,-1,-1,-1
9,!!FOOD_BRUSCHETTA,bruschetta,!!CRAFT_MAKING,27,27,1018,!!BLDG_NAME_KK,1,900,16,1,10,92,-1,-1,-1,-1,6,1,-1,-1,-1,-1,BakedItemStarted,BakedItemReady,bruschetta,10,n/a,n/a,n/a,0,n/a,n/a,n/a,0,-1,-1,-1,-1,-1,-1
10,!!FOOD_BISQUE,tomatobisque,!!CRAFT_MAKING,28,28,1018,!!BLDG_NAME_KK,1,86400,43,1,10,12,-1,-1,-1,-1,30,8,-1,-1,-1,-1,SoupItemStarted,SoupItemReady,tomatobisque,10,n/a,n/a,n/a,0,n/a,n/a,n/a,0,-1,-1,-1,-1,-1,-1
11,!!FOOD_CAESAR_SALAD,caesarsalad,!!CRAFT_MAKING,31,31,1018,!!BLDG_NAME_KK,1,900,16,1,8,93,-1,-1,-1,-1,12,12,-1,-1,-1,-1,VeggieItemStarted,VeggieItemReady,caesarsalad,10,n/a,n/a,n/a,1,n/a,n/a,n/a,0,-1,-1,-1,-1,-1,-1
12,!!FOOD_JELLYPATTY,jellypatty,!!CRAFT_MAKING,32,32,1018,!!BLDG_NAME_KK,1,30,10,1,1,2,-1,-1,-1,-1,1,1,-1,-1,-1,-1,Global_GrilledItemStarted,Global_GrilledItemReady,jellypatty,10,n/a,n/a,n/a,0,n/a,n/a,n/a,0,-1,-1,-1,-1,-1,-1
13,!!FOOD_VEGGIEPATTY,veggiepatty,!!CRAFT_MAKING,40,40,1018,!!BLDG_NAME_KK,1,90,10,1,8,10,6,94,-1,-1,2,2,1,1,-1,-1,VeggieItemStarted,VeggieItemReady,veggiepatty,10,n/a,n/a,n/a,0,n/a,n/a,n/a,0,-1,-1,-1,-1,-1,-1
14,!!FOOD_SALAD,salad,!!CRAFT_MAKING,46,46,1018,!!BLDG_NAME_KK,1,45,7,1,8,10,-1,-1,-1,-1,1,1,-1,-1,-1,-1,VeggieItemStarted,VeggieItemReady,salad,10,n/a,n/a,n/a,0,n/a,n/a,n/a,0,-1,-1,-1,-1,-1,-1
15,!!FOOD_PATTY,patty,!!CRAFT_MAKING,90,90,1018,!!BLDG_NAME_KK,1,30,1,1,3,-1,-1,-1,-1,-1,5,-1,-1,-1,-1,-1,KP_GrilledItemStarted,Global_GrilledItemReady,patty,10,n/a,n/a,n/a,0,SB_KrabbyPatty,Silence,Silence,0,-1,-1,-1,-1,-1,-1
16,!!FOOD_KETCHUP,ketchup,!!CRAFT_MAKING,94,94,1018,!!BLDG_NAME_KK,1,4,1,1,10,-1,-1,-1,-1,-1,2,-1,-1,-1,-1,-1,GardenCropStarted,GardenCropReady,ketchup,10,n/a,n/a,n/a,0,n/a,n/a,n/a,0,-1,-1,-1,-1,-1,-1
17,!!FOOD_CUBEDKETCHUPKABOBS,cubedketchupkabobs,!!CRAFT_MAKING,95,95,1018,!!BLDG_NAME_KK,1,1800,18,1,94,-1,-1,-1,-1,-1,4,-1,-1,-1,-1,-1,GardenCropStarted,GardenCropReady,cubedketchupkabobs,10,n/a,n/a,n/a,0,n/a,n/a,n/a,0,-1,-1,-1,-1,-1,-1
18,!!FOOD_PICODEGALLO,picodegallo,!!CRAFT_MAKING,97,97,1018,!!BLDG_NAME_KK,1,300,12,1,10,8,12,-1,-1,-1,5,2,5,-1,-1,-1,GardenCropStarted,GardenCropReady,picodegallo,10,n/a,n/a,n/a,0,n/a,n/a,n/a,0,-1,-1,-1,-1,-1,-1
19,!!FOOD_PIPSQUEAKPATTY,pipsqueakpatty,!!CRAFT_MAKING,99,99,1018,!!BLDG_NAME_KK,1,120,12,2,6,8,90,-1,-1,-1,1,1,1,-1,-1,-1,Global_GrilledItemStarted,Global_GrilledItemReady,pipsqueakpatty,10,n/a,n/a,n/a,0,SB_KrabbyPatty,Silence,Silence,0,-1,-1,-1,-1,-1,-1
20,!!FOOD_MUSTARD,mustard,!!CRAFT_BAKING,9020,9020,1018,!!BLDG_NAME_KK,1,3600,5,1,9003,9005,9011,9007,9006,-1,1,1,1,1,1,-1,GardenCropStarted,GardenCropReady,mustard,10,n/a,n/a,n/a,0,n/a,n/a,n/a,1,-1,-1,-1,-1,-1,-1
21,!!FOOD_ROASTED_CHESTNUT,roasted_chestnut,!!CRAFT_MAKING,9102,9102,1018,!!BLDG_NAME_KK,8,3600,20,1,10010,-1,-1,-1,-1,-1,3,-1,-1,-1,-1,-1,GardenCropStarted,VeggieItemReady,roasted_chestnut,10,n/a,n/a,n/a,0,n/a,n/a,n/a,1,-1,-1,-1,-1,-1,-1
22,!!FOOD_GINGERBREAD_ELF,gingerbread_elf,!!CRAFT_BAKING,9121,9121,1018,!!BLDG_NAME_KK,1,21600,22,1,9106,9107,9117,9111,9108,9112,1,1,1,1,1,1,BakedItemStarted,BakedItemReady,gingerbread_elf,10,n/a,n/a,n/a,1,n/a,n/a,n/a,1,-1,-1,-1,-1,-1,-1
23,!!FOOD_POPCORN,popcorn,!!CRAFT_MAKING,9202,9202,1018,!!BLDG_NAME_KK,1,300,12,1,9200,9008,-1,-1,-1,-1,1,2,-1,-1,-1,-1,BakedItemStarted,BakedItemReady,popcorn,10,n/a,n/a,n/a,1,n/a,n/a,n/a,1,-1,-1,-1,-1,-1,-1
24,!!FOOD_KRABBY_NEWBURG,krabby_newburg,!!CRAFT_BAKING,9404,9404,1018,!!BLDG_NAME_KK,1,21600,1,1,90,8,10,94,9002,9007,10,1,1,1,1,1,BakedItemStarted,BakedItemReady,krabby_newburg,10,n/a,n/a,n/a,0,n/a,n/a,n/a,0,-1,-1,-1,-1,-1,-1
25,!!FOOD_HOT_KABOB_DOG,hot_kabob_dog,!!CRAFT_MAKING,9600,9600,1018,!!BLDG_NAME_KK,1,2700,18,1,95,1008,9020,-1,-1,-1,1,1,4,-1,-1,-1,BakedItemStarted,BakedItemReady,krabby_newburg,10,n/a,n/a,n/a,0,n/a,n/a,n/a,0,-1,-1,-1,-1,-1,-1
26,!!FOOD_SAUERKRAUT,sauerkraut,!!CRAFT_MAKING,100,100,1018,!!BLDG_NAME_KK,1,43200,48,1,8,9008,9003,-1,-1,-1,10,4,2,-1,-1,-1,SoupItemStarted,SoupItemReady,sauerkraut,10,n/a,n/a,n/a,0,n/a,n/a,n/a,0,-1,-1,-1,-1,-1,-1
27,!!FOOD_SAILORS,sailors,!!CRAFT_MAKING,25,25,1018,!!BLDG_NAME_KK,1,60,18,1,1,14,-1,-1,-1,-1,2,4,-1,-1,-1,-1,SoupItemStarted,SoupItemReady,sailors,10,n/a,n/a,n/a,0,n/a,n/a,n/a,0,-1,-1,-1,-1,-1,-1
28,!!INGREDIENT_ELASTIC,elastic,!!CRAFT_MAKING,9400,9400,1019,!!BLDG_NAME_BARGN,1,30,1,1,3,-1,-1,-1,-1,-1,10,-1,-1,-1,-1,-1,BakedItemStarted,BakedItemReady,toast,10,n/a,n/a,n/a,0,n/a,n/a,n/a,0,-1,-1,-1,-1,-1,-1
29,!!INGREDIENT_SEQUINS,sequins,!!CRAFT_MAKING,9401,9401,1019,!!BLDG_NAME_BARGN,1,30,1,1,3,-1,-1,-1,-1,-1,10,-1,-1,-1,-1,-1,BakedItemStarted,BakedItemReady,toast,10,n/a,n/a,n/a,0,n/a,n/a,n/a,0,-1,-1,-1,-1,-1,-1
30,!!INGREDIENT_SPIRIT_GUM,spirit_gum,!!CRAFT_MAKING,9402,9402,1019,!!BLDG_NAME_BARGN,1,30,1,1,3,-1,-1,-1,-1,-1,10,-1,-1,-1,-1,-1,BakedItemStarted,BakedItemReady,toast,10,n/a,n/a,n/a,0,n/a,n/a,n/a,0,-1,-1,-1,-1,-1,-1
31,!!INGREDIENT_TERRYCLOTH,terrycloth,!!CRAFT_MAKING,9403,9403,1019,!!BLDG_NAME_BARGN,1,30,1,1,3,-1,-1,-1,-1,-1,10,-1,-1,-1,-1,-1,BakedItemStarted,BakedItemReady,toast,10,n/a,n/a,n/a,0,n/a,n/a,n/a,0,-1,-1,-1,-1,-1,-1
32,!!INGREDIENT_MARBLES,marbles,!!CRAFT_MAKING,9021,9021,1019,!!BLDG_NAME_BARGN,1,30,1,1,3,-1,-1,-1,-1,-1,10,-1,-1,-1,-1,-1,BakedItemStarted,BakedItemReady,toast,10,n/a,n/a,n/a,0,n/a,n/a,n/a,0,-1,-1,-1,-1,-1,-1
33,!!INGREDIENT_PAINT,paint,!!CRAFT_MAKING,9022,9022,1019,!!BLDG_NAME_BARGN,1,30,1,1,3,-1,-1,-1,-1,-1,10,-1,-1,-1,-1,-1,BakedItemStarted,BakedItemReady,toast,10,n/a,n/a,n/a,0,n/a,n/a,n/a,0,-1,-1,-1,-1,-1,-1
34,!!INGREDIENT_BBQ_SAUCE,bbq_sauce,!!CRAFT_BAKING,9002,9002,1021,!!BLDG_NAME_BARGN,1,30,1,1,3,-1,-1,-1,-1,-1,10,-1,-1,-1,-1,-1,BakedItemStarted,BakedItemReady,toast,10,n/a,n/a,n/a,0,n/a,n/a,n/a,0,-1,-1,-1,-1,-1,-1
35,!!INGREDIENT_DISTILLED_VINEGAR,distilled_vinegar,!!CRAFT_BAKING,9003,9003,1021,!!BLDG_NAME_BARGN,1,30,1,1,3,-1,-1,-1,-1,-1,10,-1,-1,-1,-1,-1,BakedItemStarted,BakedItemReady,toast,10,n/a,n/a,n/a,0,n/a,n/a,n/a,0,-1,-1,-1,-1,-1,-1
36,!!INGREDIENT_DRIFTWOOD,driftwood,!!CRAFT_BAKING,9004,9004,1021,!!BLDG_NAME_BARGN,1,30,1,1,3,-1,-1,-1,-1,-1,10,-1,-1,-1,-1,-1,BakedItemStarted,BakedItemReady,toast,10,n/a,n/a,n/a,0,n/a,n/a,n/a,0,-1,-1,-1,-1,-1,-1
37,!!INGREDIENT_MUSTARD_SEED,mustard_seed,!!CRAFT_BAKING,9005,9005,1021,!!BLDG_NAME_BARGN,1,0,1,1,3,-1,-1,-1,-1,-1,10,-1,-1,-1,-1,-1,BakedItemStarted,BakedItemReady,toast,10,n/a,n/a,n/a,0,n/a,n/a,n/a,1,-1,-1,-1,-1,-1,-1
38,!!INGREDIENT_NATURAL_FLAVORS,natural_flavors,!!CRAFT_BAKING,9006,9006,1021,!!BLDG_NAME_BARGN,1,30,1,1,3,-1,-1,-1,-1,-1,10,-1,-1,-1,-1,-1,BakedItemStarted,BakedItemReady,toast,10,n/a,n/a,n/a,0,n/a,n/a,n/a,0,-1,-1,-1,-1,-1,-1
39,!!INGREDIENT_PAPRIKA,paprika,!!CRAFT_BAKING,9007,9007,1021,!!BLDG_NAME_BARGN,1,30,1,1,3,-1,-1,-1,-1,-1,10,-1,-1,-1,-1,-1,BakedItemStarted,BakedItemReady,toast,10,n/a,n/a,n/a,0,n/a,n/a,n/a,0,-1,-1,-1,-1,-1,-1
40,!!INGREDIENT_SHELLAC,shellac,!!CRAFT_BAKING,9009,9009,1021,!!BLDG_NAME_BARGN,1,30,1,1,3,-1,-1,-1,-1,-1,10,-1,-1,-1,-1,-1,BakedItemStarted,BakedItemReady,toast,10,n/a,n/a,n/a,0,n/a,n/a,n/a,0,-1,-1,-1,-1,-1,-1
41,!!INGREDIENT_SPACKLE,spackle,!!CRAFT_BAKING,9010,9010,1021,!!BLDG_NAME_BARGN,1,30,1,1,3,-1,-1,-1,-1,-1,10,-1,-1,-1,-1,-1,BakedItemStarted,BakedItemReady,toast,10,n/a,n/a,n/a,0,n/a,n/a,n/a,0,-1,-1,-1,-1,-1,-1
42,!!INGREDIENT_TUMERIC,turmeric,!!CRAFT_BAKING,9011,9011,1021,!!BLDG_NAME_BARGN,1,30,1,1,3,-1,-1,-1,-1,-1,10,-1,-1,-1,-1,-1,BakedItemStarted,BakedItemReady,toast,10,n/a,n/a,n/a,0,n/a,n/a,n/a,0,-1,-1,-1,-1,-1,-1
43,!!FOOD_GARLICBREAD,garlicbread,!!CRAFT_BAKING,41,41,1024,!!BLDG_NAME_BAKERY,1,300,13,1,92,2002,-1,-1,-1,-1,1,1,-1,-1,-1,-1,BakedItemStarted,BakedItemReady,garlicbread,10,n/a,n/a,n/a,0,n/a,n/a,n/a,0,-1,-1,-1,-1,-1,-1
44,!!FOOD_TOAST,toast,!!CRAFT_BAKING,92,92,1024,!!BLDG_NAME_BAKERY,1,30,7,1,3,-1,-1,-1,-1,-1,10,-1,-1,-1,-1,-1,BakedItemStarted,BakedItemReady,toast,10,n/a,n/a,n/a,0,n/a,n/a,n/a,0,-1,-1,-1,-1,-1,-1
45,!!FOOD_CROUTONS,croutons,!!CRAFT_BAKING,93,93,1024,!!BLDG_NAME_BAKERY,1,80,1,8,92,-1,-1,-1,-1,-1,1,-1,-1,-1,-1,-1,BakedItemStarted,BakedItemReady,croutons,10,n/a,n/a,n/a,0,n/a,n/a,n/a,0,-1,-1,-1,-1,-1,-1
46,!!FOOD_JELLIEDTOAST,jelliedtoast,!!CRAFT_BAKING,96,96,1024,!!BLDG_NAME_BAKERY,1,30,8,1,92,2,-1,-1,-1,-1,1,1,-1,-1,-1,-1,BakedItemStarted,BakedItemReady,jelliedtoast,10,n/a,n/a,n/a,0,n/a,n/a,n/a,0,-1,-1,-1,-1,-1,-1
47,!!FOOD_BUN,bun,!!CRAFT_BAKING,1005,6,1024,!!BLDG_NAME_BAKERY,1,180,1,1,3,-1,-1,-1,-1,-1,5,-1,-1,-1,-1,-1,BakedItemStarted,BakedItemReady,bun,10,n/a,n/a,n/a,0,n/a,n/a,n/a,0,-1,-1,-1,-1,-1,-1
48,!!FOOD_HOTDOGROLL,hotdogroll,!!CRAFT_BAKING,1008,1008,1024,!!BLDG_NAME_BAKERY,1,180,1,1,3,-1,-1,-1,-1,-1,6,-1,-1,-1,-1,-1,BakedItemStarted,BakedItemReady,hotdogroll,10,n/a,n/a,n/a,0,n/a,n/a,n/a,0,-1,-1,-1,-1,-1,-1
49,!!FOOD_SNICKERDOODLE,snickerdoodle,!!CRAFT_BAKING,9101,9101,1024,!!BLDG_NAME_BAKERY,1,30,7,1,9106,9107,9108,-1,-1,-1,1,1,1,-1,-1,-1,BakedItemStarted,BakedItemReady,snickerdoodle,10,n/a,n/a,n/a,0,n/a,n/a,n/a,1,-1,-1,-1,-1,-1,-1
50,!!FOOD_BREAD_PUDDING,bread_pudding,!!CRAFT_BAKING,9104,9104,1024,!!BLDG_NAME_BAKERY,12,86400,46,1,92,9107,9117,10010,-1,-1,3,1,1,1,-1,-1,BakedItemStarted,BakedItemReady,bread_pudding,10,n/a,n/a,n/a,1,n/a,n/a,n/a,1,-1,-1,-1,-1,-1,-1
51,!!FOOD_YULE_LOG_CAKE,yule_log_cake,!!CRAFT_BAKING,9105,9105,1024,!!BLDG_NAME_BAKERY,13,43200,42,1,9106,9117,9112,9109,9118,-1,1,1,1,1,1,-1,BakedItemStarted,BakedItemReady,yule_log_cake,10,n/a,n/a,n/a,1,n/a,n/a,n/a,1,-1,-1,-1,-1,-1,-1
52,!!INGREDIENT_DOUGH,dough,!!CRAFT_BAKING,9106,9106,1024,!!BLDG_NAME_BAKERY,1,30,1,1,3,-1,-1,-1,-1,-1,10,-1,-1,-1,-1,-1,BakedItemStarted,BakedItemReady,dough,10,n/a,n/a,n/a,0,n/a,n/a,n/a,0,-1,-1,-1,-1,-1,-1
53,!!FOOD_CHRISTMAS_COOKIE,christmas_cookie,!!CRAFT_BAKING,9119,9119,1024,!!BLDG_NAME_BAKERY,13,18000,24,1,9106,9107,9117,9109,9112,-1,1,1,1,1,1,-1,BakedItemStarted,BakedItemReady,christmas_cookie,10,n/a,n/a,n/a,1,n/a,n/a,n/a,1,-1,-1,-1,-1,-1,-1
54,!!FOOD_BAKED_BANANABANANABREAD,bananabananabread,!!CRAFT_BAKING,80000,80000,1024,!!BLDG_NAME_BAKERY,8,300,13,1,80015,10000,-1,-1,-1,-1,1,4,-1,-1,-1,-1,BakedItemStarted,BakedItemReady,bananabananabread,999,n/a,n/a,n/a,0,n/a,n/a,n/a,0,-1,-1,-1,-1,-1,-1
55,!!FOOD_BAKED_CHERRIESGARY,cherriesgary,!!CRAFT_BAKING,80001,80001,1024,!!BLDG_NAME_BAKERY,19,900,17,1,80007,10002,10009,10005,-1,-1,1,4,5,2,-1,-1,BakedItemStarted,BakedItemReady,cherriesgary,999,n/a,n/a,n/a,0,n/a,n/a,n/a,0,-1,-1,-1,-1,-1,-1
56,!!FOOD_BAKED_COCONUTCOBBLER,coconutcobbler,!!CRAFT_BAKING,80002,80002,1024,!!BLDG_NAME_BAKERY,26,86400,46,1,80003,10006,10003,10007,-1,-1,3,1,3,1,-1,-1,BakedItemStarted,BakedItemReady,coconutcobbler,999,n/a,n/a,n/a,0,n/a,n/a,n/a,0,-1,-1,-1,-1,-1,-1
57,!!FOOD_BAKED_CORALCRUMBLE,coralcrumble,!!CRAFT_BAKING,80003,80003,1024,!!BLDG_NAME_BAKERY,14,300,1,1,2001,-1,-1,-1,-1,-1,4,-1,-1,-1,-1,-1,BakedItemStarted,BakedItemReady,coralcrumble,999,n/a,n/a,n/a,0,n/a,n/a,n/a,0,-1,-1,-1,-1,-1,-1
58,!!FOOD_BAKED_DUTCHMANSDUTCHAPPLEPIE,dutchmansdutchapplepie,!!CRAFT_BAKING,80004,80004,1024,!!BLDG_NAME_BAKERY,14,1800,20,1,80007,10001,-1,-1,-1,-1,1,1,-1,-1,-1,-1,BakedItemStarted,BakedItemReady,dutchmansdutchapplepie,999,n/a,n/a,n/a,0,n/a,n/a,n/a,0,-1,-1,-1,-1,-1,-1
59,!!FOOD_BAKED_EVERYVILLAINISLEMONBAR,everyvillainislemonbar,!!CRAFT_BAKING,80005,80005,1024,!!BLDG_NAME_BAKERY,22,1800,20,1,80003,10004,10003,-1,-1,-1,1,4,1,-1,-1,-1,BakedItemStarted,BakedItemReady,everyvillainislemonbar,999,n/a,n/a,n/a,0,n/a,n/a,n/a,0,-1,-1,-1,-1,-1,-1
60,!!FOOD_BAKED_FERRYCHERRYCHEESECAKE,ferrycherrycheesecake,!!CRAFT_BAKING,80006,80006,1024,!!BLDG_NAME_BAKERY,12,3600,21,1,80003,80007,10002,-1,-1,-1,1,1,6,-1,-1,-1,BakedItemStarted,BakedItemReady,ferrycherrycheesecake,999,n/a,n/a,n/a,0,n/a,n/a,n/a,0,-1,-1,-1,-1,-1,-1
61,!!FOOD_BAKED_KELPYCRUST,kelpycrust,!!CRAFT_BAKING,80007,80007,1024,!!BLDG_NAME_BAKERY,10,600,5,1,14,-1,-1,-1,-1,-1,5,-1,-1,-1,-1,-1,BakedItemStarted,BakedItemReady,kelpycrust,999,n/a,n/a,n/a,0,n/a,n/a,n/a,0,-1,-1,-1,-1,-1,-1
62,!!FOOD_BAKED_LIFESABEACHPEACHCOBBLER,lifesabeachpeachcobbler,!!CRAFT_BAKING,80008,80008,1024,!!BLDG_NAME_BAKERY,26,3600,21,1,80003,10007,-1,-1,-1,-1,4,4,-1,-1,-1,-1,BakedItemStarted,BakedItemReady,lifesabeachpeachcobbler,999,n/a,n/a,n/a,0,n/a,n/a,n/a,0,-1,-1,-1,-1,-1,-1
63,!!FOOD_BAKED_MAROONEDMACAROONS,maroonedmacaroons,!!CRAFT_BAKING,80009,80009,1024,!!BLDG_NAME_BAKERY,22,7200,21,1,10003,-1,-1,-1,-1,-1,6,-1,-1,-1,-1,-1,BakedItemStarted,BakedItemReady,maroonedmacaroons,999,n/a,n/a,n/a,0,n/a,n/a,n/a,0,-1,-1,-1,-1,-1,-1
64,!!FOOD_BAKED_MERINGUELEMANRAY,meringuelemanray,!!CRAFT_BAKING,80010,80010,1024,!!BLDG_NAME_BAKERY,22,21600,24,1,80007,10000,10004,10003,-1,-1,1,1,8,4,-1,-1,BakedItemStarted,BakedItemReady,meringuelemanray,999,n/a,n/a,n/a,0,n/a,n/a,n/a,0,-1,-1,-1,-1,-1,-1
65,!!FOOD_BAKED_PUFFERPASTRYTART,pufferpastrytart,!!CRAFT_BAKING,80011,80011,1024,!!BLDG_NAME_BAKERY,19,43200,42,1,80007,10004,10009,10005,-1,-1,1,2,1,2,-1,-1,BakedItemStarted,BakedItemReady,pufferpastrytart,999,n/a,n/a,n/a,0,n/a,n/a,n/a,0,-1,-1,-1,-1,-1,-1
66,!!FOOD_BAKED_SANDYSTEXASTWOBERRYTART,sandystexastwoberrytart,!!CRAFT_BAKING,80012,80012,1024,!!BLDG_NAME_BAKERY,10,21600,24,1,80007,10008,10009,-1,-1,-1,1,3,3,-1,-1,-1,BakedItemStarted,BakedItemReady,sandystexastwoberrytart,999,n/a,n/a,n/a,0,n/a,n/a,n/a,0,-1,-1,-1,-1,-1,-1
67,!!FOOD_BAKED_SEALIMEPIE,sealimepie,!!CRAFT_BAKING,80013,80013,1024,!!BLDG_NAME_BAKERY,19,7200,21,1,80007,10005,-1,-1,-1,-1,1,4,-1,-1,-1,-1,BakedItemStarted,BakedItemReady,sealimepie,999,n/a,n/a,n/a,0,n/a,n/a,n/a,0,-1,-1,-1,-1,-1,-1
68,!!FOOD_BAKED_SHELDONSSTRAWBERRYSHORTCAKE,sheldonsstrawberryshortcake,!!CRAFT_BAKING,80014,80014,1024,!!BLDG_NAME_BAKERY,10,43200,42,1,80015,10008,-1,-1,-1,-1,1,6,-1,-1,-1,-1,BakedItemStarted,BakedItemReady,sheldonsstrawberryshortcake,999,n/a,n/a,n/a,0,n/a,n/a,n/a,0,-1,-1,-1,-1,-1,-1
69,!!FOOD_BAKED_SPONGECAKESQUAREBAKE,spongecakesquarebake,!!CRAFT_BAKING,80015,80015,1024,!!BLDG_NAME_BAKERY,8,900,1,1,3,-1,-1,-1,-1,-1,25,-1,-1,-1,-1,-1,BakedItemStarted,BakedItemReady,spongecakesquarebake,999,n/a,n/a,n/a,0,n/a,n/a,n/a,0,-1,-1,-1,-1,-1,-1
70,!!FOOD_BAKED_THEAPPLEFANCYSON,theapplefancyson,!!CRAFT_BAKING,80016,80016,1024,!!BLDG_NAME_BAKERY,26,43200,42,1,80003,10001,10002,10005,10007,-1,4,8,1,2,2,-1,BakedItemStarted,BakedItemReady,theapplefancyson,999,n/a,n/a,n/a,0,n/a,n/a,n/a,0,-1,-1,-1,-1,-1,-1
71,!!FOOD_APPLE_CIDER,apple_cider,!!CRAFT_GROWING,9120,9120,1054,!!BLDG_NAME_JUICEBAR,14,32400,30,1,10001,9114,9111,9108,9110,-1,1,1,1,1,1,-1,GardenCropStarted,VeggieItemReady,apple_cider,10,n/a,n/a,n/a,1,n/a,n/a,n/a,1,-1,-1,-1,-1,-1,-1
72,!!FOOD_CRANBERRY_SAUCE,cranberry_sauce,!!CRAFT_GROWING,9122,9122,1054,!!BLDG_NAME_JUICEBAR,12,10800,23,1,10011,9107,-1,-1,-1,-1,3,1,-1,-1,-1,-1,GardenCropStarted,VeggieItemReady,cranberry_sauce,10,n/a,n/a,n/a,1,n/a,n/a,n/a,1,-1,-1,-1,-1,-1,-1
73,!!FOOD_HOT_CHOCOLATE,hot_chocolate,!!CRAFT_GROWING,9123,9123,1054,!!BLDG_NAME_JUICEBAR,13,14400,23,1,9109,9107,9108,9113,-1,-1,1,1,1,1,-1,-1,GardenCropStarted,VeggieItemReady,hot_chocolate,10,n/a,n/a,n/a,1,n/a,n/a,n/a,1,-1,-1,-1,-1,-1,-1
74,!!JUICE_APPLE,applejuice,!!CRAFT_GROWING,20000,20000,1054,!!BLDG_NAME_JUICEBAR,14,120,14,1,10001,-1,-1,-1,-1,-1,4,-1,-1,-1,-1,-1,GardenCropStarted,VeggieItemReady,applejuice,20,n/a,n/a,n/a,0,n/a,n/a,n/a,0,-1,-1,-1,-1,-1,-1
75,!!JUICE_LEMONADE,lemonade,!!CRAFT_GROWING,20001,20001,1054,!!BLDG_NAME_JUICEBAR,8,240,14,1,10004,-1,-1,-1,-1,-1,4,-1,-1,-1,-1,-1,GardenCropStarted,VeggieItemReady,lemonade,30,n/a,n/a,n/a,0,n/a,n/a,n/a,0,-1,-1,-1,-1,-1,-1
76,!!JUICE_LIMEADE,limeade,!!CRAFT_GROWING,20002,20002,1054,!!BLDG_NAME_JUICEBAR,8,480,14,1,10005,-1,-1,-1,-1,-1,4,-1,-1,-1,-1,-1,GardenCropStarted,VeggieItemReady,limeade,40,n/a,n/a,n/a,0,n/a,n/a,n/a,0,-1,-1,-1,-1,-1,-1
77,!!JUICE_ORANGE,orangejuice,!!CRAFT_GROWING,20003,20003,1054,!!BLDG_NAME_JUICEBAR,8,60,12,1,10006,-1,-1,-1,-1,-1,4,-1,-1,-1,-1,-1,GardenCropStarted,VeggieItemReady,orangejuice,10,n/a,n/a,n/a,1,n/a,n/a,n/a,0,-1,-1,-1,-1,-1,-1
78,!!JUICE_PEACHNECTAR,peachnectar,!!CRAFT_GROWING,20004,20004,1054,!!BLDG_NAME_JUICEBAR,26,900,18,1,10007,-1,-1,-1,-1,-1,4,-1,-1,-1,-1,-1,GardenCropStarted,VeggieItemReady,peachnectar,50,n/a,n/a,n/a,0,n/a,n/a,n/a,0,-1,-1,-1,-1,-1,-1
79,!!SMOOTHIE_BANANA_BREAKER,bananabreaker,!!CRAFT_GROWING,30000,30000,1054,!!BLDG_NAME_JUICEBAR,22,43200,45,1,10000,10003,-1,-1,-1,-1,2,2,-1,-1,-1,-1,GardenCropStarted,VeggieItemReady,bananabreaker,10,n/a,n/a,n/a,0,n/a,n/a,n/a,0,-1,-1,-1,-1,-1,-1
80,!!SMOOTHIE_BERRY_BLAST,berryblast,!!CRAFT_GROWING,30001,30001,1054,!!BLDG_NAME_JUICEBAR,8,14400,23,1,10008,10002,10009,-1,-1,-1,2,1,1,-1,-1,-1,GardenCropStarted,VeggieItemReady,berryblast,10,n/a,n/a,n/a,0,n/a,n/a,n/a,0,-1,-1,-1,-1,-1,-1
81,!!SMOOTHIE_CHERRY_SLURVEY,cherryslurvey,!!CRAFT_GROWING,30002,30002,1054,!!BLDG_NAME_JUICEBAR,8,3600,23,1,10002,-1,-1,-1,-1,-1,4,-1,-1,-1,-1,-1,GardenCropStarted,VeggieItemReady,cherryslurvey,10,n/a,n/a,n/a,0,n/a,n/a,n/a,0,-1,-1,-1,-1,-1,-1
82,!!SMOOTHIE_CHERRYADE_CHILLER,cherryadechiller,!!CRAFT_GROWING,30003,30003,1054,!!BLDG_NAME_JUICEBAR,12,1800,21,1,10002,20001,-1,-1,-1,-1,2,2,-1,-1,-1,-1,GardenCropStarted,VeggieItemReady,cherryadechiller,10,n/a,n/a,n/a,0,n/a,n/a,n/a,0,-1,-1,-1,-1,-1,-1
83,!!SMOOTHIE_CITRUS_SLURVEY,citrusslurvey,!!CRAFT_GROWING,30004,30004,1054,!!BLDG_NAME_JUICEBAR,8,21600,26,1,20003,20001,20002,-1,-1,-1,1,4,4,-1,-1,-1,GardenCropStarted,VeggieItemReady,citrusslurvey,10,n/a,n/a,n/a,0,n/a,n/a,n/a,0,-1,-1,-1,-1,-1,-1
84,!!SMOOTHIE_HANG_8,hang8,!!CRAFT_GROWING,30005,30005,1054,!!BLDG_NAME_JUICEBAR,22,900,18,1,20001,10003,20002,-1,-1,-1,3,2,3,-1,-1,-1,GardenCropStarted,VeggieItemReady,hang8,10,n/a,n/a,n/a,0,n/a,n/a,n/a,0,-1,-1,-1,-1,-1,-1
85,!!SMOOTHIE_LIQUID_COBBLER,liquidcobbler,!!CRAFT_GROWING,30006,30006,1054,!!BLDG_NAME_JUICEBAR,21,86400,50,1,10009,20004,-1,-1,-1,-1,3,3,-1,-1,-1,-1,GardenCropStarted,VeggieItemReady,liquidcobbler,10,n/a,n/a,n/a,0,n/a,n/a,n/a,0,-1,-1,-1,-1,-1,-1
86,!!SMOOTHIE_NANNAS_C_SERENADE,nannascsernade,!!CRAFT_GROWING,30007,30007,1054,!!BLDG_NAME_JUICEBAR,8,900,18,1,10000,20003,-1,-1,-1,-1,4,1,-1,-1,-1,-1,GardenCropStarted,VeggieItemReady,nannascsernade,10,n/a,n/a,n/a,0,n/a,n/a,n/a,0,-1,-1,-1,-1,-1,-1
87,!!SMOOTHIE_ORANGE_NUT,orangenut,!!CRAFT_GROWING,30008,30008,1054,!!BLDG_NAME_JUICEBAR,8,300,14,1,10006,20003,-1,-1,-1,-1,4,1,-1,-1,-1,-1,GardenCropStarted,VeggieItemReady,orangenut,10,n/a,n/a,n/a,0,n/a,n/a,n/a,0,-1,-1,-1,-1,-1,-1
88,!!SMOOTHIE_STRAWBERRY_SQUEEZE,strawberrysqueeze,!!CRAFT_GROWING,30009,30009,1054,!!BLDG_NAME_JUICEBAR,16,3600,23,1,10008,20001,-1,-1,-1,-1,2,2,-1,-1,-1,-1,GardenCropStarted,VeggieItemReady,straberrysqueeze,10,n/a,n/a,n/a,0,n/a,n/a,n/a,0,-1,-1,-1,-1,-1,-1
89,!!SMOOTHIE_STRAWNANA_TSUNAMI,strawnanatsunami,!!CRAFT_GROWING,30010,30010,1054,!!BLDG_NAME_JUICEBAR,8,1800,21,1,10000,10008,-1,-1,-1,-1,2,2,-1,-1,-1,-1,GardenCropStarted,VeggieItemReady,strawnanatsunami,10,n/a,n/a,n/a,0,n/a,n/a,n/a,0,-1,-1,-1,-1,-1,-1
90,!!SMOOTHIE_WANNANANA,wannanana,!!CRAFT_GROWING,30011,30011,1054,!!BLDG_NAME_JUICEBAR,8,300,14,1,10000,-1,-1,-1,-1,-1,4,-1,-1,-1,-1,-1,GardenCropStarted,VeggieItemReady,wannanana,10,n/a,n/a,n/a,0,n/a,n/a,n/a,0,-1,-1,-1,-1,-1,-1
91,!!FLOWERCORAL_BRANCHCORAL,branchcoral,!!CRAFT_GROWING,60000,60000,1055,!!BLDG_NAME_FLOWERSHOP,27,1800,4,1,3,-1,-1,-1,-1,-1,50,-1,-1,-1,-1,-1,FlowerItemStarted,FlowerItemReady,branchcoral,10,n/a,n/a,n/a,0,n/a,n/a,n/a,0,0,1,2,0.5,0.25,0.25
92,!!FLOWERCORAL_CUPCORAL,cupcoral,!!CRAFT_GROWING,60001,60001,1055,!!BLDG_NAME_FLOWERSHOP,27,900,3,1,3,-1,-1,-1,-1,-1,30,-1,-1,-1,-1,-1,FlowerItemStarted,FlowerItemReady,cupcoral,10,n/a,n/a,n/a,0,n/a,n/a,n/a,0,0,1,2,0.5,0.25,0.25
93,!!FLOWERCORAL_FLOWER,seaflower,!!CRAFT_GROWING,60002,60002,1055,!!BLDG_NAME_FLOWERSHOP,27,300,1,1,3,-1,-1,-1,-1,-1,20,-1,-1,-1,-1,-1,FlowerItemStarted,FlowerItemReady,seaflower,10,n/a,n/a,n/a,1,n/a,n/a,n/a,0,-1,-1,-1,-1,-1,-1
94,!!FLOWERCORAL_STINKYSEAROSE,stinkysearose,!!CRAFT_GROWING,60003,60003,1055,!!BLDG_NAME_FLOWERSHOP,27,3600,5,1,3,-1,-1,-1,-1,-1,100,-1,-1,-1,-1,-1,StinkyItemStarted,StinkyItemReady,stinkysearose,10,n/a,n/a,n/a,0,n/a,n/a,n/a,0,-1,-1,-1,-1,-1,-1
95,!!FLOWERCORAL_TUBECORAL,tubecoral,!!CRAFT_GROWING,60004,60004,1055,!!BLDG_NAME_FLOWERSHOP,27,2700,5,1,3,-1,-1,-1,-1,-1,80,-1,-1,-1,-1,-1,FlowerItemStarted,FlowerItemReady,tubecoral,10,n/a,n/a,n/a,0,n/a,n/a,n/a,0,0,1,2,0.5,0.25,0.25
96,!!BOUQUET_FLOWERCORAL_FRIENDLYFLOWER,friendlyflower,!!CRAFT_GROWING,60014,60014,1055,!!BLDG_NAME_FLOWERSHOP,27,1800,20,1,60002,-1,-1,-1,-1,-1,5,-1,-1,-1,-1,-1,FlowerItemStarted,FlowerItemReady,friendlyflower,10,n/a,n/a,n/a,1,n/a,n/a,n/a,0,-1,-1,-1,-1,-1,-1
97,!!BOUQUET_FLOWERCORAL_CUPN2FLOWERS,cupn2flowers,!!CRAFT_GROWING,60015,60015,1055,!!BLDG_NAME_FLOWERSHOP,27,7200,21,1,60001,60002,-1,-1,-1,-1,1,2,-1,-1,-1,-1,FlowerItemStarted,FlowerItemReady,cupn2flowers,10,n/a,n/a,n/a,0,n/a,n/a,n/a,0,-1,-1,-1,-1,-1,-1
98,!!BOUQUET_FLOWERCORAL_BUNCHOBRANCHES,bunchobranches,!!CRAFT_GROWING,60016,60016,1055,!!BLDG_NAME_FLOWERSHOP,27,3600,21,1,60000,-1,-1,-1,-1,-1,5,-1,-1,-1,-1,-1,FlowerItemStarted,FlowerItemReady,bunchobranches,10,n/a,n/a,n/a,0,n/a,n/a,n/a,0,-1,-1,-1,-1,-1,-1
99,!!BOUQUET_FLOWERCORAL_CUPCORALTREE,cupcoraltree,!!CRAFT_GROWING,60017,60017,1055,!!BLDG_NAME_FLOWERSHOP,27,43200,42,1,60000,60001,-1,-1,-1,-1,4,1,-1,-1,-1,-1,FlowerItemStarted,FlowerItemReady,cupcoraltree,10,n/a,n/a,n/a,0,n/a,n/a,n/a,0,-1,-1,-1,-1,-1,-1
100,!!BOUQUET_FLOWERCORAL_CORALPARADISE,coralparadise,!!CRAFT_GROWING,60018,60018,1055,!!BLDG_NAME_FLOWERSHOP,27,86400,46,1,60000,60001,60002,60004,-1,-1,1,1,1,2,-1,-1,FlowerItemStarted,FlowerItemReady,coralparadise,10,n/a,n/a,n/a,0,n/a,n/a,n/a,0,-1,-1,-1,-1,-1,-1
101,!!ICECREAM_BANANA,bananaicecream,!!CRAFT_GROWING,40000,40000,1056,!!BLDG_NAME_ICECREAMSHOP,23,600,17,1,10000,-1,-1,-1,-1,-1,4,-1,-1,-1,-1,-1,GardenCropStarted,VeggieItemReady,bananaicecream,10,n/a,n/a,n/a,0,n/a,n/a,n/a,0,-1,-1,-1,-1,-1,-1
102,!!ICECREAM_BANANA_SPLIT,bananasplit,!!CRAFT_GROWING,40001,40001,1056,!!BLDG_NAME_ICECREAMSHOP,23,600,17,1,10000,10002,40008,40007,40004,-1,1,1,1,1,1,-1,GardenCropStarted,VeggieItemReady,bananasplit,10,n/a,n/a,n/a,0,n/a,n/a,n/a,0,-1,-1,-1,-1,-1,-1
103,!!ICECREAM_BERRY_SCOOPS,berryscoops,!!CRAFT_GROWING,40002,40002,1056,!!BLDG_NAME_ICECREAMSHOP,23,300,13,1,10008,10002,10009,-1,-1,-1,2,1,1,-1,-1,-1,GardenCropStarted,VeggieItemReady,berryscoops,10,n/a,n/a,n/a,0,n/a,n/a,n/a,0,-1,-1,-1,-1,-1,-1
104,!!ICECREAM_CARAMEL,caramelicecream,!!CRAFT_GROWING,40003,40003,1056,!!BLDG_NAME_ICECREAMSHOP,23,300,1,1,3,-1,-1,-1,-1,-1,8,-1,-1,-1,-1,-1,GardenCropStarted,VeggieItemReady,caramelicecream,10,n/a,n/a,n/a,0,n/a,n/a,n/a,0,-1,-1,-1,-1,-1,-1
105,!!ICECREAM_CORAL_BITS,coralbitsicecream,!!CRAFT_GROWING,40004,40004,1056,!!BLDG_NAME_ICECREAMSHOP,25,900,17,1,40006,2001,-1,-1,-1,-1,2,4,-1,-1,-1,-1,GardenCropStarted,VeggieItemReady,coralbitsicecream,10,n/a,n/a,n/a,0,n/a,n/a,n/a,0,-1,-1,-1,-1,-1,-1
106,!!ICECREAM_LEMON_GELATO,lemongelato,!!CRAFT_GROWING,40005,40005,1056,!!BLDG_NAME_ICECREAMSHOP,23,900,17,1,10004,-1,-1,-1,-1,-1,4,-1,-1,-1,-1,-1,GardenCropStarted,VeggieItemReady,lemongelato,10,n/a,n/a,n/a,0,n/a,n/a,n/a,0,-1,-1,-1,-1,-1,-1
107,!!ICECREAM_SEASALT,seasalticecream,!!CRAFT_GROWING,40006,40006,1056,!!BLDG_NAME_ICECREAMSHOP,23,300,1,1,3,-1,-1,-1,-1,-1,8,-1,-1,-1,-1,-1,GardenCropStarted,VeggieItemReady,seasalticecream,10,n/a,n/a,n/a,1,n/a,n/a,n/a,0,-1,-1,-1,-1,-1,-1
108,!!ICECREAM_STRAWBERRY,strawberryicecream,!!CRAFT_GROWING,40007,40007,1056,!!BLDG_NAME_ICECREAMSHOP,23,600,17,1,10008,-1,-1,-1,-1,-1,4,-1,-1,-1,-1,-1,GardenCropStarted,VeggieItemReady,strawberryicecream,10,n/a,n/a,n/a,0,n/a,n/a,n/a,0,-1,-1,-1,-1,-1,-1
109,!!ICECREAM_VANILLA,vanillaicecream,!!CRAFT_GROWING,40008,40008,1056,!!BLDG_NAME_ICECREAMSHOP,25,600,17,1,2000,-1,-1,-1,-1,-1,4,-1,-1,-1,-1,-1,GardenCropStarted,VeggieItemReady,vanillaicecream,10,n/a,n/a,n/a,0,n/a,n/a,n/a,0,-1,-1,-1,-1,-1,-1
110,!!SHAKE_BANANAS_N_BITS,bananasnbits,!!CRAFT_GROWING,50000,50000,1056,!!BLDG_NAME_ICECREAMSHOP,32,86400,46,1,40000,40004,-1,-1,-1,-1,1,1,-1,-1,-1,-1,GardenCropStarted,VeggieItemReady,bananasnbits,10,n/a,n/a,n/a,0,n/a,n/a,n/a,0,-1,-1,-1,-1,-1,-1
111,!!SHAKE_BERRY_BLISS,berrybliss,!!CRAFT_GROWING,50001,50001,1056,!!BLDG_NAME_ICECREAMSHOP,25,21600,24,1,40002,-1,-1,-1,-1,-1,2,-1,-1,-1,-1,-1,GardenCropStarted,VeggieItemReady,berrybliss,10,n/a,n/a,n/a,0,n/a,n/a,n/a,0,-1,-1,-1,-1,-1,-1
112,!!SHAKE_CORAL_CRUSH,coralcrush,!!CRAFT_GROWING,50002,50002,1056,!!BLDG_NAME_ICECREAMSHOP,25,43200,42,1,40004,-1,-1,-1,-1,-1,2,-1,-1,-1,-1,-1,GardenCropStarted,VeggieItemReady,coralcrush,10,n/a,n/a,n/a,0,n/a,n/a,n/a,0,-1,-1,-1,-1,-1,-1
113,!!SHAKE_FRUTIY_BREEZE,fruitybreeze,!!CRAFT_GROWING,50003,50003,1056,!!BLDG_NAME_ICECREAMSHOP,24,1800,20,1,40000,40007,-1,-1,-1,-1,1,1,-1,-1,-1,-1,GardenCropStarted,VeggieItemReady,fruitybreeze,10,n/a,n/a,n/a,0,n/a,n/a,n/a,0,-1,-1,-1,-1,-1,-1
114,!!SHAKE_SALTY_BANANA,saltybanana,!!CRAFT_GROWING,50004,50004,1056,!!BLDG_NAME_ICECREAMSHOP,23,300,13,1,40006,40000,-1,-1,-1,-1,1,1,-1,-1,-1,-1,GardenCropStarted,VeggieItemReady,saltybanana,10,n/a,n/a,n/a,0,n/a,n/a,n/a,0,-1,-1,-1,-1,-1,-1
115,!!SHAKE_STRAWBERRY_RIPTIDE,strawberryriptide,!!CRAFT_GROWING,50005,50005,1056,!!BLDG_NAME_ICECREAMSHOP,23,900,17,1,40007,-1,-1,-1,-1,-1,2,-1,-1,-1,-1,-1,GardenCropStarted,VeggieItemReady,strawberryriptide,10,n/a,n/a,n/a,0,n/a,n/a,n/a,0,-1,-1,-1,-1,-1,-1
116,!!SHAKE_TARTBERRY_TWIST,tartberrytwist,!!CRAFT_GROWING,50006,50006,1056,!!BLDG_NAME_ICECREAMSHOP,28,10800,21,1,40007,40005,-1,-1,-1,-1,1,1,-1,-1,-1,-1,GardenCropStarted,VeggieItemReady,tartberrytwist,10,n/a,n/a,n/a,0,n/a,n/a,n/a,0,-1,-1,-1,-1,-1,-1
117,!!SHAKE_VANILLA_BLAST,vanillablast,!!CRAFT_GROWING,50007,50007,1056,!!BLDG_NAME_ICECREAMSHOP,26,3600,21,1,40008,-1,-1,-1,-1,-1,2,-1,-1,-1,-1,-1,GardenCropStarted,VeggieItemReady,vanillablast,10,n/a,n/a,n/a,0,n/a,n/a,n/a,0,-1,-1,-1,-1,-1,-1
118,!!PERFUME_4OFCUPS,4ofcups,!!CRAFT_GROWING,70000,70000,1057,!!BLDG_NAME_PERFUMESHOP,30,300,16,1,60001,-1,-1,-1,-1,-1,4,-1,-1,-1,-1,-1,PerfumeItemStarted,PerfumeItemReady,4ofcups,10,n/a,n/a,n/a,0,n/a,n/a,n/a,0,-1,-1,-1,-1,-1,-1
119,!!PERFUME_CAPSIZEFORHER,capsizeforher,!!CRAFT_GROWING,70001,70001,1057,!!BLDG_NAME_PERFUMESHOP,30,900,22,1,60002,60001,-1,-1,-1,-1,2,2,-1,-1,-1,-1,PerfumeItemStarted,PerfumeItemReady,capsizeforher,10,n/a,n/a,n/a,0,n/a,n/a,n/a,0,-1,-1,-1,-1,-1,-1
120,!!PERFUME_CAPSIZEFORHIM,capsizeforhim,!!CRAFT_GROWING,70002,70002,1057,!!BLDG_NAME_PERFUMESHOP,30,1800,25,1,60000,60003,-1,-1,-1,-1,3,1,-1,-1,-1,-1,PerfumeItemStarted,PerfumeItemReady,capsizeforhim,10,n/a,n/a,n/a,0,n/a,n/a,n/a,0,-1,-1,-1,-1,-1,-1
121,!!PERFUME_CORALBREEZE,coralbreeze,!!CRAFT_GROWING,70005,70005,1057,!!BLDG_NAME_PERFUMESHOP,30,3600,27,1,60002,60001,60000,-1,-1,-1,1,1,2,-1,-1,-1,PerfumeItemStarted,PerfumeItemReady,coralbreeze,10,n/a,n/a,n/a,0,n/a,n/a,n/a,0,-1,-1,-1,-1,-1,-1
122,!!PERFUME_FISHERMANSFLOWERS,fishermansflowers,!!CRAFT_GROWING,70006,70006,1057,!!BLDG_NAME_PERFUMESHOP,30,1800,25,1,60002,-1,-1,-1,-1,-1,4,-1,-1,-1,-1,-1,PerfumeItemStarted,PerfumeItemReady,fishermansflowers,10,n/a,n/a,n/a,1,n/a,n/a,n/a,0,-1,-1,-1,-1,-1,-1
123,!!PERFUME_LAMPREYAWAY,lampreyaway,!!CRAFT_GROWING,70007,70007,1057,!!BLDG_NAME_PERFUMESHOP,30,86400,59,1,2002,-1,-1,-1,-1,-1,4,-1,-1,-1,-1,-1,StinkyItemStarted,StinkyItemReady,lampreyaway,10,n/a,n/a,n/a,0,n/a,n/a,n/a,0,-1,-1,-1,-1,-1,-1
124,!!PERFUME_SCENTOSAILOR,scentosailor,!!CRAFT_GROWING,70008,70008,1057,!!BLDG_NAME_PERFUMESHOP,30,10800,27,1,60004,-1,-1,-1,-1,-1,4,-1,-1,-1,-1,-1,PerfumeItemStarted,PerfumeItemReady,scentosailor,10,n/a,n/a,n/a,0,n/a,n/a,n/a,0,-1,-1,-1,-1,-1,-1
125,!!PERFUME_SEASHANTY,seashanty,!!CRAFT_GROWING,70009,70009,1057,!!BLDG_NAME_PERFUMESHOP,30,21600,31,1,60003,-1,-1,-1,-1,-1,4,-1,-1,-1,-1,-1,StinkyItemStarted,StinkyItemReady,seashanty,10,n/a,n/a,n/a,0,n/a,n/a,n/a,0,-1,-1,-1,-1,-1,-1
126,!!PERFUME_THATSSOCORAL,thatssocoral,!!CRAFT_GROWING,70010,70010,1057,!!BLDG_NAME_PERFUMESHOP,30,21600,31,1,60000,60004,-1,-1,-1,-1,2,2,-1,-1,-1,-1,PerfumeItemStarted,PerfumeItemReady,thatssocoral,10,n/a,n/a,n/a,0,n/a,n/a,n/a,0,-1,-1,-1,-1,-1,-1
127,!!PERFUME_THEDUMP,thedump,!!CRAFT_GROWING,70011,70011,1057,!!BLDG_NAME_PERFUMESHOP,30,43200,54,1,60004,60003,-1,-1,-1,-1,2,2,-1,-1,-1,-1,StinkyItemStarted,StinkyItemReady,thedump,10,n/a,n/a,n/a,0,n/a,n/a,n/a,0,-1,-1,-1,-1,-1,-1
128,!!FOOD_LETTUCE,lettuce,!!CRAFT_GROWING,1000,8,1102,!!BLDG_NAME_SEEDSTORE,1,20,1,2,3,-1,-1,-1,-1,-1,3,-1,-1,-1,-1,-1,GardenCropStarted,SB_Lettuce,lettuce,10,lettuce_seed,lettuce_baby,lettuce_fullgrown,0,n/a,n/a,n/a,0,-1,-1,-1,-1,-1,-1
129,!!FOOD_ONION,onion,!!CRAFT_GROWING,1001,12,1102,!!BLDG_NAME_SEEDSTORE,6,120,1,2,3,-1,-1,-1,-1,-1,8,-1,-1,-1,-1,-1,GardenCropStarted,GardenCropReady,onion,10,onion_seed,onion_baby,onion_fullgrown,0,n/a,n/a,n/a,0,-1,-1,-1,-1,-1,-1
130,!!FOOD_POTATO,potato,!!CRAFT_GROWING,1002,13,1102,!!BLDG_NAME_SEEDSTORE,9,1200,4,2,3,-1,-1,-1,-1,-1,18,-1,-1,-1,-1,-1,GardenCropStarted,GardenCropReady,potato,10,potato_seed,potato_baby,potato_fullgrown,0,n/a,n/a,n/a,0,-1,-1,-1,-1,-1,-1
131,!!FOOD_TOMATO,tomato,!!CRAFT_GROWING,1003,10,1102,!!BLDG_NAME_SEEDSTORE,3,40,1,2,3,-1,-1,-1,-1,-1,2,-1,-1,-1,-1,-1,GardenCropStarted,SB_Tomato,tomato,10,tomato_seed,tomato_baby,tomato_fullgrown,0,n/a,n/a,n/a,0,-1,-1,-1,-1,-1,-1
132,!!FOOD_KELP,kelp,!!CRAFT_GROWING,1004,14,1102,!!BLDG_NAME_SEEDSTORE,1,600,2,2,3,-1,-1,-1,-1,-1,12,-1,-1,-1,-1,-1,GardenCropStarted,GardenCropReady,kelp,10,kelp_seed,kelp_baby,kelp_fullgrown,0,n/a,n/a,n/a,0,-1,-1,-1,-1,-1,-1
133,!!FOOD_VANILLA,vanilla,!!CRAFT_GROWING,2000,2000,1102,!!BLDG_NAME_SEEDSTORE,9,2400,5,2,3,-1,-1,-1,-1,-1,20,-1,-1,-1,-1,-1,GardenCropStarted,GardenCropReady,vanilla,10,potato_seed,potato_baby,potato_fullgrown,0,n/a,n/a,n/a,0,-1,-1,-1,-1,-1,-1
134,!!FOOD_CORALBITS,coralbits,!!CRAFT_GROWING,2001,2001,1102,!!BLDG_NAME_SEEDSTORE,1,0,1,2,-1,-1,-1,-1,-1,-1,-1,-1,-1,-1,-1,-1,GardenCropStarted,GardenCropReady,coralbits,10,potato_seed,potato_baby,potato_fullgrown,0,n/a,n/a,n/a,0,-1,-1,-1,-1,-1,-1
135,!!FOOD_GARLIC,garlic,!!CRAFT_GROWING,2002,2002,1102,!!BLDG_NAME_SEEDSTORE,9,2700,5,2,3,-1,-1,-1,-1,-1,25,-1,-1,-1,-1,-1,GardenCropStarted,GardenCropReady,garlic,10,potato_seed,potato_baby,potato_fullgrown,0,n/a,n/a,n/a,0,-1,-1,-1,-1,-1,-1
136,!!INGREDIENT_PEANUTS,peanuts,!!CRAFT_BAKING,9115,9115,1102,!!BLDG_NAME_SEEDSTORE,1,120,1,1,3,-1,-1,-1,-1,-1,8,-1,-1,-1,-1,-1,BakedItemStarted,BakedItemReady,peanuts,10,n/a,n/a,n/a,0,n/a,n/a,n/a,0,-1,-1,-1,-1,-1,-1
137,!!INGREDIENT_CORN,corn,!!CRAFT_GROWING,9200,9200,1102,!!BLDG_NAME_SEEDSTORE,1,300,1,2,3,-1,-1,-1,-1,-1,9,-1,-1,-1,-1,-1,GardenCropStarted,VeggieItemReady,corn,10,n/a,n/a,n/a,0,n/a,n/a,n/a,0,-1,-1,-1,-1,-1,-1
138,!!FOOD_STRAWBERRY,strawberry,!!CRAFT_GROWING,10008,10008,1102,!!BLDG_NAME_SEEDSTORE,8,1800,4,2,3,-1,-1,-1,-1,-1,15,-1,-1,-1,-1,-1,GardenCropStarted,VeggieItemReady,strawberry,10,n/a,n/a,n/a,0,n/a,n/a,n/a,0,-1,-1,-1,-1,-1,-1
139,!!FOOD_BLUEBERRY,blueberry,!!CRAFT_GROWING,10009,10009,1102,!!BLDG_NAME_SEEDSTORE,8,3600,5,2,3,-1,-1,-1,-1,-1,20,-1,-1,-1,-1,-1,GardenCropStarted,VeggieItemReady,blueberry,10,n/a,n/a,n/a,0,n/a,n/a,n/a,0,-1,-1,-1,-1,-1,-1
140,!!FOOD_RUSTYS_SPICY_SPACKLE_SAUCE,spicyspacklesauce,!!CRAFT_MAKING,9017,9017,9035,!!BLDG_NAME_RUSTYS_RIB_EYE,9,600,1,1,9002,9010,-1,-1,-1,-1,1,1,-1,-1,-1,-1,BakedItemStarted,BakedItemReady,spicyspacklesauce,10,n/a,n/a,n/a,0,n/a,n/a,n/a,0,-1,-1,-1,-1,-1,-1
141,!!FOOD_KRABBY_ON_RYE,krabbyonrye,!!CRAFT_MAKING,9013,9013,9035,!!BLDG_NAME_RUSTYS_RIB_EYE,9,30,1,1,90,9004,-1,-1,-1,-1,1,1,-1,-1,-1,-1,BakedItemStarted,BakedItemReady,krabbyonrye,10,n/a,n/a,n/a,0,n/a,n/a,n/a,0,-1,-1,-1,-1,-1,-1
142,!!FOOD_RUSTYS_RIBEYE_SANDWICH,ribeyesandwich,!!CRAFT_MAKING,9019,9019,9035,!!BLDG_NAME_RUSTYS_RIB_EYE,9,3600,48,1,9004,8,9014,-1,-1,-1,1,4,1,-1,-1,-1,BakedItemStarted,BakedItemReady,ribeyesandwich,10,n/a,n/a,n/a,0,n/a,n/a,n/a,0,-1,-1,-1,-1,-1,-1
143,!!FOOD_RUSTYS_RUSTY_ON_RYE,rustyonrye,!!CRAFT_MAKING,9016,9016,9035,!!BLDG_NAME_RUSTYS_RIB_EYE,9,3600,24,1,9004,9009,9010,-1,-1,-1,3,3,2,-1,-1,-1,BakedItemStarted,BakedItemReady,rustyonrye,10,n/a,n/a,n/a,0,n/a,n/a,n/a,0,-1,-1,-1,-1,-1,-1
144,!!FOOD_RUSTYS_BARK_CHOP_SANDWICH,barkchopsandwich,!!CRAFT_MAKING,9000,9000,9035,!!BLDG_NAME_RUSTYS_RIB_EYE,9,7200,21,1,9004,8,-1,-1,-1,-1,3,1,-1,-1,-1,-1,BakedItemStarted,BakedItemReady,barkchopsandwich,10,n/a,n/a,n/a,0,n/a,n/a,n/a,0,-1,-1,-1,-1,-1,-1
145,!!FOOD_RUSTYS_MESQUITE_RIBS,mesquiteribs,!!CRAFT_MAKING,9014,9014,9035,!!BLDG_NAME_RUSTYS_RIB_EYE,9,14400,24,1,9004,9007,9011,9002,-1,-1,2,1,1,1,-1,-1,BakedItemStarted,BakedItemReady,mesquiteribs,10,n/a,n/a,n/a,0,n/a,n/a,n/a,0,-1,-1,-1,-1,-1,-1
146,!!FOOD_RUSTYS_BARKING_BRISKET,barkingbrisket,!!CRAFT_MAKING,9001,9001,9035,!!BLDG_NAME_RUSTYS_RIB_EYE,9,21600,27,1,9004,9007,9011,-1,-1,-1,2,1,1,-1,-1,-1,BakedItemStarted,BakedItemReady,barkingbrisket,10,n/a,n/a,n/a,0,n/a,n/a,n/a,0,-1,-1,-1,-1,-1,-1
147,!!FOOD_RUSTYS_SPLINTERED_SLAW,splinteredslaw,!!CRAFT_MAKING,9018,9018,9035,!!BLDG_NAME_RUSTYS_RIB_EYE,9,28800,40,1,9004,9017,-1,-1,-1,-1,1,2,-1,-1,-1,-1,BakedItemStarted,BakedItemReady,splinteredslaw,10,n/a,n/a,n/a,0,n/a,n/a,n/a,0,-1,-1,-1,-1,-1,-1
148,!!FOOD_RUSTYS_PULLED_PULP_SANDWICH,pulledpulpsandwich,!!CRAFT_MAKING,9015,9015,9035,!!BLDG_NAME_RUSTYS_RIB_EYE,9,43200,48,1,9004,9002,-1,-1,-1,-1,1,1,-1,-1,-1,-1,BakedItemStarted,BakedItemReady,pulledpulpsandwich,10,n/a,n/a,n/a,0,n/a,n/a,n/a,0,-1,-1,-1,-1,-1,-1
149,!!FOOD_EYEBALLS,eyeballs,!!CRAFT_MAKING,9023,9023,9035,!!BLDG_NAME_RUSTYS_RIB_EYE,9,86400,53,1,9021,9022,9006,9007,9009,-1,4,1,1,1,1,-1,BakedItemStarted,BakedItemReady,eyeballs,10,n/a,n/a,n/a,0,n/a,n/a,n/a,0,-1,-1,-1,-1,-1,-1
150,!!FOOD_HOLIDAY_CHEER,rez_holiday_cheer,!!CRAFT_BAKING,9100,9100,9042,!!BLDG_NAME_ELF_APARTMENTS,1,30,1,1,3,-1,-1,-1,-1,-1,1,-1,-1,-1,-1,-1,BakedItemStarted,BakedItemReady,holiday_cheer,10,n/a,n/a,n/a,0,n/a,n/a,n/a,1,-1,-1,-1,-1,-1,-1
151,!!INGREDIENT_SALT,salt,!!CRAFT_BAKING,9008,9008,9045,!!BLDG_NAME_SPICE_SHACK,1,30,1,1,3,-1,-1,-1,-1,-1,10,-1,-1,-1,-1,-1,BakedItemStarted,BakedItemReady,toast,10,n/a,n/a,n/a,0,n/a,n/a,n/a,0,-1,-1,-1,-1,-1,-1
152,!!INGREDIENT_SUGAR,sugar,!!CRAFT_BAKING,9107,9107,9045,!!BLDG_NAME_SPICE_SHACK,1,30,1,1,3,-1,-1,-1,-1,-1,2,-1,-1,-1,-1,-1,BakedItemStarted,BakedItemReady,sugar,10,n/a,n/a,n/a,0,n/a,n/a,n/a,0,-1,-1,-1,-1,-1,-1
153,!!INGREDIENT_CINNAMON,cinnamon,!!CRAFT_BAKING,9108,9108,9045,!!BLDG_NAME_SPICE_SHACK,1,30,1,1,3,-1,-1,-1,-1,-1,2,-1,-1,-1,-1,-1,BakedItemStarted,BakedItemReady,cinnamon,10,n/a,n/a,n/a,0,n/a,n/a,n/a,0,-1,-1,-1,-1,-1,-1
154,!!INGREDIENT_CLOVES,cloves,!!CRAFT_BAKING,9110,9110,9045,!!BLDG_NAME_SPICE_SHACK,1,30,1,1,3,-1,-1,-1,-1,-1,2,-1,-1,-1,-1,-1,BakedItemStarted,BakedItemReady,cloves,10,n/a,n/a,n/a,0,n/a,n/a,n/a,0,-1,-1,-1,-1,-1,-1
155,!!INGREDIENT_GINGER,ginger,!!CRAFT_BAKING,9111,9111,9045,!!BLDG_NAME_SPICE_SHACK,1,30,1,1,3,-1,-1,-1,-1,-1,2,-1,-1,-1,-1,-1,BakedItemStarted,BakedItemReady,ginger,10,n/a,n/a,n/a,0,n/a,n/a,n/a,0,-1,-1,-1,-1,-1,-1
156,!!INGREDIENT_NUTMEG,nutmeg,!!CRAFT_BAKING,9114,9114,9045,!!BLDG_NAME_SPICE_SHACK,1,30,1,1,3,-1,-1,-1,-1,-1,2,-1,-1,-1,-1,-1,BakedItemStarted,BakedItemReady,nutmeg,10,n/a,n/a,n/a,0,n/a,n/a,n/a,0,-1,-1,-1,-1,-1,-1
157,!!INGREDIENT_PEPPERMINT,peppermint,!!CRAFT_BAKING,9116,9116,9045,!!BLDG_NAME_SPICE_SHACK,1,30,1,1,3,-1,-1,-1,-1,-1,2,-1,-1,-1,-1,-1,BakedItemStarted,BakedItemReady,peppermint,10,n/a,n/a,n/a,0,n/a,n/a,n/a,0,-1,-1,-1,-1,-1,-1
158,!!INGREDIENT_VANILLA,vanilla,!!CRAFT_BAKING,9117,9117,9045,!!BLDG_NAME_SPICE_SHACK,1,30,1,1,3,-1,-1,-1,-1,-1,2,-1,-1,-1,-1,-1,BakedItemStarted,BakedItemReady,vanilla,10,n/a,n/a,n/a,0,n/a,n/a,n/a,0,-1,-1,-1,-1,-1,-1
159,!!INGREDIENT_WHIPPED_CREAM,whipped_cream,!!CRAFT_BAKING,9118,9118,9046,!!BLDG_NAME_TREAT_SHOP,13,900,1,1,3,-1,-1,-1,-1,-1,25,-1,-1,-1,-1,-1,BakedItemStarted,BakedItemReady,whipped_cream,10,n/a,n/a,n/a,0,n/a,n/a,n/a,0,-1,-1,-1,-1,-1,-1
160,!!FOOD_PEANUT_BRITTLE,peanut_brittle,!!CRAFT_BAKING,9103,9103,9046,!!BLDG_NAME_TREAT_SHOP,13,7200,15,1,9008,9107,9115,-1,-1,-1,1,1,2,-1,-1,-1,BakedItemStarted,BakedItemReady,peanut_brittle,10,n/a,n/a,n/a,0,n/a,n/a,n/a,1,-1,-1,-1,-1,-1,-1
161,!!INGREDIENT_CHOCOLATE,cocoa_brick,!!CRAFT_BAKING,9109,9109,9046,!!BLDG_NAME_TREAT_SHOP,1,30,1,1,3,-1,-1,-1,-1,-1,5,-1,-1,-1,-1,-1,BakedItemStarted,BakedItemReady,chocolate,10,n/a,n/a,n/a,0,n/a,n/a,n/a,0,-1,-1,-1,-1,-1,-1
162,!!INGREDIENT_ICING,icing,!!CRAFT_BAKING,9112,9112,9046,!!BLDG_NAME_TREAT_SHOP,13,60,1,1,3,-1,-1,-1,-1,-1,10,-1,-1,-1,-1,-1,BakedItemStarted,BakedItemReady,icing,10,n/a,n/a,n/a,0,n/a,n/a,n/a,0,-1,-1,-1,-1,-1,-1
163,!!INGREDIENT_MARSHMALLOW,marshmallow,!!CRAFT_BAKING,9113,9113,9046,!!BLDG_NAME_TREAT_SHOP,13,600,1,1,3,-1,-1,-1,-1,-1,20,-1,-1,-1,-1,-1,BakedItemStarted,BakedItemReady,marshmallow,10,n/a,n/a,n/a,0,n/a,n/a,n/a,0,-1,-1,-1,-1,-1,-1
164,!!FOOD_CANDY_CANE,candy_cane,!!CRAFT_BAKING,9124,9124,9046,!!BLDG_NAME_TREAT_SHOP,13,36000,25,1,9107,9116,-1,-1,-1,-1,1,1,-1,-1,-1,-1,BakedItemStarted,BakedItemReady,candy_cane,10,n/a,n/a,n/a,1,n/a,n/a,n/a,1,-1,-1,-1,-1,-1,-1
165,!!FOOD_ENGLISH_TOFFEE,english_toffee,!!CRAFT_BAKING,9125,9125,9046,!!BLDG_NAME_TREAT_SHOP,13,28800,20,1,9107,9115,9109,-1,-1,-1,1,1,1,-1,-1,-1,BakedItemStarted,BakedItemReady,english_toffee,10,n/a,n/a,n/a,1,n/a,n/a,n/a,1,-1,-1,-1,-1,-1,-1
166,!!FOOD_FUDGE,fudge,!!CRAFT_BAKING,9126,9126,9046,!!BLDG_NAME_TREAT_SHOP,13,25200,17,1,9008,9107,9117,9115,9109,9113,1,1,1,1,1,1,BakedItemStarted,BakedItemReady,fudge,10,n/a,n/a,n/a,1,n/a,n/a,n/a,1,-1,-1,-1,-1,-1,-1
167,!!FOOD_SUGAR_PLUM,sugar_plum,!!CRAFT_BAKING,9127,9127,9046,!!BLDG_NAME_TREAT_SHOP,13,86400,33,1,10011,9107,9108,9110,9115,-1,1,1,1,1,1,-1,BakedItemStarted,BakedItemReady,sugar_plum,10,n/a,n/a,n/a,1,n/a,n/a,n/a,1,-1,-1,-1,-1,-1,-1
168,!!FOOD_CHOCOLATES,chocolates,!!CRAFT_MAKING,9201,9201,9046,!!BLDG_NAME_TREAT_SHOP,1,30,5,1,9109,-1,-1,-1,-1,-1,1,-1,-1,-1,-1,-1,GardenCropStarted,VeggieItemReady,chocolates,10,n/a,n/a,n/a,1,n/a,n/a,n/a,1,-1,-1,-1,-1,-1,-1
169,!!FOOD_TRUFFLES,truffles,!!CRAFT_MAKING,9203,9203,9046,!!BLDG_NAME_TREAT_SHOP,13,7200,15,1,9109,9115,9116,-1,-1,-1,1,1,1,-1,-1,-1,BakedItemStarted,BakedItemReady,truffles,10,n/a,n/a,n/a,1,n/a,n/a,n/a,1,-1,-1,-1,-1,-1,-1
170,!!FOOD_COTTON_CANDY,cotton_candy,!!CRAFT_MAKING,9204,9204,9046,!!BLDG_NAME_TREAT_SHOP,13,14400,15,1,9107,-1,-1,-1,-1,-1,3,-1,-1,-1,-1,-1,BakedItemStarted,BakedItemReady,cotton_candy,10,n/a,n/a,n/a,1,n/a,n/a,n/a,1,-1,-1,-1,-1,-1,-1
171,!!FOOD_CANDY_HEART_ON_STICK,candy_heart_on_stick,!!CRAFT_MAKING,9205,9205,9046,!!BLDG_NAME_TREAT_SHOP,13,21600,17,1,9107,9108,-1,-1,-1,-1,1,1,-1,-1,-1,-1,BakedItemStarted,BakedItemReady,candy_heart_on_stick,10,n/a,n/a,n/a,1,n/a,n/a,n/a,1,-1,-1,-1,-1,-1,-1
172,!!FOOD_BANANA,banana,!!CRAFT_GROWING,10000,10000,10000,!!TREE_NAME_BANANA,8,0,1,2,-1,-1,-1,-1,-1,-1,-1,-1,-1,-1,-1,-1,GardenCropStarted,VeggieItemReady,banana,10,n/a,n/a,n/a,0,n/a,n/a,n/a,0,-1,-1,-1,-1,-1,-1
173,!!FOOD_APPLE,apple,!!CRAFT_GROWING,10001,10001,10001,!!TREE_NAME_APPLE,14,0,1,2,-1,-1,-1,-1,-1,-1,-1,-1,-1,-1,-1,-1,GardenCropStarted,VeggieItemReady,apple,10,n/a,n/a,n/a,0,n/a,n/a,n/a,0,-1,-1,-1,-1,-1,-1
174,!!FOOD_CHERRY,cherry,!!CRAFT_GROWING,10002,10002,10002,!!TREE_NAME_CHERRY,12,0,1,2,-1,-1,-1,-1,-1,-1,-1,-1,-1,-1,-1,-1,GardenCropStarted,VeggieItemReady,cherry,10,n/a,n/a,n/a,0,n/a,n/a,n/a,0,-1,-1,-1,-1,-1,-1
175,!!FOOD_COCONUT,coconut,!!CRAFT_GROWING,10003,10003,10003,!!TREE_NAME_COCONUT,22,0,1,2,-1,-1,-1,-1,-1,-1,-1,-1,-1,-1,-1,-1,GardenCropStarted,VeggieItemReady,coconut,10,n/a,n/a,n/a,0,n/a,n/a,n/a,0,-1,-1,-1,-1,-1,-1
176,!!FOOD_LEMON,lemon,!!CRAFT_GROWING,10004,10004,10004,!!TREE_NAME_LEMON,17,0,1,2,-1,-1,-1,-1,-1,-1,-1,-1,-1,-1,-1,-1,GardenCropStarted,VeggieItemReady,lemon,10,n/a,n/a,n/a,0,n/a,n/a,n/a,0,-1,-1,-1,-1,-1,-1
177,!!FOOD_LIME,lime,!!CRAFT_GROWING,10005,10005,10005,!!TREE_NAME_LIME,19,0,1,2,-1,-1,-1,-1,-1,-1,-1,-1,-1,-1,-1,-1,GardenCropStarted,VeggieItemReady,lime,10,n/a,n/a,n/a,0,n/a,n/a,n/a,0,-1,-1,-1,-1,-1,-1
178,!!FOOD_ORANGE,orange,!!CRAFT_GROWING,10006,10006,10006,!!TREE_NAME_ORANGE,6,0,1,2,-1,-1,-1,-1,-1,-1,-1,-1,-1,-1,-1,-1,GardenCropStarted,VeggieItemReady,orange,10,n/a,n/a,n/a,0,n/a,n/a,n/a,0,-1,-1,-1,-1,-1,-1
179,!!FOOD_PEACH,peach,!!CRAFT_GROWING,10007,10007,10007,!!TREE_NAME_PEACH,26,0,1,2,-1,-1,-1,-1,-1,-1,-1,-1,-1,-1,-1,-1,GardenCropStarted,VeggieItemReady,peach,10,n/a,n/a,n/a,0,n/a,n/a,n/a,0,-1,-1,-1,-1,-1,-1
180,!!FOOD_CHESTNUT,chestnut,!!CRAFT_GROWING,10010,10010,10010,!!TREE_NAME_CHESTNUT,8,0,1,2,-1,-1,-1,-1,-1,-1,-1,-1,-1,-1,-1,-1,GardenCropStarted,VeggieItemReady,chestnut,10,n/a,n/a,n/a,0,n/a,n/a,n/a,0,-1,-1,-1,-1,-1,-1
181,!!FOOD_CRANBERRY,cranberry,!!CRAFT_GROWING,10011,10011,10011,!!TREE_NAME_CRANBERRY,8,0,1,2,-1,-1,-1,-1,-1,-1,-1,-1,-1,-1,-1,-1,GardenCropStarted,VeggieItemReady,cranberry,10,n/a,n/a,n/a,0,n/a,n/a,n/a,0,-1,-1,-1,-1,-1,-1
182,!!INGREDIENT_CAN,can,!!CRAFT_MAKING,9300,9300,20400,!!BLDG_NAME_WHOLEBROWFOODS,36,10,1,3,3,-1,-1,-1,-1,-1,10,-1,-1,-1,-1,-1,SoupItemStarted,SoupItemReady,can,10,n/a,n/a,n/a,0,n/a,n/a,n/a,0,-1,-1,-1,-1,-1,-1
183,!!INGREDIENT_MILK,milk,!!CRAFT_MAKING,9301,9301,20400,!!BLDG_NAME_WHOLEBROWFOODS,36,20,1,2,3,-1,-1,-1,-1,-1,13,-1,-1,-1,-1,-1,SoupItemStarted,SoupItemReady,milk,10,n/a,n/a,n/a,0,n/a,n/a,n/a,0,-1,-1,-1,-1,-1,-1
184,!!FOOD_CANNED_MILK,canned_milk,!!CRAFT_MAKING,9302,9302,20400,!!BLDG_NAME_WHOLEBROWFOODS,36,30,8,1,9300,9301,-1,-1,-1,-1,1,1,-1,-1,-1,-1,SoupItemStarted,SoupItemReady,canned_milk,10,n/a,n/a,n/a,0,n/a,n/a,n/a,0,-1,-1,-1,-1,-1,-1
185,!!FOOD_CANNED_BREAD,canned_bread,!!CRAFT_MAKING,9303,9303,20400,!!BLDG_NAME_WHOLEBROWFOODS,36,30,8,1,9300,93,-1,-1,-1,-1,1,8,-1,-1,-1,-1,SoupItemStarted,SoupItemReady,canned_bread,10,n/a,n/a,n/a,0,n/a,n/a,n/a,0,-1,-1,-1,-1,-1,-1
186,!!FOOD_SQUIDFLAKES,squidflakes,!!CRAFT_MAKING,9304,9304,20400,!!BLDG_NAME_WHOLEBROWFOODS,36,60,12,1,9200,9300,9301,-1,-1,-1,1,1,1,-1,-1,-1,SoupItemStarted,SoupItemReady,squidflakes,10,n/a,n/a,n/a,0,n/a,n/a,n/a,0,-1,-1,-1,-1,-1,-1
187,!!INGREDIENT_CHUM_CHUNKS,chum_chunks,!!CRAFT_MAKING,9500,9500,1059,!!BLDG_NAME_CHUMINATOR,1,1800,1,3,3,-1,-1,-1,-1,-1,60,-1,-1,-1,-1,-1,StinkyItemStarted,StinkyItemReady,chum_chunks,10,n/a,n/a,n/a,0,n/a,n/a,n/a,0,-1,-1,-1,-1,-1,-1
188,!!INGREDIENT_CHUM_PATTY,chum_patty,!!CRAFT_MAKING,9501,9501,1058,!!BLDG_NAME_CHUMBUCKET,1,3600,1,1,9500,-1,-1,-1,-1,-1,1,-1,-1,-1,-1,-1,StinkyItemStarted,StinkyItemReady,chum_patty,10,n/a,n/a,n/a,0,n/a,n/a,n/a,0,-1,-1,-1,-1,-1,-1
189,!!INGREDIENT_CHUM_SLURRY,chum_slurry,!!CRAFT_MAKING,9502,9502,1059,!!BLDG_NAME_CHUMINATOR,1,7200,2,1,3,-1,-1,-1,-1,-1,30,-1,-1,-1,-1,-1,StinkyItemStarted,StinkyItemReady,chum_slurry,10,n/a,n/a,n/a,0,n/a,n/a,n/a,0,-1,-1,-1,-1,-1,-1
190,!!INGREDIENT_CHUM_GREASE,chum_grease,!!CRAFT_MAKING,9503,9503,1059,!!BLDG_NAME_CHUMINATOR,1,14400,4,1,3,-1,-1,-1,-1,-1,25,-1,-1,-1,-1,-1,StinkyItemStarted,StinkyItemReady,chum_grease,10,n/a,n/a,n/a,0,n/a,n/a,n/a,0,-1,-1,-1,-1,-1,-1
191,!!FOOD_CHUM_SHAKE,chum_shake,!!CRAFT_MAKING,9504,9504,1058,!!BLDG_NAME_CHUMBUCKET,1,3600,1,1,9502,-1,-1,-1,-1,-1,1,-1,-1,-1,-1,-1,SoupItemStarted,SoupItemReady,chum_shake,10,n/a,n/a,n/a,0,n/a,n/a,n/a,0,-1,-1,-1,-1,-1,-1
192,!!FOOD_CHUM_BURGER,chum_burger,!!CRAFT_MAKING,9505,9505,1058,!!BLDG_NAME_CHUMBUCKET,1,7200,2,1,9501,6,-1,-1,-1,-1,1,1,-1,-1,-1,-1,Global_GrilledItemStarted,Global_GrilledItemReady,chum_burger,10,n/a,n/a,n/a,0,n/a,n/a,n/a,0,-1,-1,-1,-1,-1,-1
193,!!FOOD_CHUM_FRIES,chum_fries,!!CRAFT_MAKING,9506,9506,1058,!!BLDG_NAME_CHUMBUCKET,1,14400,4,1,9503,13,9007,-1,-1,-1,1,2,1,-1,-1,-1,FriedItemStarted,FriedItemReady,chum_fries,10,n/a,n/a,n/a,0,n/a,n/a,n/a,0,-1,-1,-1,-1,-1,-1
194,!!FOOD_CHUMBALAYA,chumbalaya,!!CRAFT_MAKING,9507,9507,1058,!!BLDG_NAME_CHUMBUCKET,1,21600,6,1,9500,9503,13,-1,-1,-1,2,1,1,-1,-1,-1,SoupItemStarted,SoupItemReady,chumbalaya,10,n/a,n/a,n/a,0,n/a,n/a,n/a,0,-1,-1,-1,-1,-1,-1
195,!!FOOD_CHUM_CHILI,chum_chili,!!CRAFT_MAKING,9508,9508,1058,!!BLDG_NAME_CHUMBUCKET,1,28800,8,1,9500,9502,9002,-1,-1,-1,3,1,1,-1,-1,-1,SoupItemStarted,SoupItemReady,chum_chili,10,n/a,n/a,n/a,0,n/a,n/a,n/a,0,-1,-1,-1,-1,-1,-1
196,!!FOOD_CHUM_PIE,chum_pie,!!CRAFT_MAKING,9509,9509,1058,!!BLDG_NAME_CHUMBUCKET,1,43200,12,1,9500,9502,9106,-1,-1,-1,3,1,2,-1,-1,-1,BakedItemStarted,BakedItemReady,chum_pie,10,n/a,n/a,n/a,0,n/a,n/a,n/a,0,-1,-1,-1,-1,-1,-1
197,!!FOOD_CHUM_STICK,chum_stick,!!CRAFT_MAKING,9510,9510,1058,!!BLDG_NAME_CHUMBUCKET,1,86400,24,1,9502,9004,-1,-1,-1,-1,2,1,-1,-1,-1,-1,Global_GrilledItemStarted,Global_GrilledItemReady,chum_stick,10,n/a,n/a,n/a,0,n/a,n/a,n/a,0,-1,-1,-1,-1,-1,-1
198,!!FOOD_KRABBY_KLONE,krabby_klone,!!CRAFT_MAKING,9511,9511,1058,!!BLDG_NAME_CHUMBUCKET,1,86400,24,1,6,8,12,10,9501,94,1,1,1,1,1,1,KP_GrilledItemStarted,KP_GrilledItemReady,krabby_klone,10,n/a,n/a,n/a,0,SB_KrabbyPatty,Silence,Silence,0,-1,-1,-1,-1,-1,-1
