i:ID,s:Name,i:DID,i:Reward Gold,i:Reward XP,i:Fullness Time,f:Jelly Conversion,i:Consumable,s:Type,i:Special Currency HUD Display,i:Currency Display Quest Trigger,s:Texture,i:Ignore Wish Duration,i:Force Wish Match,i:Force No Wish Payout,i:Expected Order,i:Max Amount,s:Tag,s:Tap Sound,s:Collected Sound,s:Eaten Sound,i:Micro Event DID
empty,,,,,,,,,,,,,,,,,,,,,
2,!!RESOURCE_JJ,2,-1,-1,-1,1,0,hard_currency,0,-1,IconJellyfishJelly.png,0,0,0,-1,9999999,rez_jj,TapFallenItem,JellyFishJuiceCollected,JellyFishJuiceEaten,-1
3,!!RESOURCE_MONEY,3,-1,-1,-1,250,0,soft_currency,0,-1,IconMoney_1.png,0,0,0,-1,9999999,rez_gold,TapFallenItem,MoneyCollected,MoneyEaten,-1
4,!!RESOURCE_LEVEL,4,-1,-1,-1,0.001,0,level,0,-1,n/a,0,0,0,-1,35,rez_level,n/a,n/a,n/a,-1
5,!!RESOURCE_XP,5,-1,-1,-1,0.001,0,xp,0,-1,IconXP_1.png,0,0,0,-1,9999999,rez_xp,TapFallenItem,XPCollected,n/a,-1
6,!!RESOURCE_ECTOPLASM,51,-1,-1,-1,1,0,halloween_currency,0,-1,IconEctoplasm.png,0,0,0,-1,9999999,rez_ecto,TapFallenItem,JellyFishJuiceCollected,JellyFishJuiceEaten,-1
7,!!RESOURCE_TOYS,52,-1,-1,-1,1,0,christmas_currency,0,-1,ChristmasCoins_ThinBranches_Origin.png,0,0,0,-1,9999999,rez_toy,TapFallenItem,ChristmasCurrencyCollected,JellyFishJuiceEaten,-1
8,!!RESOURCE_HEARTS,53,-1,-1,-1,10,0,valentines_currency,0,-1,valentine_heartIcon.png,0,0,0,-1,9999999,rez_hearts,TapFallenItem,ChristmasCurrencyCollected,JellyFishJuiceEaten,-1
9,!!RESOURCE_SQUILLIAMS,54,-1,-1,-1,10,0,squilliams_currency,0,-1,GildedDoorknobs_scaled.png,0,0,0,-1,9999999,rez_squilliams,TapFallenItem,ChristmasCurrencyCollected,JellyFishJuiceEaten,-1
10,!!RESOURCE_BONES,55,-1,-1,-1,10,0,halloween_bones_currency,0,-1,Bones.png,0,0,0,-1,9999999,rez_bones,TapFallenItem,ChristmasCurrencyCollected,JellyFishJuiceEaten,-1
11,!!RESOURCE_BOTTLES,56,-1,-1,-1,10,0,christmas_bottles_currency,0,2826,HolidayWishes_UI.png,0,0,0,-1,9999999,rez_bottles,TapFallenItem,ChristmasCurrencyCollected,JellyFishJuiceEaten,-1
12,!!RESOURCE_HEARTS_2015,57,-1,-1,-1,10,0,valentines_2015_currency,0,3100,valentine_heartIcon.png,0,0,0,-1,9999999,rez_hearts_2015,TapFallenItem,ChristmasCurrencyCollected,JellyFishJuiceEaten,-1
13,!!INGREDIENT_BBQ_SAUCE,9002,15,1,-1,0.1112,0,n/a,0,-1,BarbecueSauce.png,0,0,0,170,-1,rez_bbq_sauce,n/a,GardenCropCollected,GardenCropEaten,-1
14,!!INGREDIENT_CHOCOLATE,9109,10,1,-1,0.5,0,n/a,0,-1,sb_item_chocolate.png,0,0,0,14,-1,cocoa_brick,n/a,GardenCropCollected,GardenCropEaten,-1
15,!!INGREDIENT_CINNAMON,9108,7,1,-1,0.5,0,n/a,0,-1,sb_item_cinnamon.png,0,0,0,14,-1,cinnamon,n/a,GardenCropCollected,GardenCropEaten,-1
16,!!INGREDIENT_CLOVES,9110,7,1,-1,0.5,0,n/a,0,-1,sb_item_cloves.png,0,0,0,14,-1,cloves,n/a,GardenCropCollected,GardenCropEaten,-1
17,!!INGREDIENT_CORN,9200,32,1,-1,0.5,0,n/a,0,-1,valentines_Ready_Corn.png,0,0,0,14,-1,corn,n/a,GardenCropCollected,GardenCropEaten,-1
18,!!INGREDIENT_CRANBERRIES,10011,15,1,-1,0.11112,0,n/a,0,-1,sb_item_cranberries.png,0,0,0,999,-1,rez_cranberry,n/a,GardenCropCollected,GardenCropEaten,-1
19,!!INGREDIENT_DISTILLED_VINEGAR,9003,15,1,-1,0.1112,0,n/a,0,-1,DistilledVinegar.png,0,0,0,170,-1,rez_distilled_vinegar,n/a,GardenCropCollected,GardenCropEaten,-1
20,!!INGREDIENT_DOUGH,9106,19,1,-1,0.5,0,n/a,0,-1,sb_item_dough.png,0,0,0,14,-1,dough,n/a,GardenCropCollected,GardenCropEaten,-1
21,!!INGREDIENT_GINGER,9111,7,1,-1,0.5,0,n/a,0,-1,sb_item_ginger.png,0,0,0,14,-1,ginger,n/a,GardenCropCollected,GardenCropEaten,-1
22,!!INGREDIENT_ICING,9112,20,1,-1,0.5,0,n/a,0,-1,sb_item_icing.png,0,0,0,14,-1,icing,n/a,GardenCropCollected,GardenCropEaten,-1
23,!!INGREDIENT_MARSHMALLOW,9113,52,1,-1,0.5,0,n/a,0,-1,sb_item_marshmallow.png,0,0,0,14,-1,marshmallow,n/a,GardenCropCollected,GardenCropEaten,-1
24,!!INGREDIENT_MUSTARD_SEED,9005,15,1,-1,0.1112,0,n/a,0,-1,MustardSeed.png,0,0,0,170,-1,rez_mustard_seed,n/a,GardenCropCollected,GardenCropEaten,-1
25,!!INGREDIENT_NATURAL_FLAVORS,9006,15,1,-1,0.1112,0,n/a,0,-1,NaturalFlavors.png,0,0,0,170,-1,rez_natural_flavors,n/a,GardenCropCollected,GardenCropEaten,-1
26,!!INGREDIENT_NUTMEG,9114,7,1,-1,0.5,0,n/a,0,-1,sb_item_nutmeg.png,0,0,0,14,-1,nutmeg,n/a,GardenCropCollected,GardenCropEaten,-1
27,!!INGREDIENT_PAPRIKA,9007,15,1,-1,0.1112,0,n/a,0,-1,Paprika.png,0,0,0,170,-1,rez_paprika,n/a,GardenCropCollected,GardenCropEaten,-1
28,!!INGREDIENT_PEANUTS,9115,31,1,-1,0.5,0,n/a,0,-1,sb_item_peanuts.png,0,0,0,14,-1,peanuts,n/a,GardenCropCollected,GardenCropEaten,-1
29,!!INGREDIENT_PEPPERMINT,9116,7,1,-1,0.5,0,n/a,0,-1,sb_item_peppermint.png,0,0,0,14,-1,peppermint,n/a,GardenCropCollected,GardenCropEaten,-1
30,!!INGREDIENT_SALT,9008,15,1,-1,0.1112,0,n/a,0,-1,Salt.png,0,0,0,170,-1,rez_salt,n/a,GardenCropCollected,GardenCropEaten,-1
31,!!INGREDIENT_SHELLAC,9009,15,1,-1,0.1112,0,n/a,0,-1,Shellac.png,0,0,0,170,-1,rez_shellac,n/a,GardenCropCollected,GardenCropEaten,-1
32,!!INGREDIENT_SPACKLE,9010,15,1,-1,0.1112,0,n/a,0,-1,Spackle.png,0,0,0,170,-1,rez_spackle,n/a,GardenCropCollected,GardenCropEaten,-1
33,!!INGREDIENT_SUGAR,9107,7,1,-1,0.5,0,n/a,0,-1,sb_item_sugar.png,0,0,0,14,-1,sugar,n/a,GardenCropCollected,GardenCropEaten,-1
34,!!INGREDIENT_TUMERIC,9011,15,1,-1,0.1112,0,n/a,0,-1,Tumeric.png,0,0,0,170,-1,rez_tumeric,n/a,GardenCropCollected,GardenCropEaten,-1
35,!!INGREDIENT_VANILLA,9117,7,1,-1,0.5,0,n/a,0,-1,sb_item_vanilla.png,0,0,0,14,-1,vanilla,n/a,GardenCropCollected,GardenCropEaten,-1
36,!!INGREDIENT_WHIPPED_CREAM,9118,60,1,-1,0.5,0,n/a,0,-1,sb_item_whippedcream.png,0,0,0,14,-1,whipped_cream,n/a,GardenCropCollected,GardenCropEaten,-1
37,!!INGREDIENT_CAN,9300,10,1,-1,0.33,0,n/a,0,-1,Can.png,0,0,0,999,-1,can,n/a,SoupItemCollected,SoupItemEaten,-1
38,!!INGREDIENT_MILK,9301,15,1,-1,0.2,0,n/a,0,-1,Milk.png,0,0,0,999,-1,milk,n/a,SoupItemCollected,SoupItemEaten,-1
39,!!INGREDIENT_MARBLES,9021,-1,1,-1,0.1112,0,n/a,0,-1,Marbles.png,0,0,0,170,-1,marbles,n/a,GardenCropCollected,GardenCropEaten,-1
40,!!INGREDIENT_PAINT,9022,-1,1,-1,0.1112,0,n/a,0,-1,Paint.png,0,0,0,170,-1,paint,n/a,GardenCropCollected,GardenCropEaten,-1
41,!!INGREDIENT_ELASTIC,9400,-1,1,-1,0.1112,0,n/a,0,-1,Elastic.png,0,0,0,170,-1,paint,n/a,GardenCropCollected,GardenCropEaten,-1
42,!!INGREDIENT_SEQUINS,9401,-1,1,-1,0.1112,0,n/a,0,-1,Sequins.png,0,0,0,170,-1,paint,n/a,GardenCropCollected,GardenCropEaten,-1
43,!!INGREDIENT_SPIRIT_GUM,9402,-1,1,-1,0.1112,0,n/a,0,-1,SpiritGum.png,0,0,0,170,-1,paint,n/a,GardenCropCollected,GardenCropEaten,-1
44,!!INGREDIENT_TERRYCLOTH,9403,-1,1,-1,0.1112,0,n/a,0,-1,TerryCloth.png,0,0,0,170,-1,paint,n/a,GardenCropCollected,GardenCropEaten,-1
45,!!FOOD_CANNED_MILK,9302,20,1,240,0.1,1,n/a,0,-1,CannedMilk.png,0,0,0,999,-1,canned_milk,n/a,SoupItemCollected,SoupItemEaten,-1
46,!!FOOD_CANNED_BREAD,9303,25,1,240,0.1,1,n/a,0,-1,CannedBread.png,0,0,0,999,-1,canned_bread,n/a,SoupItemCollected,SoupItemEaten,-1
47,!!FOOD_SQUIDFLAKES,9304,32,1,420,0.1,1,n/a,0,-1,Squidflakes.png,0,0,0,999,-1,squidflakes,n/a,SoupItemCollected,SoupItemEaten,-1
48,!!FOOD_KRABBY_NEWBURG,9404,100,1,21600,0.1,1,n/a,0,-1,KrabbyNewburg.png,0,0,0,999,-1,rez_krabby_newburg,n/a,SoupItemCollected,SoupItemEaten,-1
49,!!FOOD_APPLE,10001,70,1,-1,0.04546,0,n/a,0,-1,Apple.png,0,0,0,999,-1,rez_apple,n/a,GardenCropCollected,GardenCropEaten,-1
50,!!FOOD_APPLE_CIDER,9120,147,1,22680,0.1112,1,n/a,0,-1,sb_item_applecider.png,0,0,0,170,-1,apple_cider,n/a,GrilledItemCollected,GrilledItemEaten,-1
51,!!FOOD_BAKED_BANANABANANABREAD,80000,118,1,600,0.01887,1,n/a,0,-1,BananaBananaBread.png,0,0,0,999,-1,rez_baked_bananabananabread,n/a,BakedItemCollected,BakedItemEaten,-1
52,!!FOOD_BAKED_CHERRIESGARY,80001,231,1,1620,0.00488,1,n/a,0,-1,CherriesGary.png,0,0,0,999,-1,rez_baked_cherriesgary,n/a,BakedItemCollected,BakedItemEaten,-1
53,!!FOOD_BAKED_COCONUTCOBBLER,80002,472,1,43200,0.00234,1,n/a,0,-1,CoconutCobbler.png,0,0,0,999,-1,rez_baked_coconutcobbler,n/a,BakedItemCollected,BakedItemEaten,-1
54,!!FOOD_BAKED_CORALCRUMBLE,80003,111,1,600,0.01137,0,n/a,0,-1,CoralCrumbleCake.png,0,0,0,999,-1,rez_baked_coralcrumble,n/a,BakedItemCollected,BakedItemEaten,-1
55,!!FOOD_BAKED_DUTCHMANSDUTCHAPPLEPIE,80004,96,1,3240,0.01539,1,n/a,0,-1,Dutchman'sDutchPie.png,0,0,0,999,-1,rez_baked_dutchmansdutchapplepie,n/a,BakedItemCollected,BakedItemEaten,-1
56,!!FOOD_BAKED_EVERYVILLAINISLEMONBAR,80005,194,1,3240,0.00439,1,n/a,0,-1,EveryVillianIsLemonBar.png,0,0,0,999,-1,rez_baked_everyvillainislemonbar,n/a,BakedItemCollected,BakedItemEaten,-1
57,!!FOOD_BAKED_FERRYCHERRYCHEESECAKE,80006,260,1,5400,0.00433,1,n/a,0,-1,FerryCherryCheesecake.png,0,0,0,999,-1,rez_baked_ferrycherrycheesecake,n/a,BakedItemCollected,BakedItemEaten,-1
58,!!FOOD_BAKED_KELPYCRUST,80007,74,1,1080,0.03125,0,n/a,0,-1,KelpyCrust.png,0,0,0,999,-1,rez_baked_kelpycrust,n/a,BakedItemCollected,BakedItemEaten,-1
59,!!FOOD_BAKED_LIFESABEACHPEACHCOBBLER,80008,442,1,5400,0.00203,1,n/a,0,-1,PeachCobbler.png,0,0,0,999,-1,rez_baked_lifesabeachoeachcobbler,n/a,BakedItemCollected,BakedItemEaten,-1
60,!!FOOD_BAKED_MAROONEDMACAROONS,80009,139,1,10800,0.00521,1,n/a,0,-1,MaroonedMacaroon.png,0,0,0,999,-1,rez_baked_maroonedmacaroons,n/a,BakedItemCollected,BakedItemEaten,-1
61,!!FOOD_BAKED_MERINGUELEMANRAY,80010,314,1,21600,0.00263,1,n/a,0,-1,MeringueLeManRayPie.png,0,0,0,999,-1,rez_baked_meringuelemanray,n/a,BakedItemCollected,BakedItemEaten,-1
62,!!FOOD_BAKED_PUFFERPASTRYTART,80011,252,1,21600,0.00572,1,n/a,0,-1,PufferPastryTart.png,0,0,0,999,-1,rez_baked_pufferpastrytart,n/a,BakedItemCollected,BakedItemEaten,-1
63,!!FOOD_BAKED_SANDYSTEXASTWOBERRYTART,80012,206,1,21600,0.00962,1,n/a,0,-1,SandysTexasTwoBerryTart.png,0,0,0,999,-1,rez_baked_sandystexastwoberrytart,n/a,BakedItemCollected,BakedItemEaten,-1
64,!!FOOD_BAKED_SEALIMEPIE,80013,153,1,10800,0.00618,1,n/a,0,-1,SeaLimePie.png,0,0,0,999,-1,rez_baked_sealimepie,n/a,BakedItemCollected,BakedItemEaten,-1
65,!!FOOD_BAKED_SHELDONSSTRAWBERRYSHORTCAKE,80014,238,1,21600,0.01334,1,n/a,0,-1,Sheldon'sStrawberryShortcake.png,0,0,0,999,-1,rez_baked_sheldonsstrawberryshortcake,n/a,BakedItemCollected,BakedItemEaten,-1
66,!!FOOD_BAKED_SPONGECAKESQUAREBAKE,80015,70,1,-1,0.07693,0,n/a,0,-1,SpongeCakeSquareBake.png,0,0,0,999,-1,rez_baked_spongecakesquarebake,n/a,BakedItemCollected,BakedItemEaten,-1
67,!!FOOD_BAKED_THEAPPLEFANCYSON,80016,658,1,21600,0.00145,1,n/a,0,-1,AppleFancyson.png,0,0,0,999,-1,rez_baked_theapplefancyson,n/a,BakedItemCollected,BakedItemEaten,-1
68,!!FOOD_BANANA,10000,50,1,-1,0.112,0,n/a,0,-1,Banana.png,0,0,0,999,-1,rez_banana,n/a,GardenCropCollected,GardenCropEaten,-1
69,!!FOOD_BISQUE,28,231,1,43200,0.00926,1,n/a,0,-1,TomatoBisque.png,0,0,0,80,-1,rez_bisque,n/a,SoupItemCollected,SoupItemEaten,-1
70,!!FOOD_BLUEBERRY,10009,60,1,-1,0.11112,0,n/a,0,-1,Blueberry.png,0,0,0,999,-1,rez_blueberry,n/a,GardenCropCollected,GardenCropEaten,-1
71,!!FOOD_BREAD_PUDDING,9104,212,1,43200,0.1112,1,n/a,0,-1,sb_item_breadpudding.png,0,0,0,170,-1,bread_pudding,n/a,GrilledItemCollected,GrilledItemEaten,-1
72,!!FOOD_BRUSCHETTA,27,56,1,1620,0.077,1,n/a,0,-1,Bruschetta.png,0,0,0,100,-1,rez_brushcetta,n/a,BakedItemCollected,BakedItemEaten,-1
73,!!FOOD_BUN,6,32,1,-1,0.25,0,n/a,0,-1,Bun.png,0,0,0,10,-1,rez_bun,n/a,BakedItemCollected,BakedItemEaten,-1
74,!!FOOD_CAESAR_SALAD,31,78,1,1620,0.02273,1,n/a,0,-1,CaesarSalad.png,0,0,0,50,-1,rez_caesar_salad,n/a,VeggieItemCollected,VeggieItemEaten,-1
75,!!FOOD_CANDY_CANE,9124,134,1,21600,0.1112,1,n/a,0,-1,sb_item_candycane.png,0,0,0,170,-1,candy_cane,n/a,GrilledItemCollected,GrilledItemEaten,-1
76,!!FOOD_CANDY_HEART_ON_STICK,9205,94,1,21600,0.1112,1,n/a,0,-1,valentines_CandyHeart.png,0,0,0,170,-1,candy_heart_on_stick,n/a,GrilledItemCollected,GrilledItemEaten,-1
77,!!FOOD_CHERRY,10002,60,1,-1,0.0625,0,n/a,0,-1,Cherry.png,0,0,0,999,-1,rez_cherry,n/a,GardenCropCollected,GardenCropEaten,-1
78,!!FOOD_CHESTNUT,10010,15,1,-1,0.11112,0,n/a,0,-1,sb_item_chestnut.png,0,0,0,999,-1,rez_chestnut,n/a,GardenCropCollected,GardenCropEaten,-1
79,!!FOOD_CHOCOLATES,9201,10,1,240,0.1112,1,n/a,0,-1,valentines_Chocolates.png,0,0,0,170,-1,chocolates,n/a,GrilledItemCollected,GrilledItemEaten,-1
80,!!FOOD_CHRISTMAS_COOKIE,9119,121,1,21600,0.1112,1,n/a,0,-1,sb_item_christmas_cookie.png,0,0,0,170,-1,christmas_cookie,n/a,GrilledItemCollected,GrilledItemEaten,-1
81,!!FOOD_COCONUT,10003,150,1,-1,0.0345,0,n/a,0,-1,Coconut.png,0,0,0,999,-1,rez_coconut,n/a,GardenCropCollected,GardenCropEaten,-1
82,!!FOOD_CORALBITS,2001,55,1,-1,0.04762,0,n/a,0,-1,CoralBits.png,0,0,0,170,-1,rez_coralbits,n/a,GardenCropCollected,GardenCropEaten,-1
83,!!FOOD_COTTON_CANDY,9204,76,1,18720,0.1112,1,n/a,0,-1,valentines_CottonCandy.png,0,0,0,170,-1,cotton_candy,n/a,GrilledItemCollected,GrilledItemEaten,-1
84,!!FOOD_CRANBERRY_SAUCE,9122,108,1,15120,0.1112,1,n/a,0,-1,sb_item_cranberry_sauce.png,0,0,0,170,-1,cranberry_sauce,n/a,GrilledItemCollected,GrilledItemEaten,-1
85,!!FOOD_CROUTONS,93,17,1,480,1,0,n/a,0,-1,Crutons.png,0,0,0,16,-1,rez_croutons,n/a,BakedItemCollected,n/a,-1
86,!!FOOD_CRYJOHNNY,15,61,1,480,0.04,1,n/a,0,-1,CryingJohnny.png,0,0,0,70,-1,rez_cryjohnny,n/a,GrilledItemCollected,n/a,-1
87,!!FOOD_CUBEDKETCHUPKABOBS,95,50,1,3240,0.0278,1,n/a,0,-1,KetchupCubeSkewer.png,0,0,0,58,-1,rez_cubedketchupkabobs,n/a,GardenCropCollected,GardenCropEaten,-1
88,!!FOOD_DUTCHDOUBLE,16,79,1,1080,0.02326,1,n/a,0,-1,Dutchman'sDouble.png,0,0,0,140,-1,rez_dutchdouble,n/a,GrilledItemCollected,GrilledItemEaten,-1
89,!!FOOD_ENGLISH_TOFFEE,9125,125,1,23040,0.1112,1,n/a,0,-1,sb_item_english_toffee.png,0,0,0,170,-1,english_toffee,n/a,GrilledItemCollected,GrilledItemEaten,-1
90,!!FOOD_FUDGE,9126,147,1,22680,0.1112,1,n/a,0,-1,sb_item_fudge.png,0,0,0,170,-1,fudge,n/a,GrilledItemCollected,GrilledItemEaten,-1
91,!!FOOD_GARLIC,2002,58,1,-1,0.1112,0,n/a,0,-1,GarlicClove.png,0,0,0,170,-1,rez_garlic,n/a,GardenCropCollected,GardenCropEaten,-1
92,!!FOOD_GARLICBREAD,41,59,1,600,0.0625,1,n/a,0,-1,GarlicBread.png,0,0,0,120,-1,rez_garlicbread,n/a,BakedItemCollected,BakedItemEaten,-1
93,!!FOOD_GINGERBREAD_ELF,9121,126,1,21600,0.1112,1,n/a,0,-1,sb_item_gingerbreadman.png,0,0,0,170,-1,gingerbread_elf,n/a,GrilledItemCollected,GrilledItemEaten,-1
94,!!FOOD_HOLIDAY_CHEER,9100,6,1,0,0.1112,0,n/a,0,-1,HolidayCheer_Origin.png,1,1,1,170,-1,rez_holiday_cheer,n/a,GrilledItemCollected,GrilledItemEaten,-1
95,!!FOOD_HOT_CHOCOLATE,9123,114,1,18720,0.1112,1,n/a,0,-1,sb_item_hotchocolate.png,0,0,0,170,-1,hot_chocolate,n/a,GrilledItemCollected,GrilledItemEaten,-1
96,!!FOOD_HOTDOGROLL,1008,33,1,-1,0.25,0,n/a,0,-1,HotDogRoll.png,0,0,0,200,-1,rez_hotdogroll,n/a,BakedItemCollected,BakedItemEaten,-1
97,!!FOOD_HOT_KABOB_DOG,9600,132,1,5400,0.1112,1,n/a,0,-1,HotKabobDog.png,0,0,0,200,-1,rez_hot_kabob_dog,n/a,BakedItemCollected,BakedItemEaten,-1
98,!!FOOD_JELLIEDTOAST,96,50,1,240,0.2,1,n/a,0,-1,Toast_Jam.png,0,0,0,90,-1,rez_jelliedtoast,n/a,BakedItemCollected,BakedItemEaten,-1
99,!!FOOD_JELLYPATTY,32,50,1,240,0.0527,1,n/a,0,-1,JellyPatty.png,0,0,0,60,-1,rez_jellypatty,n/a,GrilledItemCollected,GrilledItemEaten,-1
100,!!FOOD_KELP,14,38,1,-1,0.2,0,n/a,0,-1,kelp.png,0,0,0,130,-1,rez_kelp,n/a,GardenCropCollected,GardenCropEaten,-1
101,!!FOOD_KELPCAKE,19,295,1,21600,0.00841,1,n/a,0,-1,Captain'sCajunKelpCakes.png,0,0,0,180,-1,rez_kelpcake,n/a,FriedItemCollected,FriedItemEaten,-1
102,!!FOOD_KELPDOG,21,119,1,18720,0.02,1,n/a,0,-1,KrustyDog.png,0,0,0,210,-1,rez_kelpdog,n/a,GrilledItemCollected,GrilledItemEaten,-1
103,!!FOOD_KELPFRIES,18,132,1,5400,0.015385,1,n/a,0,-1,KelpFries.png,0,0,0,190,-1,rez_kelpfries,n/a,FriedItemCollected,FriedItemEaten,-1
104,!!FOOD_KELPKLT,23,154,1,21600,0.01725,1,n/a,0,-1,KLT.png,0,0,0,160,-1,rez_kelpklt,n/a,GrilledItemCollected,GrilledItemEaten,-1
105,!!FOOD_KETCHUP,94,8,1,40,0.2,0,n/a,0,-1,KetchupPacket.png,0,0,0,17,-1,rez_ketchup,n/a,GardenCropCollected,n/a,-1
106,!!FOOD_KRABBYPATTY,1,47,1,360,0.05883,1,n/a,0,-1,KrabbyPatty.png,0,0,0,40,-1,rez_krabby_patty,n/a,GrilledItemCollected,GrilledItemEaten,-1
107,!!FOOD_LEMON,10004,100,1,-1,0.04,0,n/a,0,-1,Lemon.png,0,0,0,999,-1,rez_lemon,n/a,GardenCropCollected,GardenCropEaten,-1
108,!!FOOD_LETTUCE,8,7,1,-1,0.5,0,n/a,0,-1,Ready_Lettuce.png,0,0,0,12,-1,rez_lettuce,n/a,GardenCropCollected,GardenCropEaten,-1
109,!!FOOD_LIME,10005,140,1,-1,0.03572,0,n/a,0,-1,Lime.png,0,0,0,999,-1,rez_lime,n/a,GardenCropCollected,GardenCropEaten,-1
110,!!FOOD_MUSTARD,9020,128,1,5400,0.1112,0,n/a,0,-1,Mustard.png,0,0,0,170,-1,rez_mustard,n/a,GardenCropCollected,GardenCropEaten,-1
111,!!FOOD_ONION,12,27,1,-1,0.5,0,n/a,0,-1,onion.png,0,0,0,14,-1,rez_onion,n/a,GardenCropCollected,GardenCropEaten,-1
112,!!FOOD_ORANGE,10006,48,1,-1,0.07693,0,n/a,0,-1,Orange.png,0,0,0,999,-1,rez_orange,n/a,GardenCropCollected,GardenCropEaten,-1
113,!!FOOD_PATTY,90,12,1,120,0.5,0,n/a,0,-1,Patty.png,0,0,0,11,-1,rez_patty,n/a,GrilledItemCollected,GrilledItemEaten,-1
114,!!FOOD_PEACH,10007,160,1,-1,0.03125,0,n/a,0,-1,Peach.png,0,0,0,999,-1,rez_peach,n/a,GardenCropCollected,GardenCropEaten,-1
115,!!FOOD_PEANUT_BRITTLE,9103,83,1,10800,0.1112,1,n/a,0,-1,sb_item_peanutbrittle.png,0,0,0,170,-1,peanut_brittle,n/a,GrilledItemCollected,GrilledItemEaten,-1
116,!!FOOD_PICODEGALLO,97,63,1,600,0.03572,1,n/a,0,-1,PicoDeGallo.png,0,0,0,110,-1,rez_picodegallo,n/a,GardenCropCollected,GardenCropEaten,-1
117,!!FOOD_PIPSQUEAKPATTY,99,31,1,360,0.1,1,n/a,0,-1,PipsqueakPatty.png,0,0,0,20,-1,rez_pipsqueak_patty,n/a,GrilledItemCollected,GrilledItemEaten,-1
118,!!FOOD_POPCORN,9202,59,1,600,0.1112,1,n/a,0,-1,valentines_popcorn.png,0,0,0,170,-1,popcorn,n/a,GrilledItemCollected,GrilledItemEaten,-1
119,!!FOOD_POTATO,13,47,1,-1,0.1429,0,n/a,0,-1,potato.png,0,0,0,170,-1,rez_potato,n/a,GardenCropCollected,GardenCropEaten,-1
120,!!FOOD_ROASTED_CHESTNUT,9102,89,1,5400,0.1112,1,n/a,0,-1,sb_item_roasted_chestnuts.png,0,0,0,170,-1,roasted_chestnut,n/a,GrilledItemCollected,GrilledItemEaten,-1
121,!!FOOD_RUSTYS_SPICY_SPACKLE_SAUCE,9017,87,1,10800,0.1112,0,n/a,0,-1,SpiceySpackleSauce.png,0,0,0,170,-1,rez_spicy_spackle_sauce,n/a,GardenCropCollected,GardenCropEaten,-1
122,!!INGREDIENT_DRIFTWOOD,9004,15,1,300,0.1112,1,n/a,0,-1,Driftwood.png,0,0,0,170,-1,rez_driftwood,n/a,GardenCropCollected,GardenCropEaten,-1
123,!!FOOD_RUSTYS_RIBEYE_SANDWICH,9019,270,1,21600,0.1112,1,n/a,0,-1,RibEyeSandwich.png,0,0,0,170,-1,rez_ribeye_sandwich,n/a,GrilledItemCollected,GrilledItemEaten,-1
124,!!FOOD_RUSTYS_RUSTY_ON_RYE,9016,130,1,5400,0.1112,1,n/a,0,-1,RustyOnRye.png,0,0,0,1,-1,rez_rusty_on_rye,n/a,GrilledItemCollected,GrilledItemEaten,-1
125,!!FOOD_RUSTYS_BARK_CHOP_SANDWICH,9000,114,1,18720,0.1112,1,n/a,0,-1,BarkChopSandwich.png,0,0,0,170,-1,rez_bark_chop_sandwich,n/a,GrilledItemCollected,GrilledItemEaten,-1
126,!!FOOD_RUSTYS_MESQUITE_RIBS,9014,166,1,18720,0.1112,1,n/a,0,-1,MesquiteRoastedRibs.png,0,0,0,170,-1,rez_mesquite_ribs,n/a,GrilledItemCollected,GrilledItemEaten,-1
127,!!FOOD_RUSTYS_BARKING_BRISKET,9001,170,1,21600,0.1112,1,n/a,0,-1,BarkingMadBrisket.png,0,0,0,170,-1,rez_barking_brisket,n/a,GrilledItemCollected,GrilledItemEaten,-1
128,!!FOOD_RUSTYS_SPLINTERED_SLAW,9018,210,1,21600,0.1112,1,n/a,0,-1,SplinteredSlaw.png,0,0,0,170,-1,rez_spilintered_slaw,n/a,GardenCropCollected,GardenCropEaten,-1
129,!!FOOD_RUSTYS_PULLED_PULP_SANDWICH,9015,220,1,21600,0.1112,1,n/a,0,-1,PulledPulpSandwich.png,0,0,0,170,-1,rez_pulled_pulp_sandwich,n/a,GrilledItemCollected,GrilledItemEaten,-1
130,!!FOOD_EYEBALLS,9023,230,1,43200,0.1112,1,n/a,0,-1,Spookify_EyeballsRecipe.png,0,0,0,1,-1,eyeballs,n/a,GardenCropCollected,GardenCropEaten,-1
131,!!FOOD_SALAD,46,13,1,315,0.2,1,n/a,0,-1,Salad.png,0,0,0,30,-1,rez_salad,n/a,VeggieItemCollected,VeggieItemEaten,-1
132,!!FOOD_SAUERKRAUT,100,220,1,21600,0.00841,1,n/a,0,-1,Sauerkraut.png,0,0,0,180,-1,rez_sauerkraut,n/a,SoupItemCollected,SoupItemEaten,-1
133,!!FOOD_SEAWEEDSALAD,22,63,1,600,0.02084,1,n/a,0,-1,SeaweedSalad.png,0,0,0,150,-1,rez_seaweedsalad,n/a,VeggieItemCollected,VeggieItemEaten,-1
134,!!FOOD_SNICKERDOODLE,9101,25,1,240,0.1112,1,n/a,0,-1,sb_item_snickerdoodle.png,0,0,0,170,-1,snickerdoodle,n/a,GrilledItemCollected,GrilledItemEaten,-1
135,!!FOOD_STRAWBERRY,10008,48,1,-1,0.14286,0,n/a,0,-1,Strawberry.png,0,0,0,999,-1,rez_strawberry,n/a,GardenCropCollected,GardenCropEaten,-1
136,!!FOOD_SUGAR_PLUM,9127,174,1,43200,0.1112,1,n/a,0,-1,sb_item_sugar_plum.png,0,0,0,170,-1,sugar_plum,n/a,GrilledItemCollected,GrilledItemEaten,-1
137,!!FOOD_TOAST,92,19,1,240,0.35,1,n/a,0,-1,Toast.png,0,0,0,15,-1,rez_toast,n/a,BakedItemCollected,BakedItemEaten,-1
138,!!FOOD_TOMATO,10,6,1,-1,0.5,0,n/a,0,-1,Ready_Tomato.png,0,0,0,13,-1,rez_tomato,n/a,GardenCropCollected,GardenCropEaten,-1
139,!!FOOD_TRUFFLES,9203,70,1,10800,0.1112,1,n/a,0,-1,valentines_Truffles.png,0,0,0,170,-1,truffles,n/a,GrilledItemCollected,GrilledItemEaten,-1
140,!!FOOD_VANILLA,2000,52,1,-1,0.1112,0,n/a,0,-1,VanillaBean.png,0,0,0,170,-1,rez_vanilla,n/a,GardenCropCollected,GardenCropEaten,-1
141,!!FOOD_VEGGIEPATTY,40,34,1,360,0.05264,1,n/a,0,-1,VeggiePatty.png,0,0,0,59,-1,rez_veggiepatty,n/a,GrilledItemCollected,GrilledItemEaten,-1
142,!!FOOD_YULE_LOG_CAKE,9105,213,1,21600,0.1112,1,n/a,0,-1,sb_item_yule_log_cake.png,0,0,0,170,-1,yule_log_cake,n/a,GrilledItemCollected,GrilledItemEaten,-1
143,!!ICECREAM_BANANA,40000,88,1,1080,0.02326,1,n/a,0,-1,BananaIceCream.png,0,0,0,999,-1,rez_icecream_banana,n/a,GardenCropCollected,IceCreamEaten,-1
144,!!ICECREAM_BANANA_SPLIT,40001,264,1,1080,0.00451,1,n/a,0,-1,BananaSplit.png,0,0,0,999,-1,rez_icecream_banana_split,n/a,GardenCropCollected,IceCreamEaten,-1
145,!!ICECREAM_BERRY_SCOOPS,40002,76,1,600,0.02326,1,n/a,0,-1,BerryScoopsIceCream.png,0,0,0,999,-1,rez_icecream_berry_scoops,n/a,GardenCropCollected,IceCreamEaten,-1
146,!!ICECREAM_CARAMEL,40003,38,1,600,0.16667,1,n/a,0,-1,CaramelIceCream.png,0,0,0,999,-1,rez_icecream_caramel,n/a,GardenCropCollected,IceCreamEaten,-1
147,!!ICECREAM_CORAL_BITS,40004,141,1,1620,0.00962,1,n/a,0,-1,CoralBitsIceCream.png,0,0,0,999,-1,rez_icecream_coralbits,n/a,GardenCropCollected,IceCreamEaten,-1
148,!!ICECREAM_LEMON_GELATO,40005,91,1,1620,0.00926,1,n/a,0,-1,LemonGelatoIceCream.png,0,0,0,999,-1,rez_icecream_lemongelato,n/a,GardenCropCollected,IceCreamEaten,-1
149,!!ICECREAM_SEASALT,40006,38,1,600,0.16667,1,n/a,0,-1,SeaSaltIceCream.png,0,0,0,999,-1,rez_icecream_seasalt,n/a,GardenCropCollected,IceCreamEaten,-1
150,!!ICECREAM_STRAWBERRY,40007,74,1,1080,0.028572,1,n/a,0,-1,StrawberryIceCream.png,0,0,0,999,-1,rez_icecream_strawberry,n/a,GardenCropCollected,IceCreamEaten,-1
151,!!ICECREAM_VANILLA,40008,88,1,1080,0.02326,1,n/a,0,-1,VanillaIceCream.png,0,0,0,999,-1,rez_icecream_vanilla,n/a,GardenCropCollected,IceCreamEaten,-1
152,!!JUICE_APPLE,20000,83,1,360,0.0112,1,n/a,0,-1,AppleJuice.png,0,0,0,999,-1,rez_juice_applejuice,n/a,GardenCropCollected,LiquidSlurp,-1
153,!!JUICE_LEMONADE,20001,86,1,480,0.00962,1,n/a,0,-1,Lemonade.png,0,0,0,999,-1,rez_juice_lemonade,n/a,GardenCropCollected,LiquidSlurp,-1
154,!!JUICE_LIMEADE,20002,90,1,864,0.0085,1,n/a,0,-1,Limeade.png,0,0,0,999,-1,rez_juice_limeade,n/a,GardenCropCollected,LiquidSlurp,-1
155,!!JUICE_ORANGE,20003,70,1,420,0.0189,1,n/a,0,-1,OrangeJuice.png,0,0,0,999,-1,rez_juice_orangejuice,n/a,GardenCropCollected,LiquidSlurp,-1
156,!!JUICE_PEACHNECTAR,20004,95,1,1620,0.00736,1,n/a,0,-1,PeachNectar.png,0,0,0,999,-1,rez_juice_peachnectar,n/a,GardenCropCollected,LiquidSlurp,-1
157,!!SHAKE_BANANAS_N_BITS,50000,312,1,43200,0.00559,1,n/a,0,-1,BananasandBitsMilkshake.png,0,0,0,999,-1,rez_shake_bananasnbits,n/a,GardenCropCollected,LiquidSlurp,-1
158,!!SHAKE_BERRY_BLISS,50001,188,1,21600,0.009091,1,n/a,0,-1,BerryBlissMilkshake.png,0,0,0,999,-1,rez_shake_berrybliss,n/a,GardenCropCollected,LiquidSlurp,-1
159,!!SHAKE_CORAL_CRUSH,50002,353,1,21600,0.00424,1,n/a,0,-1,CoralCrushMilkshake.png,0,0,0,999,-1,rez_shake_chocolatecrush,n/a,GardenCropCollected,LiquidSlurp,-1
160,!!SHAKE_FRUTIY_BREEZE,50003,138,1,3240,0.011236,1,n/a,0,-1,FruityBreezeMilkshake.png,0,0,0,999,-1,rez_shake_fruitybreeze,n/a,GardenCropCollected,LiquidSlurp,-1
161,!!SHAKE_SALTY_BANANA,50004,94,1,600,0.01887,1,n/a,0,-1,SaltyBananaMilkshake.png,0,0,0,999,-1,rez_shake_saltybanana,n/a,GardenCropCollected,LiquidSlurp,-1
162,!!SHAKE_STRAWBERRY_RIPTIDE,50005,119,1,1620,0.012821,1,n/a,0,-1,StrawberryRiptideMilkshake.png,0,0,0,999,-1,rez_shake_strawberryriptide,n/a,GardenCropCollected,LiquidSlurp,-1
163,!!SHAKE_TARTBERRY_TWIST,50006,158,1,15120,0.006135,1,n/a,0,-1,TartberryTwistMilkshake.png,0,0,0,999,-1,rez_shake_tartberrytwist,n/a,GardenCropCollected,LiquidSlurp,-1
164,!!SHAKE_VANILLA_BLAST,50007,162,1,5400,0.00991,1,n/a,0,-1,VanillaBlastMilkshake.png,0,0,0,999,-1,rez_shake_vanillablast,n/a,GardenCropCollected,LiquidSlurp,-1
165,!!SMOOTHIE_BANANA_BREAKER,30000,200,1,21600,0.00962,1,n/a,0,-1,BananaBreakerSmoothie.png,0,0,0,999,-1,rez_smoothie_banana_breaker,n/a,GardenCropCollected,LiquidSlurp,-1
166,!!SMOOTHIE_BERRY_BLAST,30001,123,1,18720,0.0164,1,n/a,0,-1,BerryBlastSmoothie.png,0,0,0,999,-1,rez_smoothie_berry_blast,n/a,GardenCropCollected,LiquidSlurp,-1
167,!!SMOOTHIE_CHERRY_SLURVEY,30002,110,1,5400,0.0127,1,n/a,0,-1,CherrySlurveySmoothie.png,0,0,0,999,-1,rez_smoothie_cherry_slurvey,n/a,GardenCropCollected,LiquidSlurp,-1
168,!!SMOOTHIE_CHERRYADE_CHILLER,30003,190,1,3240,0.00399,1,n/a,0,-1,CherryAideChillerSmoothie.png,0,0,0,999,-1,rez_smoothie_cherryade_chiller,n/a,GardenCropCollected,LiquidSlurp,-1
169,!!SMOOTHIE_CITRUS_SLURVEY,30004,630,1,21600,0.001038,1,n/a,0,-1,CitrusSlurveySmoothie.png,0,0,0,999,-1,rez_smoothie_citrus_slurvey,n/a,GardenCropCollected,LiquidSlurp,-1
170,!!SMOOTHIE_HANG_8,30005,425,1,1620,0.00137,1,n/a,0,-1,Hang8Smoothie.png,0,0,0,999,-1,rez_smoothie_hang_8,n/a,GardenCropCollected,LiquidSlurp,-1
171,!!SMOOTHIE_LIQUID_COBBLER,30006,375,1,43200,0.002142,1,n/a,0,-1,LiquidCobblerSmoothie.png,0,0,0,999,-1,rez_smoothie_liquid_cobbler,n/a,GardenCropCollected,LiquidSlurp,-1
172,!!SMOOTHIE_NANNAS_C_SERENADE,30007,155,1,1620,0.00758,1,n/a,0,-1,NanasCSerenadeSmoothie.png,0,0,0,999,-1,rez_smoothie_nannas_c_serenade,n/a,GardenCropCollected,LiquidSlurp,-1
173,!!SMOOTHIE_ORANGE_NUT,30008,147,1,600,0.00234,1,n/a,0,-1,OrangeNutSmoothie.png,0,0,0,999,-1,rez_smoothie_orange_nut,n/a,GardenCropCollected,LiquidSlurp,-1
174,!!SMOOTHIE_STRAWBERRY_SQUEEZE,30009,193,1,5400,0.00422,1,n/a,0,-1,StrawberrySqueezeSmoothie.png,0,0,0,999,-1,rez_smoothie_strawberry_squeeze,n/a,GardenCropCollected,LiquidSlurp,-1
175,!!SMOOTHIE_STRAWNANA_TSUNAMI,30010,93,1,3240,0.02326,1,n/a,0,-1,StrawberryTsunamiSmoothie.png,0,0,0,999,-1,rez_smoothie_strawnana_tsunami,n/a,GardenCropCollected,LiquidSlurp,-1
176,!!SMOOTHIE_WANNANANA,30011,87,1,600,0.025,1,n/a,0,-1,WanananaSmoothie.png,0,0,0,999,-1,rez_smoothie_wannanana,n/a,GardenCropCollected,LiquidSlurp,-1
177,!!BOUQUET_FLOWERCORAL_BUNCHOBRANCHES,60016,400,1,5400,0.00834,1,n/a,0,-1,BunchOBranchesBouquet.png,0,0,0,999,-1,rez_bouquet_flowercoral_bunchobranches,n/a,GardenCropCollected,FlowersGiven,-1
178,!!BOUQUET_FLOWERCORAL_CORALPARADISE,60018,514,1,43200,0.00752,1,n/a,0,-1,CoralParadiseBouquet.png,0,0,0,999,-1,rez_bouquet_flowercoral_coralparadise,n/a,GardenCropCollected,FlowersGiven,-1
179,!!BOUQUET_FLOWERCORAL_CUPCORALTREE,60017,462,1,21600,0.00794,1,n/a,0,-1,CupCoralTreeBouquet.png,0,0,0,999,-1,rez_bouquet_flowercoral_cupcoraltree,n/a,GardenCropCollected,FlowersGiven,-1
180,!!BOUQUET_FLOWERCORAL_CUPN2FLOWERS,60015,153,1,10800,0.02084,1,n/a,0,-1,CupN2Flowers.png,0,0,0,999,-1,rez_bouquet_flowercoral_cupn2flowers,n/a,GardenCropCollected,FlowersGiven,-1
181,!!BOUQUET_FLOWERCORAL_FRIENDLYFLOWER,60014,180,1,3240,0.01961,1,n/a,0,-1,FriendlyFlowerBouquet.png,0,0,0,999,-1,rez_bouquet_flowercoral_friendlyflower,n/a,GardenCropCollected,FlowersGiven,-1
182,!!FLOWERCORAL_BRANCHCORAL,60000,110,1,-1,0.04762,0,n/a,0,-1,BranchCoral.png,0,0,0,999,-1,rez_flowercoral_branchcoral,n/a,GardenCropCollected,GardenCropEaten,-1
183,!!FLOWERCORAL_CUPCORAL,60001,77,1,-1,0.07143,0,n/a,0,-1,CupCoralFlower.png,0,0,0,999,-1,rez_flowercoral_cupcoral,n/a,GardenCropCollected,GardenCropEaten,-1
184,!!FLOWERCORAL_FLOWER,60002,55,1,-1,0.125,0,n/a,0,-1,Flower.png,0,0,0,999,-1,rez_flowercoral_flower,n/a,GardenCropCollected,GardenCropEaten,-1
185,!!FLOWERCORAL_STINKYSEAROSE,60003,190,1,-1,0.02858,0,n/a,0,-1,StinkingSeaRose.png,0,0,0,999,-1,rez_flowercoral_stinkysearose,n/a,GardenCropCollected,GardenCropEaten,-1
186,!!FLOWERCORAL_TUBECORAL,60004,157,1,-1,0.03449,0,n/a,0,-1,TubeCoral.png,0,0,0,999,-1,rez_flowercoral_tubecoral,n/a,GardenCropCollected,GardenCropEaten,-1
187,!!PERFUME_4OFCUPS,70000,243,1,600,0.01667,1,n/a,0,-1,Perfume1.png,0,0,0,999,-1,rez_perfume_4ofcups,n/a,GardenCropCollected,PerfumeGiven,-1
188,!!PERFUME_CAPSIZEFORHER,70001,215,1,1620,0.019231,1,n/a,0,-1,Perfume2.png,0,0,0,999,-1,rez_perfume_capsizeforher,n/a,GardenCropCollected,PerfumeGiven,-1
189,!!PERFUME_CAPSIZEFORHIM,70002,490,1,3240,0.009175,1,n/a,0,-1,CapsizeForHim.png,0,0,0,999,-1,rez_perfume_capsizeforhim,n/a,GardenCropCollected,PerfumeGiven,-1
190,!!PERFUME_CORALBREEZE,70005,320,1,5400,0.01266,1,n/a,0,-1,Perfume3.png,0,0,0,999,-1,rez_perfume_coralbreeze,n/a,GardenCropCollected,PerfumeGiven,-1
191,!!PERFUME_FISHERMANSFLOWERS,70006,184,1,3240,0.02326,1,n/a,0,-1,Perfume4.png,0,0,0,999,-1,rez_perfume_fishermansflowers,n/a,GardenCropCollected,PerfumeGiven,-1
192,!!PERFUME_LAMPREYAWAY,70007,240,1,43200,0.01471,1,n/a,0,-1,LampreyAway.png,0,0,0,999,-1,rez_perfume_lampreyaway,n/a,GardenCropCollected,PerfumeGiven,-1
193,!!PERFUME_SCENTOSAILOR,70008,636,1,15120,0.007353,1,n/a,0,-1,ScentOSailor.png,0,0,0,999,-1,rez_perfume_scentosailor,n/a,GardenCropCollected,PerfumeGiven,-1
194,!!PERFUME_SEASHANTY,70009,810,1,21600,0.006098,1,n/a,0,-1,SeaShanty.png,0,0,0,999,-1,rez_perfume_seashanty,n/a,GardenCropCollected,PerfumeGiven,-1
195,!!PERFUME_THATSSOCORAL,70010,558,1,21600,0.008065,1,n/a,0,-1,Perfume6.png,0,0,0,999,-1,rez_perfume_thatssocoral,n/a,GardenCropCollected,PerfumeGiven,-1
196,!!PERFUME_THEDUMP,70011,788,1,21600,0.006411,1,n/a,0,-1,TheDump.png,0,0,0,999,-1,rez_perfume_thedump,n/a,GardenCropCollected,PerfumeGiven,-1
197,!!DECO_FLOWERCORAL_BLISSGARDEN,60005,-1,1,-1,0.001,0,n/a,0,-1,Flowers_blue.png,0,0,0,999,-1,rez_deco_flowercoral_blissgarden,n/a,GardenCropCollected,GardenCropEaten,-1
198,!!DECO_FLOWERCORAL_BRANCHCORALBOUQUET,60006,-1,1,-1,0.001,0,n/a,0,-1,Flowers_blue.png,0,0,0,999,-1,rez_deco_flowercoral_branchcoralbouquet,n/a,GardenCropCollected,GardenCropEaten,-1
199,!!DECO_FLOWERCORAL_CORALCASTLE,60007,-1,1,-1,0.001,0,n/a,0,-1,Flowers_blue.png,0,0,0,999,-1,rez_deco_flowercoral_coralcastle,n/a,GardenCropCollected,GardenCropEaten,-1
200,!!DECO_FLOWERCORAL_CUPCORALBED,60008,-1,1,-1,0.001,0,n/a,0,-1,Flowers_blue.png,0,0,0,999,-1,rez_deco_flowercoral_cupcoralbed,n/a,GardenCropCollected,GardenCropEaten,-1
201,!!DECO_FLOWERCORAL_FLOWERBED,60009,-1,1,-1,0.001,0,n/a,0,-1,Flowers_blue.png,0,0,0,999,-1,rez_deco_flowercoral_flowerbed,n/a,GardenCropCollected,GardenCropEaten,-1
202,!!DECO_FLOWERCORAL_REEFPATCH,60010,-1,1,-1,0.001,0,n/a,0,-1,Flowers_blue.png,0,0,0,999,-1,rez_deco_flowercoral_reefpatch,n/a,GardenCropCollected,GardenCropEaten,-1
203,!!DECO_FLOWERCORAL_SMELLYMEDLEY,60011,-1,1,-1,0.001,0,n/a,0,-1,Flowers_blue.png,0,0,0,999,-1,rez_deco_flowercoral_smellymedly,n/a,GardenCropCollected,GardenCropEaten,-1
204,!!DECO_FLOWERCORAL_STINKYSEACOLLECTION,60012,-1,1,-1,0.001,0,n/a,0,-1,Flowers_blue.png,0,0,0,999,-1,rez_deco_flowercoral_stinkyseacollection,n/a,GardenCropCollected,GardenCropEaten,-1
205,!!DECO_FLOWERCORAL_TUBESQUARE,60013,-1,1,-1,0.001,0,n/a,0,-1,Flowers_blue.png,0,0,0,999,-1,rez_deco_flowercoral_tubesquare,n/a,GardenCropCollected,GardenCropEaten,-1
206,!!FOOD_JENNYS_NUMBER,8675309,-1,1,-1,1,0,n/a,0,-1,SandyPortrait.png,0,0,0,10,-1,rez_bun,n/a,BakedItemCollected,BakedItemEaten,-1
207,!!FOOD_6NUGGETS,17,5,1,120,0.001,1,n/a,0,-1,Neptune'sNuggets.png,0,0,0,999,-1,rez_6nuggets,n/a,FriedItemCollected,FriedItemEaten,-1
208,!!FOOD_BREADBOWL,38,-1,1,-1,0.01,0,n/a,0,-1,BreadBowl.png,0,0,0,-1,-1,rez_breadbowl,n/a,BakedItemCollected,BakedItemEaten,-1
209,!!FOOD_CARPFREEKP,50,-1,1,120,0.001,0,n/a,0,-1,Captain'sCajunKelpCakes.png,0,0,0,999,-1,rez_carpfreekp,n/a,GrilledItemCollected,GrilledItemEaten,-1
210,!!FOOD_DELIROLL,37,-1,1,-1,0.001,0,n/a,0,-1,DeliRoll.png,0,0,0,-1,-1,rez_deliroll,n/a,BakedItemCollected,BakedItemEaten,-1
211,!!FOOD_FOOTLONG,45,-1,1,120,0.001,0,n/a,0,-1,FootlongHotDog.png,0,0,0,999,-1,rez+footlong,n/a,GrilledItemCollected,GrilledItemEaten,-1
212,!!FOOD_FRENCHBREAD,34,-1,1,-1,0.33,0,n/a,0,-1,GarlicBread.png,0,0,0,-1,-1,rez_frenchbread,n/a,BakedItemCollected,BakedItemEaten,-1
213,!!FOOD_GNOCCHI,26,5,1,120,0.001,1,n/a,0,-1,MarinaraGnocchi.png,0,0,0,999,-1,rez_gnocchi,n/a,BakedItemCollected,BakedItemEaten,-1
214,!!FOOD_HUSHPUPPY,30,5,1,120,0.001,1,n/a,0,-1,HushPuppies.png,0,0,0,999,-1,rez_hushpuppy,n/a,FriedItemCollected,FriedItemEaten,-1
215,!!FOOD_KELPJERKY,24,5,1,120,0.001,1,n/a,0,-1,KelpJerky.png,0,0,0,999,-1,rez_kelpjerky,n/a,FriedItemCollected,FriedItemEaten,-1
216,!!FOOD_KELPRINGS,20,5,1,360,0.001,1,n/a,0,-1,KelpRings.png,0,0,0,999,-1,rez_kelprings,n/a,FriedItemCollected,FriedItemEaten,-1
217,!!FOOD_SAILORS,25,120,1,120,0.001,1,n/a,0,-1,SailorsSurprise.png,0,0,0,999,-1,rez_sailors,n/a,SoupItemCollected,SoupItemEaten,-1
218,!!FOOD_SALSATACO,29,5,1,120,0.001,1,n/a,0,-1,SalsaTacos.png,0,0,0,999,-1,rez_salsataco,n/a,VeggieItemCollected,VeggieItemEaten,-1
219,!!FOOD_TORTILLA,35,-1,1,-1,0.25,0,n/a,0,-1,Tortillas.png,0,0,0,-1,-1,rez_tortilla,n/a,BakedItemCollected,BakedItemEaten,-1
220,!!FOOD_TOSTADA,43,-1,1,-1,0.001,0,n/a,0,-1,Tostada.png,0,0,0,-1,-1,rez_tostada,n/a,VeggieItemCollected,VeggieItemEaten,-1
221,!!FOOD_ULTIMATEANEMONE,42,-1,1,120,0.001,0,n/a,0,-1,GarlicBread.png,0,0,0,999,-1,rez_ult_anemone,n/a,FriedItemCollected,FriedItemEaten,-1
222,!!FOOD_VEGGIEWRAP,44,-1,1,120,0.001,0,n/a,0,-1,VeggieWrap.png,0,0,0,999,-1,rez_veggiewrap,n/a,VeggieItemCollected,VeggieItemEaten,-1
223,!!PERFUME_CHUMODERANT,70003,5,1,21600,0.001,1,n/a,0,-1,RecipeIcon.png,0,0,0,999,-1,rez_perfume_chumoderant,n/a,GardenCropCollected,PerfumeGiven,-1
224,!!PERFUME_CHUMSNIFF,70004,5,1,120,0.001,1,n/a,0,-1,RecipeIcon.png,0,0,0,999,-1,rez_perfume_chumsniff,n/a,GardenCropCollected,PerfumeGiven,-1
225,!!INGREDIENT_CHUM_CHUNKS,9500,0,1,1800,0.1112,0,n/a,0,-1,ChumChunks.png,0,0,0,999,-1,rez_chum_chunks,n/a,GrilledItemCollected,GrilledItemEaten,-1
226,!!INGREDIENT_CHUM_PATTY,9501,0,1,3600,0.1112,0,n/a,0,-1,ChumPatty.png,0,0,0,999,-1,rez_chum_patty,n/a,GrilledItemCollected,GrilledItemEaten,-1
227,!!INGREDIENT_CHUM_SLURRY,9502,0,1,7200,0.1112,0,n/a,0,-1,ChumSlurry.png,0,0,0,999,-1,rez_chum_slurry,n/a,GrilledItemCollected,GrilledItemEaten,-1
228,!!INGREDIENT_CHUM_GREASE,9503,0,1,14400,0.1112,0,n/a,0,-1,ChumGrease.png,0,0,0,999,-1,rez_chum_grease,n/a,FriedItemCollected,FriedItemEaten,-1
229,!!FOOD_CHUM_SHAKE,9504,0,1,3600,0.1112,1,n/a,0,-1,ChumShake.png,0,0,0,999,-1,rez_chum_shake,n/a,GrilledItemCollected,GrilledItemEaten,-1
230,!!FOOD_CHUM_BURGER,9505,0,1,7200,0.1112,1,n/a,0,-1,ChumBurger.png,0,0,0,999,-1,rez_chum_burger,n/a,GrilledItemCollected,GrilledItemEaten,-1
231,!!FOOD_CHUM_FRIES,9506,0,1,14400,0.1112,1,n/a,0,-1,ChumFries.png,0,0,0,999,-1,rez_chum_fries,n/a,FriedItemCollected,FriedItemEaten,-1
232,!!FOOD_CHUMBALAYA,9507,0,1,21600,0.1112,1,n/a,0,-1,Chumbalaya.png,0,0,0,999,-1,rez_chumbalaya,n/a,GrilledItemCollected,GrilledItemEaten,-1
233,!!FOOD_CHUM_CHILI,9508,0,1,28800,0.1112,1,n/a,0,-1,ChumChili.png,0,0,0,999,-1,rez_chum_chili,n/a,GrilledItemCollected,GrilledItemEaten,-1
234,!!FOOD_CHUM_PIE,9509,0,1,43200,0.1112,1,n/a,0,-1,ChumPie.png,0,0,0,999,-1,rez_chum_pie,n/a,BakedItemCollected,BakedItemEaten,-1
235,!!FOOD_CHUM_STICK,9510,0,1,86400,0.1112,1,n/a,0,-1,ChumOnAStick.png,0,0,0,999,-1,rez_chum_stick,n/a,GrilledItemCollected,GrilledItemEaten,-1
236,!!FOOD_KRABBY_KLONE,9511,0,1,86400,0.1112,1,n/a,0,-1,KrabbyKlone.png,0,0,0,999,-1,rez_krabby_klone,n/a,GrilledItemCollected,GrilledItemEaten,-1
237,AB Tests,33,-1,1,-1,-1,0,n/a,0,-1,n/a,0,0,0,-1,1000,rez_jj_abtest,n/a,n/a,n/a,-1
238,Cheese,9,-1,1,-1,4,0,n/a,0,-1,n/a,0,0,0,-1,-1,rez_cheese,n/a,n/a,n/a,-1
239,Meat,7,-1,1,-1,2,0,n/a,0,-1,n/a,0,0,0,-1,-1,rez_meat,n/a,n/a,n/a,-1
240,Sauce,11,-1,1,-1,0.001,0,n/a,0,-1,n/a,0,0,0,-1,-1,rez_sauce,n/a,n/a,n/a,-1
